2016-09-26 22:50:16-07:00,4,0,3,1,2,7,5,6
2016-09-27 22:02:14-07:00,9,6,4,8
2016-09-28 00:12:50-07:00,9,4
2016-09-28 00:13:27-07:00,9
2017-01-12 05:46:25+01:00,12,4,10,11,0
2017-01-12 06:03:04+01:00,4
2017-01-12 06:19:16+01:00,4
2017-01-12 06:20:45+01:00,4
2017-01-12 07:03:53+01:00,0
2017-01-12 07:06:04+01:00,7
2017-01-12 08:09:00+01:00,4
2017-01-15 23:51:43+01:00,4
2017-01-15 23:53:06+01:00,0
2017-01-16 01:02:14+01:00,4
2017-02-13 18:56:51+01:00,4,12
2017-09-24 15:25:46+02:00,36,17,13,9,31,22,33,24,15,25,14,28,4,32,26,18,5,21,30,19,0,20,16,27,34,7,35,29,6,23
2017-09-24 16:01:36+02:00,9,37
2018-01-06 16:26:03+01:00,52,50,47,44,4,9,39,25,51,38,0,7,5,23,43,40,8,49,48,22,45,46,21,41,42
2018-01-07 19:31:31+01:00,38,59,62,61,23,7,50,55,25,57,63,0,24,51,54,60,58,26,56,6,52,4,53,22
2018-01-07 21:43:10+01:00,22,59,4,50,21
2018-01-13 22:49:10+01:00,58,59,4,22,7,21,65,0,64,57,50,66,61
2018-02-18 17:55:32+01:00,60,58,57,52,62,50,61,59,0,22,4,63
2018-02-18 18:11:31+01:00,7,0
2018-02-25 19:35:42+01:00,7
2018-03-26 21:49:07+02:00,22,12,4,52,58,51,60,59,61
2018-04-14 12:52:47+02:00,38,0,4,52,67
2019-02-04 20:50:09+01:00,4,73,13,61,71,22,70,14,57,7,68,59,60,72,0,69,9,51,52
2019-05-07 15:01:26+02:00,62,90,78,81,9,79,7,77,82,38,88,65,87,75,4,84,6,0,74,63,67,86,83,80,76,91,57,8,20,85,89,22,73
2019-05-07 20:36:36+02:00,65,7
2019-05-07 22:37:15+02:00,92,81,7,65,20,26,22,25,84,9,63,0,80,6,62,82,90,24,88,57,78,89,79,23,66
2019-05-08 00:29:49+02:00,7,83,65,0,22
2019-05-08 01:00:46+02:00,88,0,89,90,7,65,85,57
2019-05-08 01:39:00+02:00,0,22,65,87,7,85,4,86,81
2019-05-08 02:35:35+02:00,77,65,7,0
2019-05-08 03:50:50+02:00,7,77,65,0
2019-05-08 09:09:35+02:00,9
2019-05-08 20:24:04+02:00,7,65,0
2019-05-09 05:06:15+02:00,77,22
2019-05-09 06:55:04+02:00,77
2019-05-09 06:55:04+02:00,65,7,0
2019-05-09 07:41:16+02:00,65,7,77
2019-05-09 17:02:35+02:00,7,77,22,65
2019-05-10 10:35:46+02:00,83,77,7,65
2019-05-10 16:14:09+02:00,7,65,77,84,0,83,22
2019-05-10 19:16:31+02:00,7,65,77
2019-05-11 03:24:37+02:00,83
2019-05-11 03:24:37+02:00,83
2019-05-11 03:24:37+02:00,7,22,65,82,77
2019-05-14 17:32:31+02:00,65,77,7
2019-05-16 21:35:46+02:00,83,7,22,65
2019-05-16 21:42:16+02:00,4,94,62,57,83,85,22,93
2019-05-16 22:19:40+02:00,89,85,77,63,0,65,62,22,7,23,4,87,90,83,88,25
2019-05-16 22:24:39+02:00,65,7
2019-05-18 14:59:24+02:00,83,7,65
2019-05-23 12:34:13+02:00,4,65,7,95,0
2019-06-03 20:47:21+02:00,0,96,98,97
2019-06-04 23:50:28+02:00,7,4,83
2019-06-04 23:51:46+02:00,4,95,91
2019-06-05 00:01:23+02:00,76,83,77,4,65,73,7,0
2019-06-05 00:01:55+02:00,85,57
2019-06-09 17:11:58+02:00,57,0,99,100,101
2019-08-27 14:49:25+02:00,102,9,104,103
2019-08-28 12:17:35+02:00,85,4,87,83,57,77,94,106,105,81,0,111,107,95,22,108,109,113,38,112,110,86
2019-09-15 01:39:36+02:00,65,7
2019-09-15 01:51:57+02:00,65,77,7,0
2019-09-30 16:39:50+02:00,22,4,84,83
2019-10-01 03:37:25+02:00,9
2019-10-01 03:37:25+02:00,9
2019-10-01 23:13:39+02:00,0,114,116,115,9
2019-10-01 23:27:52+02:00,22
2019-10-09 12:52:12+02:00,9,96,97,98
2019-10-14 01:59:24+02:00,84,83
2019-10-24 12:35:13+02:00,22,4,83
2019-10-24 23:26:03+02:00,102,0
2019-11-10 18:23:28+01:00,88,89
2019-11-13 14:00:13+01:00,0,65,7
2019-11-13 14:31:26+01:00,9
2019-12-12 23:24:13+01:00,100,99
2020-02-23 12:42:57+01:00,111,84,77,106,118,94,83,85,22,65,7,86,81,117,0,76,112,4,110,109,113
2020-04-02 14:39:03+02:00,65,4,7
2020-04-02 15:26:41+02:00,0
2020-05-31 18:06:30+02:00,7,83,91,75,65,4
2020-06-10 21:14:03+02:00,123,119,124,121,120,122
2020-06-12 07:56:33+02:00,120
2020-06-21 16:16:01+02:00,22,7,62,57,4,65
2020-06-24 14:46:16+02:00,125,9,127,0,126
2020-08-02 18:42:18+02:00,103,62,89
2020-09-19 14:17:33+02:00,8
2020-09-20 19:35:26+02:00,7,117,0,83,65,128
2020-09-20 22:59:07+02:00,0,77,7,65
2020-10-18 14:23:11+02:00,130,129,131,9,0
2020-10-18 14:31:58+02:00,117
2020-10-18 14:43:24+02:00,63
2020-10-18 15:46:20+02:00,88,97,99,57,104,132,125,26,102,114,116,89,100,24,130,62,101,96,127,129,131,103,115,98,23,63,25,126,90
2020-10-18 15:55:22+02:00,117,132,0
2020-10-18 15:59:00+02:00,9
2020-12-27 20:33:23+01:00,9
2021-03-08 10:52:17+01:00,9
2021-03-08 13:26:26+01:00
2021-05-02 15:38:31+02:00,123,119
2021-06-15 21:55:53+02:00,62,38,97,13,85,73,118,87,63,134,69,57,9,115,0,70,103,78,86,80,65,79,110,83,68,94,126,100,133,4,6,128,130,71,117,106,113,22,89,7,111
2021-07-06 20:46:02+02:00,4
2021-07-25 15:27:15+02:00,129
2021-07-26 21:36:54+02:00,0,7,65
2021-08-03 21:32:38+02:00,135
2021-08-04 12:42:24+02:00,136
2021-08-04 19:37:40+02:00,137,0
2021-08-14 21:56:08+02:00,138,142,140,141,139
2021-08-19 21:04:01+02:00,143
2021-08-20 09:34:12+02:00,143
2021-08-20 18:31:18+02:00
2021-08-21 13:18:54+02:00,153,145,80,42,72,7,65,115,5,147,129,68,55,57,95,54,4,43,128,31,44,47,13,70,83,49,106,45,84,22,132,125,6,117,16,103,63,100,88,151,40,41,9,99,152,148,62,87,25,20,146,150,97,144,154,102,96,134,114,89,133,149,126,118,48,23,0,56,130,155,46,69
2021-08-21 15:09:19+02:00,0
2021-08-21 15:20:20+02:00
2021-08-21 16:11:06+02:00,141
2021-08-21 20:23:52+02:00,155
2021-08-22 13:57:24+02:00,156,0,158,157
2021-08-23 08:41:49+02:00,88,89
2021-08-23 20:41:44+02:00,142,140,139,141,138
2021-08-24 22:55:34+02:00,100
2021-08-25 12:24:30+02:00,158,159,161,65,160,7,157,0
2021-08-25 19:30:16+02:00,164,0,163,7,65,57,157,162
2021-08-26 19:34:49+02:00,0,163,164,65,167,165,166,7,157
2021-08-27 21:15:21+02:00,153,7,65
2021-09-01 09:44:38+02:00,130,129
2021-09-01 20:39:29+02:00,7,117,106,20,159,114,125,162,165,168,23,88,129,65,156,4,84,22,169,0,57,102,148,96,83,25,147,99
2021-09-02 11:28:14+02:00,115,114,116
2021-09-03 22:53:19+02:00,171,172,170,0
2021-09-06 09:54:11+02:00,169
2021-09-11 13:22:33+02:00,103,102
2021-09-13 07:06:27+02:00,126
2021-09-14 06:53:16+02:00,88
2021-09-14 22:45:24+02:00,100
2021-09-14 23:38:32+02:00,166,165
2021-09-15 10:27:37+02:00,166,165
2021-09-18 15:20:14+02:00,125,126
2021-09-20 20:27:47+02:00,0
2021-09-20 21:08:24+02:00,171,84,25,172,88,7,65
2021-09-21 19:20:51+02:00,57,22,163,115,89,157,63,166,87,160,126,97,4,7,130,171,103,62,100,88,149
2021-09-26 20:38:20+02:00,4,0
2021-09-30 23:05:24+02:00,103,195,193,128,198,188,190,163,174,114,80,166,89,147,151,186,62,178,192,57,199,157,65,160,183,20,130,173,177,197,134,176,126,117,179,9,187,153,185,149,180,175,0,87,100,146,63,95,7,168,182,152,169,78,194,189,191,196,96,181,115,184,171,97
2021-09-30 23:11:11+02:00,199,0
2021-10-01 11:37:56+02:00,89,183
2021-10-01 20:05:46+02:00,195,160
2021-10-01 20:14:15+02:00,190,171
2021-10-01 20:28:22+02:00,134,65,7
2021-10-01 20:56:58+02:00,9,141
2021-10-01 23:27:54+02:00,186,63
2021-10-01 23:29:30+02:00,191,166
2021-10-01 23:34:24+02:00,100,115,166,171,63,163,200,149,0,65,7,157,126,62,103,57,97,89,130
2021-10-01 23:56:26+02:00,57
2021-10-02 11:16:08+02:00,207,210,205,208,215,213,202,214,211,209,212,0,201,206,216,203,204
2021-10-02 12:20:22+02:00,9
2021-10-02 14:42:23+02:00,160,195
2021-10-02 14:43:02+02:00,216
2021-10-02 18:00:48+02:00,188,207,103
2021-10-03 16:22:12+02:00,157,193,213
2021-10-03 17:17:07+02:00,186,65,196,203,157,130,207,153,160,163,213,187,171,193,181,195,96,216,188,209,57,208,189,192,115,97,63,185,0,126,217,114,166,191,62,210,182,205,103,211,202,183,149,190,212,173,215,89,100,214,194,7,177,204,184,206
2021-10-03 17:45:06+02:00,146
2021-10-04 13:00:29+02:00,202
2021-10-04 14:57:58+02:00,7,181,65
2021-10-05 13:00:03+02:00,57,153,115,176,190,188,62,130,160,103,179,152,126,191,173,7,97,194,149,171,117,89,100,96,192,157,183,166,114,186,195,185,193,87,189,184,65,163,187,63
2021-10-06 22:35:59+02:00,65,179,176,146,177,173,7,181,180
2021-10-06 23:25:47+02:00,202
2021-10-07 16:03:28+02:00,183
2021-10-07 18:04:48+02:00,65,7,180
2021-10-08 07:01:39+02:00,190,171
2021-10-08 15:38:16+02:00,183,89
2021-10-08 15:38:58+02:00,65,160,7
2021-10-09 07:51:58+02:00,100,194,215
2021-10-09 10:04:12+02:00,63,190,96,100,193,215,97,62,192,173,160,195,115,186,65,191,188,114,103,185,57,183,157,171,89,166,196,87,187,197,181,163,184,149,189,126,7,194,176,130
2021-10-09 14:34:10+02:00,63,126,115,178,171,100,149,153,197,157,163,97,57,160,166,87,89,65,103,180,62,196,173,130,7
2021-10-09 21:08:10+02:00,153,7,57,65
2021-10-09 21:33:22+02:00,178,117,114,96,146,176,191,187,188,7,195,186,185,192,194,189,193,65,190,184,183,177
2021-10-10 15:16:18+02:00,223,221,219,9,222,144,218,224,220
2021-10-10 18:15:01+02:00,157,193
2021-10-11 07:37:58+02:00,215,194
2021-10-13 14:30:37+02:00,183,89
2021-10-15 17:22:24+02:00,153,115,173,146,166,9,97,117,163,89,87,177,130,221,103,63,126,157,222,65,149,223,220,57,197,160,196,7,171,176,181,62,100
2021-10-15 19:35:14+02:00,193,175,169,117,89,183,0,57,177,190,186,188,178,103,100,62,65,187,191,181,7,149,184,166,151,194,157,171,195,160,63
2021-10-18 16:59:33+02:00,171,100,166,176,62,160,157,7,57,178,117,63,177,103,149,65,89
2021-10-19 18:12:28+02:00,9
2021-10-22 10:50:58+02:00,177,65,178,176,198,7
2021-10-24 12:01:17+02:00,157,187,194,149,195,89,181,193,153,62,65,57,183,191,63,177,186,166,117,152,160,100,184,190,7,188,103,171,201
2021-10-24 12:02:25+02:00,157
2021-10-25 19:40:52+02:00,176,177,153,178,7,147,87,117,175,65
2021-10-27 12:02:13+02:00,89
2021-10-28 08:41:12+02:00,65,57,7,0
2021-10-29 08:37:14+02:00,103
2021-10-31 13:53:15+01:00,181
2021-10-31 17:18:41+01:00,9
2021-11-04 17:56:23+01:00,117,38,9,152,65,176,7,0,178,181,182
2021-11-12 16:40:46+01:00,0,227,226,225
2021-11-14 10:43:49+01:00,182,117,80,7,176,57,0,180,65,227,177,153,217,78,128,178,74
2021-11-15 07:25:03+01:00,9,65,178,147,7
2021-11-16 11:56:49+01:00,180,128
2021-11-16 22:18:19+01:00,7,175,117,176,178,65
2021-11-20 21:23:21+01:00,137
2021-11-21 10:24:18+01:00,7,65,180,177,0
2021-12-09 16:08:21+01:00,230,0,228,65,229,7
2022-01-22 22:04:23+01:00,187,149
2022-01-22 22:08:01+01:00,147
2022-01-23 13:43:11+01:00,17,177,19,231,18,232
2022-01-26 14:16:56+01:00,151,180,171,103,238,0,89,157,63,235,87,196,153,230,65,57,236,233,239,197,227,100,149,160,166,152,240,177,241,234,244,7,243,62,242,198,237
2022-02-01 15:18:29+01:00,62,65,100,57,89,7,157,187,171,160,149,230,63,166,103,227
2022-02-09 12:02:06+01:00,89,183
2022-02-16 09:05:32+01:00,178
2022-02-16 15:42:48+01:00,65,7,89
2022-02-22 18:09:44+01:00,247,57,244,245,246
2022-02-23 09:53:50+01:00,248,249,0,250,7,65
2022-03-15 11:53:28+01:00,178,7,65
2022-03-25 09:59:49+01:00,195
2022-03-25 09:59:58+01:00,160
2022-05-06 16:26:22+02:00,65,251,251,0,7,251
2022-05-06 16:26:35+02:00,160
2022-05-06 16:31:22+02:00,0
2022-05-07 15:41:28+02:00,244
2022-05-07 17:53:20+02:00,137,252,253,38,8
2022-05-15 10:10:58+02:00,100
2022-05-17 21:57:46+02:00,152,179,182,180,147,169,198,178,0
2022-05-18 22:51:04+02:00,191,65,7,0,166
2022-06-14 16:53:41+02:00,0,251,251,251
2022-06-28 16:46:53+02:00,250
