2014-07-30 17:31:10-04:00,5,3,2,7,1,0,4,6
2014-07-31 11:56:47-04:00,1
2014-07-31 12:00:48-04:00,1
2014-07-31 12:01:48-04:00,2
2014-08-01 08:44:59-04:00,1
2014-08-01 08:50:40-04:00,2
2014-08-01 09:09:29-04:00,1
2014-08-01 10:29:58-04:00,1
2014-08-01 10:31:01-04:00,1
2014-08-01 10:36:46-04:00,1
2014-08-24 13:21:39-07:00,6,2,7,8,5,4,3
2014-08-24 13:22:08-07:00,10,15,20,21,11,18,24,22,12,13,9,25,16,14,19,17,23
2014-08-24 13:55:41-07:00,1
2014-08-24 13:56:01-07:00,2
2014-08-24 14:06:06-07:00,1
2014-08-25 13:52:20-07:00,1
2014-08-26 21:17:13-04:00,1
2014-08-29 14:18:31+10:00,2
2014-08-29 10:09:42-07:00,1
2014-08-29 13:08:08-07:00
2014-09-02 23:36:20+01:00,14,4,2,5
2014-09-03 09:45:23-07:00
2014-09-08 11:50:53-04:00,2
2014-09-11 11:24:57-04:00,1
2014-09-17 08:43:06-07:00,26
2014-09-17 09:23:04-07:00,2
2014-09-17 09:30:28-07:00,9
2014-09-17 09:42:50-07:00,2
2014-09-17 09:43:29-07:00,2
2014-09-17 09:44:11-07:00,2
2014-09-17 09:45:31-07:00,2
2014-09-17 10:08:27-07:00,26
2014-09-17 10:20:03-07:00
2014-09-17 10:34:08-07:00,2
2014-09-17 10:37:03-07:00,2
2014-09-17 11:19:43-07:00,2
2014-09-17 11:20:06-07:00,2
2014-09-17 11:24:13-07:00,2
2014-09-17 11:33:10-07:00,2
2014-09-17 18:07:45-07:00,2
2014-09-17 19:51:23-07:00
2014-09-17 20:27:18-07:00,2
2014-09-17 20:38:48-07:00,7
2014-09-17 20:42:16-07:00,2
2014-09-17 20:48:11-07:00,24
2014-09-17 21:14:01-07:00,1
2014-09-17 21:16:39-07:00,1
2014-09-17 21:17:04-07:00,1
2014-09-18 07:41:40-07:00
2014-09-18 08:13:27-07:00,2
2014-09-18 08:13:27-07:00,2
2014-09-18 09:04:58-07:00,2
2014-09-18 09:32:48-07:00,13
2014-09-18 09:32:58-07:00,21,27,24
2014-09-18 09:44:38-07:00,14,21
2014-09-18 09:50:36-07:00,2
2014-09-18 10:15:28-07:00,28,9
2014-09-18 10:15:59-07:00,3,6,5
2014-09-18 10:47:12-07:00,3
2014-09-18 10:47:21-07:00,7
2014-09-18 10:49:29-07:00,2
2014-09-18 11:19:20-07:00,2,5
2014-09-18 11:26:00-07:00,2
2014-09-18 11:32:50-07:00,2,28
2014-09-18 15:17:36-07:00,1
2014-09-19 09:08:49-07:00,2
2014-09-19 09:14:36-07:00,2
2014-09-19 09:14:54-07:00,2
2014-09-19 09:16:02-07:00,2
2014-09-19 09:20:52-07:00,2
2014-09-19 09:23:30-07:00,2
2014-09-19 09:26:16-07:00,2
2014-09-19 09:37:23-07:00,2
2014-09-19 09:40:11-07:00,2
2014-09-19 09:59:44-07:00,2
2014-09-19 10:06:07-07:00,27
2014-09-19 10:11:41-07:00,2
2014-09-19 10:12:46-07:00,2
2014-09-19 10:19:17-07:00,2
2014-09-19 10:52:07-07:00,4,2
2014-09-19 10:54:09-07:00,4
2014-09-19 11:30:37-07:00,2
2014-09-19 11:39:16-07:00,2
2014-09-19 12:04:01-07:00,1
2014-09-19 15:50:09-07:00,1
2014-09-23 02:02:12+01:00,1
2014-09-23 07:37:08-07:00
2014-09-23 18:59:44-07:00,2
2014-09-23 19:11:06-07:00,2
2014-09-23 23:56:04-07:00,2
2014-09-24 00:21:39-07:00,1,28,9,2,29
2014-09-24 00:22:37-07:00,1
2014-09-24 10:57:06-07:00,11,26,31,32,30,9
2014-09-24 13:01:51-07:00,2
2014-09-24 13:02:06-07:00,1
2014-09-24 13:03:18-07:00,1
2014-09-24 13:06:34-07:00,1
2014-09-24 13:09:59-07:00,1
2014-09-24 14:03:07-07:00,1
2014-09-24 14:03:37-07:00,1
2014-09-24 16:14:48-07:00,2,1
2014-09-25 09:01:23-07:00,1
2014-09-25 09:08:47-07:00,2
2014-09-25 09:09:15-07:00,2
2014-09-25 09:10:38-07:00,2
2014-09-25 09:21:43-07:00,2
2014-09-25 09:25:55-07:00,2
2014-09-25 09:38:09-07:00,1
2014-09-25 09:45:59-07:00,1
2014-09-25 09:55:31-07:00,2
2014-09-25 11:31:46-07:00,1
2014-09-25 11:49:58-07:00,1
2014-09-25 12:31:56-07:00,1
2014-09-25 22:34:50+02:00,1
2014-09-25 13:43:58-07:00
2014-09-25 22:05:11-07:00,2
2014-09-25 22:05:11-07:00,9,33
2014-09-25 22:08:33-07:00,33
2014-09-30 08:08:34-07:00,7,3
2014-10-01 14:52:56+08:00,2
2014-10-03 11:17:55-07:00,2,4
2014-10-03 11:18:23-07:00,3,7
2014-10-03 11:22:16-07:00,4
2014-10-05 09:12:41-07:00,1
2014-10-05 09:14:48-07:00
2014-10-05 09:16:20-07:00,1
2014-10-07 16:43:27+02:00,2
2014-10-07 08:39:12-07:00
2014-10-07 14:47:02-07:00,2
2014-10-08 13:59:29-07:00,2
2014-10-09 15:50:53-07:00,2
2014-10-09 15:56:33-07:00,4
2014-10-09 16:08:53-07:00
2014-10-10 17:59:19+02:00,4,2
2014-10-10 12:42:15-06:00,1
2014-10-11 15:24:21-07:00,2
2014-10-13 09:54:03-07:00
2014-10-13 09:55:48-07:00
2014-10-13 10:23:07-07:00,1
2014-10-15 17:49:17-04:00,2
2014-10-15 17:50:01-04:00,2
2014-10-20 13:52:25-07:00
2014-10-20 13:52:47-07:00
2014-10-20 13:59:39-07:00,2
2014-10-20 14:20:15-07:00,33,7,29,14,3,2,5,1,27,4,21
2014-10-20 14:32:05-07:00,2
2014-10-20 19:14:43-07:00,1
2014-10-21 06:55:30+01:00,1
2014-10-21 01:01:43-07:00
2014-11-06 13:08:18+08:00,2
2014-11-05 21:47:15-08:00,1
2014-11-13 09:43:40-08:00,1
2014-11-13 09:46:07-08:00
2014-11-16 21:43:49+01:00,34
2014-11-20 16:49:56-08:00,2
2014-11-20 16:49:56-08:00,5,2
2014-11-20 16:49:56-08:00,3
2014-11-20 16:49:56-08:00,14
2014-11-21 17:08:21+09:00,35
2014-11-21 17:09:30+09:00,35
2014-11-23 13:28:21-08:00,1
2014-11-29 06:53:45-08:00,2
2014-12-01 16:59:33+01:00,1
2014-12-01 12:01:30-08:00
2014-12-03 17:09:30+02:00,2
2014-12-04 18:44:08+02:00,4
2014-12-04 09:45:41-08:00
2014-12-09 10:59:47-08:00,6
2014-12-10 14:45:47-08:00,2
2014-12-13 20:04:02-08:00,2
2014-12-13 23:12:58-05:00
2014-12-14 06:37:06+01:00,1
2014-12-15 13:49:45-08:00,2
2014-12-20 11:26:06-07:00,9
2014-12-21 14:37:34-08:00
2014-12-21 14:42:32-08:00
2014-12-21 17:48:45-08:00,2,33
2014-12-21 17:55:42-08:00,2
2014-12-21 17:58:31-08:00
2014-12-29 11:51:17+01:00,2
2014-12-29 23:34:34+00:00,37,1,36,38
2015-01-03 21:48:04-10:00
2015-01-03 21:50:16-10:00
2015-01-03 21:58:26-10:00
2015-01-03 22:03:15-10:00
2015-01-06 18:41:02+01:00,35,9
2015-01-06 18:57:00+01:00,9,39
2015-01-08 22:36:36+08:00,2
2015-01-09 11:09:56-08:00
2015-01-09 11:10:53-08:00
2015-01-09 11:12:33-08:00,34
2015-01-09 14:15:28-08:00,34
2015-01-13 08:56:12-08:00
2015-01-24 11:20:48-08:00,1
2015-01-24 11:21:50-08:00,1
2015-01-24 11:42:41-08:00,36
2015-01-24 11:49:32-08:00,1
2015-01-24 15:11:20-08:00,1
2015-01-25 09:53:13-08:00
2015-01-27 16:20:00-08:00,2
2015-01-27 16:52:27-08:00,2
2015-01-27 17:02:06-08:00,2
2015-01-27 17:03:38-08:00,2
2015-01-27 17:06:07-08:00,2
2015-01-27 17:16:24-08:00,2
2015-01-27 17:17:50-08:00,2
2015-01-27 17:25:24-08:00,2
2015-01-27 17:47:43-08:00,2
2015-01-28 10:46:24+01:00,2
2015-01-29 07:20:59-08:00
2015-01-29 08:22:27-08:00,9
2015-01-29 08:22:37-08:00,3
2015-01-29 08:33:48-08:00,5
2015-01-29 08:34:28-08:00,22,27,33,29,2,28,12,14,4,6,5,21,7,3
2015-01-29 08:39:02-08:00,5
2015-01-29 08:42:56-08:00,34
2015-01-29 08:57:09-08:00,9
2015-01-29 08:57:57-08:00,5,2
2015-01-29 09:02:10-08:00,36
2015-01-30 12:55:55+09:00,37,37
2015-01-30 13:12:15+09:00,36
2015-01-30 13:15:42+09:00,37
2015-01-30 08:21:12-08:00,9
2015-01-30 08:21:13-08:00
2015-01-30 09:36:14-08:00,3
2015-02-02 13:38:01+00:00,39,36,9,41,43,42
2015-02-05 02:54:22+01:00,2
2015-02-09 04:19:45-08:00
2015-02-14 13:56:01-08:00,4
2015-02-14 14:34:00-08:00,5,2,4,6,3
2015-02-14 14:37:50-08:00,36
2015-02-14 16:41:15-08:00,36,39,37,9
2015-02-14 16:45:52-08:00,36,37,9,40
2015-02-14 16:48:52-08:00,1
2015-02-14 16:50:04-08:00
2015-02-14 17:05:04-08:00,2
2015-02-14 17:05:16-08:00,3
2015-02-17 15:04:23-08:00,36
2015-02-18 08:44:33-08:00
2015-02-27 12:23:25-08:00
2015-02-27 12:50:13-08:00,2,12
2015-03-02 08:09:16-08:00,1
2015-03-10 18:50:48-07:00,2,33
2015-03-11 02:36:59+00:00,1
2015-03-11 08:51:17-07:00
2015-03-12 16:56:22+02:00,1
2015-03-13 07:34:37-07:00,2,1
2015-03-13 07:35:52-07:00,14
2015-03-13 07:47:32-07:00,1
2015-03-13 07:48:33-07:00
2015-03-13 07:59:47-07:00,36
2015-03-22 18:56:15-07:00,2
2015-03-25 10:49:06-07:00,9
2015-03-25 11:01:18-07:00,9
2015-03-26 13:13:34-07:00
2015-03-26 13:13:56-07:00
2015-03-26 13:19:53-07:00,2
2015-03-26 13:27:22-07:00,34
2015-03-26 13:40:03-07:00,4
2015-03-30 18:22:34+07:00,2
2015-04-01 19:48:46-07:00,2
2015-04-05 13:22:25-05:00,3
2015-04-05 21:55:44-05:00,1
2015-04-08 03:16:39-04:00,28,6,7,3,5,29
2015-04-08 11:43:27-07:00
2015-04-09 07:35:16-07:00
2015-04-09 07:35:41-07:00
2015-04-09 07:36:49-07:00
2015-04-09 07:39:16-07:00
2015-04-09 07:51:50-07:00,2
2015-04-09 08:02:10-07:00
2015-04-09 08:11:33-07:00
2015-04-09 08:13:54-07:00,2
2015-04-09 08:18:53-07:00,2
2015-04-09 08:19:20-07:00,2
2015-04-09 08:28:44-07:00,9
2015-04-09 08:34:49-07:00,34
2015-04-09 09:32:58-07:00,6
2015-04-10 22:26:35-07:00,1
2015-04-21 08:00:46-07:00
2015-04-21 08:13:23-07:00
2015-04-21 08:26:57-07:00,44,9
2015-04-21 08:27:16-07:00,2
2015-04-21 08:33:02-07:00,2
2015-04-21 08:36:26-07:00,34
2015-04-23 08:41:21+02:00,2
2015-04-23 05:28:16-07:00
2015-04-23 23:48:32+02:00,26
2015-04-26 13:01:43-07:00,2
2015-04-26 13:01:43-07:00,2,6
2015-05-02 12:16:35-07:00,0
2015-05-02 12:16:35-07:00,45
2015-05-02 12:16:35-07:00,44,14,3,0,21,33,12,6,27,28,7,2,22,29,4
2015-05-02 12:22:11-07:00,2
2015-05-02 12:23:54-07:00,45
2015-05-02 12:25:02-07:00,33,29,2,27,3,12,28,4,6,22,7,14,44,21
2015-05-02 12:29:20-07:00
2015-05-02 12:33:29-07:00,2
2015-05-02 12:39:40-07:00,1
2015-05-02 12:41:59-07:00,1
2015-05-03 11:21:32-07:00
2015-05-03 11:44:36-07:00,9
2015-05-03 15:15:34-07:00,26
2015-05-04 22:10:32+09:00,2
2015-05-04 08:42:10-07:00
2015-05-04 08:54:08-07:00
2015-05-04 22:39:44-07:00,31
2015-05-04 22:54:43-07:00,9
2015-05-04 22:54:43-07:00,2,46,9
2015-05-04 23:22:53-07:00,47,2,9
2015-05-04 23:25:15-07:00,2,47
2015-05-04 23:36:27-07:00,2,9,48
2015-05-04 23:38:49-07:00,48
2015-05-04 23:43:06-07:00,2,49,9
2015-05-04 23:45:56-07:00,50,9,2
2015-05-04 23:50:56-07:00,2,9,51
2015-05-04 23:57:06-07:00,52,9,2
2015-05-04 23:59:12-07:00,9
2015-05-05 01:00:10-07:00,47,50,2,46,51,48,52,49
2015-05-05 01:03:01-07:00,47,50,46,48,49,51,52
2015-05-05 01:15:33-07:00,48
2015-05-05 08:52:17-07:00,2
2015-05-05 08:54:23-07:00,6
2015-05-05 19:45:22-07:00
2015-05-05 20:56:05-07:00,1
2015-05-05 21:12:13-07:00,6
2015-05-05 22:51:38-07:00,2
2015-05-06 08:15:55-07:00
2015-05-10 22:08:23-07:00,53
2015-05-11 06:15:13-07:00
2015-05-11 23:01:30-07:00,47,50,48,49
2015-05-11 23:17:27-07:00,47,29,48,52,3,44,33,51,6,4,5,49,7,28
2015-05-11 23:17:52-07:00,47,4
2015-05-12 00:48:30-07:00,53
2015-05-13 00:05:21-07:00,34,23,53
2015-05-13 11:50:42-07:00
2015-05-13 13:09:19-07:00,53
2015-05-13 23:21:37-07:00,1
2015-05-17 17:08:37-07:00,53
2015-05-17 17:12:35-07:00,9
2015-05-17 20:45:55-07:00,54,9
2015-05-17 21:17:23-07:00,33,7,44,29,5,6,4,28,3
2015-05-18 13:52:14-07:00
2015-05-19 21:48:44-07:00,5
2015-05-19 23:00:10-07:00,7,3
2015-05-20 11:05:44-07:00,5,49,7,3
2015-05-29 10:04:30-07:00
2015-05-30 16:25:57-07:00,33
2015-05-31 17:20:11-07:00,33
2015-05-31 22:28:59-07:00,33
2015-05-31 22:29:16-07:00,36
2015-05-31 22:29:16-07:00,1
2015-05-31 22:29:16-07:00,36
2015-05-31 22:29:16-07:00,36
2015-05-31 22:29:16-07:00,36
2015-05-31 22:45:42-07:00,1
2015-05-31 23:22:11-07:00,36
2015-06-02 08:50:18-07:00
2015-06-02 08:51:55-07:00,6
2015-06-02 17:14:52-07:00
2015-06-02 17:16:23-07:00,55,9
2015-06-02 17:16:23-07:00,55
2015-06-02 17:16:39-07:00,1
2015-06-02 17:16:39-07:00,4,46
2015-06-03 08:42:50-07:00,46,4
2015-06-03 10:22:27-07:00
2015-06-04 00:03:53-07:00,55
2015-06-05 23:09:02-07:00
2015-06-10 17:29:34-04:00,1
2015-06-11 14:22:43-07:00
2015-06-11 16:54:24-07:00,51,14,28,38,55,35,20,24,8,5,29,3,6,7,50,52,47,23,39,12,46,21,27,49,44,2,48,9,4
2015-06-11 16:54:24-07:00,36
2015-06-11 16:54:24-07:00,49,52,46
2015-06-11 16:54:24-07:00,6
2015-06-11 16:54:24-07:00,1
2015-06-11 17:11:06-07:00,5,48
2015-06-12 17:55:19-07:00,36
2015-06-12 17:55:41-07:00,55
2015-06-12 18:48:20-07:00,34,53,23
2015-06-12 23:31:53-07:00,9,56
2015-06-13 00:06:22-07:00,48
2015-06-13 00:06:22-07:00,5
2015-06-13 00:23:29-07:00,5,48
2015-06-15 16:29:14+02:00,31
2015-06-15 07:41:30-07:00,1
2015-06-15 07:45:44-07:00
2015-06-17 20:37:40-07:00,9
2015-06-17 21:05:26-07:00
2015-06-17 23:20:48-07:00,9,57,2
2015-06-18 08:00:45-07:00,1
2015-06-18 08:17:53-07:00,1
2015-06-18 08:19:43-07:00
2015-06-20 12:16:11-07:00,57
2015-06-21 13:10:08-07:00,57
2015-06-21 13:12:12-07:00,54,9,59,60,58,57
2015-06-21 16:38:34-07:00,2,50
2015-06-21 16:39:05-07:00,7
2015-06-22 10:33:31+10:00,1
2015-06-21 18:23:22-07:00,48
2015-06-21 18:36:08-07:00,1
2015-06-21 18:37:46-07:00
2015-06-22 09:03:42-07:00,36
2015-06-22 12:20:43-07:00
2015-06-25 20:41:53-07:00,57
2015-07-06 19:02:49-07:00,7,50
2015-07-07 07:45:48-07:00
2015-07-09 07:56:44-07:00,36
2015-07-11 00:26:31+09:00,49,46,47,14,50,51,48
2015-07-10 15:26:49-07:00
2015-07-10 16:18:47-07:00,4,46
2015-07-10 16:19:57-07:00,46,4
2015-07-11 15:33:29+05:18,47
2015-07-11 08:09:30-07:00
2015-07-13 22:17:46-07:00,2
2015-07-14 08:03:35-07:00,49,50,47,2
2015-07-15 08:14:36-07:00,3,2,7
2015-07-15 08:15:09-07:00,5
2015-07-15 08:15:53-07:00,7
2015-07-15 08:16:06-07:00,3
2015-07-15 18:45:25-07:00
2015-07-15 18:46:01-07:00,1
2015-07-15 18:46:01-07:00,1
2015-07-15 19:33:56-07:00,1
2015-07-15 23:57:04-07:00,6,7,29,3,28,44
2015-07-15 23:57:58-07:00,46,49,50,28,51,47,48
2015-07-16 00:35:36-07:00,46
2015-07-16 00:38:36-07:00,28
2015-07-16 21:44:17-07:00,47
2015-07-16 21:44:17-07:00,48,5
2015-07-16 22:19:19-07:00,71,76,74,59,72,73,60,49,68,65,75,64,50,66,69,47,63,62,67,70,48,61,9
2015-07-16 22:19:19-07:00,68,9,70,67,62,77,66,69,74,64,63,75,79,73,78,65,71
2015-07-16 22:19:19-07:00,76,44
2015-07-16 23:06:14-07:00,5,56,52,47,51,3,46,50,48,49
2015-07-17 16:00:46-07:00,52,48
2015-07-17 16:01:39-07:00,5,56,3,6,28,55,7
2015-07-18 11:43:54-07:00,52
2015-07-18 13:36:31-07:00,1
2015-07-18 14:47:03-07:00,49,48
2015-07-18 15:38:30-07:00,49,3
2015-07-18 18:21:43-07:00,58,57
2015-07-18 18:24:33-07:00,57,58
2015-07-18 20:00:35-07:00,29
2015-07-18 20:02:38-07:00,51
2015-07-19 11:20:30-07:00,76,61,44
2015-07-19 11:22:04-07:00,61,44,76
2015-07-19 11:42:08-07:00,76
2015-07-19 11:51:00-07:00,44
2015-07-19 11:54:36-07:00,44
2015-07-19 11:54:51-07:00,61
2015-07-19 13:22:19-07:00,61
2015-07-19 13:23:35-07:00,1
2015-07-20 22:20:44-07:00
2015-07-21 07:35:04-07:00,3
2015-07-21 08:05:29-07:00,1
2015-07-24 10:25:55+08:00,1
2015-07-23 20:47:50-07:00
2015-07-23 20:48:49-07:00
2015-07-23 20:49:47-07:00
2015-07-23 20:51:45-07:00
2015-07-23 20:52:40-07:00
2015-07-23 20:55:46-07:00
2015-07-23 20:58:34-07:00
2015-07-23 21:46:54-07:00,13,14,21
2015-07-23 21:49:36-07:00,24,21,14,12
2015-07-23 21:49:48-07:00,14
2015-07-23 21:59:45-07:00
2015-07-23 22:03:17-07:00,44,33,51,54,50,47,48,29,28,52,46,49
2015-07-23 22:39:44-07:00,4,52,58,50,55,3,61,14,56,12,21,51,48,57,33,6,28,5,29,49,7,44,47
2015-07-23 22:39:55-07:00,21
2015-07-23 23:23:37-07:00,52
2015-07-23 23:26:30-07:00,1
2015-07-23 23:31:02-07:00,1
2015-07-23 23:37:35-07:00,9
2015-07-24 16:45:10-07:00,53,34,23
2015-07-25 08:57:40-07:00
2015-07-25 11:40:04-07:00
2015-07-25 13:54:16-07:00
2015-07-25 14:00:30-07:00,48,61,52,57
2015-07-26 12:09:03-07:00,34
2015-07-26 12:25:42-07:00,4,46,56,2,50
2015-07-26 12:39:36-07:00,46
2015-07-26 13:06:15-07:00,29
2015-07-26 13:08:24-07:00,51
2015-07-26 13:14:36-07:00,52
2015-07-26 13:17:21-07:00,51
2015-07-26 13:45:26-07:00,5,48
2015-07-26 14:09:14-07:00,31,5,33,28,56,46,3,2,7,47,6,4,57,55,29
2015-07-26 14:10:07-07:00,5
2015-07-26 14:10:42-07:00,55
2015-07-26 14:11:36-07:00,56
2015-07-26 15:04:49-07:00,46
2015-07-26 16:22:30-07:00,4,12,48,50,7,49,47,52,46,21,2,44,56,57,3,5,51
2015-07-26 17:33:46-07:00,57,50,58
2015-07-27 11:40:52+02:00,20
2015-07-27 07:23:21-07:00
2015-07-27 20:48:00-07:00,61
2015-07-27 21:16:07-07:00,47
2015-07-28 07:57:07-07:00,47
2015-07-29 23:03:42-07:00,6,81,5,29,57,9,51,80,2,3,44,55,52
2015-07-29 23:22:56-07:00,6
2015-07-31 08:03:30-07:00
2015-07-31 16:26:03-07:00,52,55
2015-08-02 15:06:10+02:00,14
2015-08-04 08:17:12-07:00
2015-08-06 08:06:15-07:00,81
2015-08-06 08:06:28-07:00,1
2015-08-06 08:26:49-07:00,1
2015-08-06 13:11:42-07:00
2015-08-06 13:50:58-07:00,61,57,58,5,76,47
2015-08-06 13:50:58-07:00,56
2015-08-06 13:50:58-07:00,1
2015-08-06 20:32:11-07:00,9,1,57,82
2015-08-06 20:36:06-07:00,39,35,38
2015-08-06 21:04:23-07:00,56
2015-08-06 21:08:13-07:00,82,39,35
2015-08-06 21:38:38-07:00,9,83
2015-08-06 23:45:26-07:00,84,52,9
2015-08-06 23:55:36-07:00,46
2015-08-07 08:05:19-07:00,9
2015-08-08 12:00:35-07:00,9,47,85
2015-08-08 12:34:39-07:00,46
2015-08-08 12:55:27-07:00,46
2015-08-08 13:24:26-07:00,47
2015-08-08 13:55:54-07:00,1
2015-08-08 15:14:59-07:00,29
2015-08-10 08:32:09-07:00,14
2015-08-10 08:33:39-07:00,14
2015-08-10 17:37:01-07:00
2015-08-10 17:37:16-07:00
2015-08-10 17:37:38-07:00
2015-08-10 17:46:47-07:00,11
2015-08-10 17:50:01-07:00,80
2015-08-10 17:50:07-07:00,1
2015-08-10 18:13:01-07:00,34,23,53
2015-08-10 18:24:45-07:00,53,34,23
2015-08-10 19:17:10-07:00,53
2015-08-10 19:19:30-07:00,23,34
2015-08-11 20:07:14-07:00,47
2015-08-12 08:19:56-07:00,1
2015-08-12 08:39:01-07:00,1
2015-08-15 17:28:18-07:00,48
2015-08-15 19:14:28-07:00,61
2015-08-15 19:14:51-07:00,1
2015-08-15 19:18:44-07:00,1
2015-08-16 09:49:30-07:00,33
2015-08-17 07:31:01-07:00,33
2015-08-17 08:08:09-07:00,1
2015-08-18 07:59:07-07:00,33
2015-08-20 11:06:59-07:00,2
2015-08-20 11:07:16-07:00,1
2015-08-21 08:28:51-07:00,61
2015-08-21 08:29:40-07:00,61
2015-08-21 08:31:03-07:00,61
2015-08-21 08:31:03-07:00,61
2015-08-23 09:22:07-07:00,1
2015-08-23 09:56:21-07:00,6,3,84,81,83
2015-08-24 20:04:25-04:00,14,47,7,48,4,46
2015-08-24 21:49:21-07:00
2015-08-24 22:19:44-07:00,23,34,53
2015-08-25 22:22:19-07:00,2
2015-08-25 22:28:43-07:00,34,53,23
2015-08-27 17:04:15+01:00,52
2015-08-28 10:00:17+01:00,52
2015-08-28 07:35:45-07:00
2015-08-29 10:07:59-07:00,36
2015-08-31 19:53:12-04:00,1
2015-09-03 08:17:59-07:00,56,7,28,5,3,48,6,44,51,52,50,29
2015-09-05 22:09:05-07:00,49
2015-09-05 22:09:33-07:00,1
2015-09-05 22:19:29-07:00,1
2015-09-05 22:19:48-07:00,1
2015-09-06 11:40:47-07:00,3,49,2,47
2015-09-06 11:45:11-07:00,3
2015-09-06 12:02:37-07:00,76,62,9
2015-09-06 12:20:07-07:00,1
2015-09-06 12:23:49-07:00
2015-09-06 12:29:29-07:00,31
2015-09-06 12:41:40-07:00
2015-09-06 13:06:42-07:00,46,4
2015-09-06 13:07:40-07:00,5
2015-09-06 14:36:00-07:00,5
2015-09-06 14:36:54-07:00,5
2015-09-06 14:53:33-07:00,7,50
2015-09-06 15:03:28-07:00,1
2015-09-06 17:00:33-07:00,86
2015-09-06 17:02:36-07:00,1
2015-09-06 17:24:22-07:00,33,7,87,9
2015-09-06 17:24:52-07:00,5
2015-09-06 17:25:05-07:00,46,4
2015-09-06 17:34:21-07:00,47
2015-09-06 18:05:46-07:00,34,23,53
2015-09-08 20:45:08-07:00
2015-09-09 17:09:28-07:00,1
2015-09-09 17:09:57-07:00,23,53,34
2015-09-09 17:20:54-07:00,86
2015-09-09 18:51:13-07:00,53
2015-09-09 21:46:31-07:00,1
2015-09-10 17:06:07+10:00,1
2015-09-10 00:15:04-07:00
2015-09-10 22:02:55-04:00,1
2015-09-10 20:25:22-07:00
2015-09-14 20:58:37-07:00,88,87,57,3,9
2015-09-14 21:01:19-07:00,34
2015-09-14 21:01:58-07:00,36
2015-09-14 21:03:18-07:00,1
2015-09-14 21:04:51-07:00,9
2015-09-15 08:40:19-07:00,9
2015-09-16 22:08:04-07:00,47
2015-09-16 22:09:14-07:00,47
2015-09-16 22:13:22-07:00,47
2015-09-16 22:25:13-07:00,46
2015-09-16 22:48:38-07:00,34,53,23
2015-09-17 21:23:14+02:00,9
2015-09-18 07:53:18-07:00
2015-09-18 07:56:37-07:00,9
2015-09-18 08:08:05-07:00,1
2015-09-18 08:09:04-07:00,1
2015-09-19 10:41:40-07:00,6,3,5,52,33
2015-09-19 12:14:09-07:00,51,6,56,3,44,48,33,81,83,29,28,5,7,84,52
2015-09-19 13:43:39-07:00,14
2015-09-19 13:43:54-07:00,9,89
2015-09-19 13:43:54-07:00,3,5,33,6,52
2015-09-19 13:43:54-07:00,81
2015-09-19 13:45:10-07:00,14
2015-09-20 13:33:44-07:00,52
2015-09-20 13:35:37-07:00,84,52
2015-09-20 13:40:25-07:00,84
2015-09-20 13:40:47-07:00,84
2015-09-20 14:01:50-07:00
2015-09-20 15:54:38-07:00,46,4,9,90
2015-09-20 16:30:41-07:00,23,34,53
2015-09-20 16:40:07-07:00,1
2015-09-21 20:08:05-07:00
2015-09-21 20:20:56-07:00
2015-09-21 20:21:54-07:00,47
2015-09-21 20:21:54-07:00,33
2015-09-21 20:23:51-07:00
2015-09-21 20:42:50-07:00,34,53,23
2015-09-21 20:49:29-07:00,53
2015-09-21 21:28:52-07:00,6
2015-09-22 21:40:36-07:00,89
2015-09-23 21:47:18-07:00,89
2015-09-23 21:48:57-07:00,91,1
2015-09-23 22:05:25-07:00,1
2015-09-26 11:02:05-07:00,91
2015-09-26 11:02:21-07:00,1
2015-09-26 11:19:10-07:00,46
2015-09-26 11:20:08-07:00,6
2015-09-26 11:54:21-07:00,31
2015-09-26 11:58:10-07:00,1
2015-09-26 12:40:57-07:00,53,23,34
2015-09-26 13:04:29-07:00
2015-09-26 14:01:17-07:00,89
2015-09-27 16:57:33-07:00,23,34,53
2015-09-27 17:29:30-07:00
2015-09-30 15:39:54+02:00,91
2015-09-30 08:00:02-07:00
2015-10-03 11:27:34-07:00,1
2015-10-03 11:32:15-07:00,1
2015-10-04 17:08:54-07:00,9
2015-10-04 17:16:25-07:00
2015-10-04 17:16:54-07:00,9
2015-10-05 08:06:45-07:00,9
2015-10-05 08:07:27-07:00
2015-10-05 08:08:17-07:00,9
2015-10-05 20:27:01-07:00,1
2015-10-05 20:27:12-07:00
2015-10-07 10:28:28+11:00,1
2015-10-06 20:00:35-07:00
2015-10-07 17:55:36-07:00,1
2015-10-10 09:58:39-07:00,46
2015-10-10 10:44:56-07:00,1
2015-10-10 10:45:49-07:00,23,53,34
2015-10-10 10:50:33-07:00,53
2015-10-10 11:11:01-07:00,36
2015-10-10 13:50:29-07:00
2015-10-19 18:56:33-07:00,51,29
2015-10-19 19:16:17-07:00,34,23,53
2015-10-21 21:33:31-07:00
2015-10-22 20:30:19-07:00,36
2015-10-22 20:45:00-07:00,1
2015-10-22 20:46:12-07:00,34,53,23
2015-10-25 02:00:05+09:00,48,4,52
2015-10-25 12:14:18-07:00
2015-10-25 14:33:46-07:00,3,7,6,44,55,5,29,28,56,54,33
2015-10-25 15:49:34-07:00,84,52
2015-10-25 16:24:30-07:00,51,29
2015-10-25 16:34:32-07:00,84
2015-10-25 16:36:43-07:00,29
2015-10-26 13:44:32+01:00,1
2015-10-26 08:07:30-07:00
2015-10-26 08:11:33-07:00,87
2015-10-26 21:20:50-07:00,84,52
2015-10-31 14:15:17-07:00,11
2015-10-31 14:29:56-07:00,52
2015-10-31 14:30:25-07:00
2015-10-31 14:34:52-07:00
2015-10-31 15:55:40-07:00,1
2015-10-31 16:17:17-07:00,23,53,34
2015-10-31 16:20:39-07:00,53
2015-11-01 13:00:31-08:00,9
2015-11-01 13:00:42-08:00,9
2015-11-06 07:57:37-08:00,44
2015-11-06 08:12:15-08:00,23,34,53
2015-11-10 16:18:33+09:00,1
2015-11-10 09:59:18+00:00
2015-11-10 18:32:10+01:00,92,9
2015-11-15 20:53:39-08:00
2015-11-22 13:04:48-08:00,9
2015-11-22 13:40:15-08:00,53,23,34,92
2015-11-25 06:49:16-08:00,47
2015-12-08 11:28:04-08:00,9
2015-12-08 12:04:08-08:00,88,39,35
2015-12-09 17:23:28+03:00,1
2015-12-09 21:33:58-08:00
2015-12-10 21:39:38-08:00,4,46
2015-12-10 21:39:52-08:00,4
2015-12-10 21:59:40-08:00,98,61,94,95,96,76,93,99,97,9
2015-12-10 22:12:12-08:00,1
2015-12-15 21:35:16-08:00
2015-12-15 21:39:08-08:00,36,9
2015-12-15 21:39:42-08:00,1,61
2015-12-16 20:20:59-08:00,77,79,78
2015-12-16 20:39:01-08:00,36
2015-12-16 21:16:24-08:00,9
2015-12-16 21:17:22-08:00,76
2015-12-16 21:43:15-08:00,92,53,34,23
2015-12-25 18:55:32+00:00,100,26
2016-01-02 17:35:04-07:00
2016-01-02 17:55:38-08:00,47
2016-01-02 17:57:09-08:00,47
2016-01-02 18:06:59-08:00,100
2016-01-02 18:14:05-08:00,5,48
2016-01-02 22:27:22-08:00,22,44,85,52,48,80,46,76,28,21,12,61,47,83,87,33,51,90,49,3,4,56,57,0,58,55,29,81,2,7,89,84,54,14,6,50
2016-01-02 22:27:37-08:00,100
2016-01-17 16:21:53-08:00,92,34,53,23
2016-01-24 23:43:11-05:00,15,25,17,38,24
2016-01-29 13:21:34+05:00,1
2016-02-03 22:04:32-08:00
2016-02-06 14:18:07-08:00,9,101
2016-02-06 14:55:45-08:00,102,9
2016-02-06 15:15:40-08:00,101
2016-02-06 15:17:50-08:00,34
2016-02-06 15:35:34-08:00,1
2016-02-06 18:00:07-08:00,85
2016-02-06 18:02:43-08:00,9,103,48
2016-02-06 18:19:17-08:00,26
2016-02-06 19:32:31-08:00,103
2016-02-06 19:32:52-08:00,22
2016-02-06 21:06:57-08:00,48
2016-02-06 21:07:20-08:00,47,103
2016-02-07 10:03:34-08:00,46
2016-02-07 12:46:54-08:00,50,9,48,49,104,89,52
2016-02-07 12:55:12-08:00,52,48
2016-02-07 13:58:21-08:00
2016-02-07 13:58:56-08:00,24,13,16,18,21,15,12,20,17,19,14
2016-02-07 14:01:08-08:00,11
2016-02-07 14:12:56-08:00,50,52,48,104,49
2016-02-07 14:14:34-08:00
2016-02-07 14:27:38-08:00,104
2016-02-07 14:46:34-08:00,1
2016-02-07 14:47:29-08:00
2016-02-07 14:48:58-08:00
2016-02-07 15:26:24-08:00,9,102,105,47,101,48
2016-02-07 15:26:43-08:00,1
2016-02-07 16:07:19-08:00,105,101,102
2016-02-07 16:11:03-08:00,9,101,34
2016-02-07 16:12:45-08:00
2016-02-07 16:45:54-08:00,102
2016-02-07 16:47:54-08:00,23,34,53,92
2016-02-07 17:05:52-08:00,101
2016-02-07 17:06:16-08:00,102
2016-02-07 17:41:01-08:00,104
2016-02-07 17:52:09-08:00,104,89
2016-02-07 19:45:32-08:00,46
2016-02-07 19:50:01-08:00,52
2016-02-10 13:43:35-08:00,1
2016-02-11 07:01:05-08:00
2016-02-22 19:53:07-08:00,1
2016-02-27 12:38:43-05:00,1
2016-02-27 09:43:06-08:00
2016-02-27 11:21:05-08:00,4,46
2016-02-27 11:24:51-08:00
2016-02-27 11:34:12-08:00,23,53,92,34
2016-03-06 12:29:26-08:00,47
2016-03-10 16:16:37+09:00,84
2016-03-10 19:25:48+01:00,52
2016-03-15 15:07:43-04:00,57
2016-03-19 09:58:41-07:00,47
2016-03-19 10:36:36-07:00
2016-03-19 10:40:31-07:00
2016-03-19 11:10:44-07:00
2016-03-19 12:08:30-07:00,101
2016-03-19 12:25:26-07:00
2016-03-23 13:31:56-07:00,48,46,6
2016-03-23 13:54:17-07:00,52,14,47
2016-03-23 13:57:59-07:00,36
2016-03-23 15:55:38-07:00,53,34,23,92
2016-03-24 07:40:57-07:00,53
2016-03-25 14:33:12-05:00,6
2016-03-25 14:38:29-05:00,47
2016-03-26 13:45:57-05:00,6
2016-04-03 13:42:36-07:00
2016-04-03 13:44:56-07:00,6
2016-04-03 13:59:38-07:00,47
2016-04-03 14:13:39-07:00,6,106,9
2016-04-03 14:34:50-07:00,106
2016-04-03 14:39:16-07:00,28
2016-04-05 22:40:43-07:00,28
2016-04-05 22:46:16-07:00,55
2016-04-05 22:47:28-07:00,36
2016-04-05 23:26:01-07:00,106
2016-04-05 23:38:47-07:00,55
2016-04-05 23:45:32-07:00,55
2016-04-05 23:58:23-07:00,36
2016-04-06 22:12:31-07:00,55
2016-04-06 22:46:57-07:00,55
2016-04-06 22:47:02-07:00,36
2016-04-06 23:03:33-07:00,92,23,53,34
2016-04-07 23:23:05+02:00,28,48
2016-04-09 15:54:57-07:00,47,1
2016-04-09 16:04:25-07:00,1
2016-04-09 17:04:14-07:00,56
2016-04-09 17:15:18-07:00
2016-04-09 17:56:15-07:00,80,52,51,58,57,83
2016-04-09 18:21:52-07:00,80,29,51
2016-04-10 18:43:23+02:00,1
2016-04-10 10:27:17-07:00
2016-04-10 10:45:56-07:00,47
2016-04-12 07:31:01-07:00
2016-04-14 23:03:38+02:00,9,24
2016-04-19 11:08:44-07:00
2016-05-08 11:27:56-07:00,56
2016-05-08 11:39:40-07:00,5,48
2016-05-08 12:05:52-07:00,48,28
2016-05-08 12:12:09-07:00,0
2016-05-08 12:16:26-07:00,33,2,6,90,56,50,28,7,21,4,29,14,12,58,83,105,102,84,87,47,49,52,104,61,80,54,81,3,46,44,57,101,55,22,48,51,76,89,85,106
2016-05-08 12:22:29-07:00,81,33,29,89,52,3,106,102,90,12,47,58,44,57,46,14,48,80,76,87,21,49,5,56,61,104,22,4,28,54,50,51,84,85,6,2,83,55,105,101,7
2016-05-08 12:23:42-07:00,9
2016-05-08 14:32:27-07:00,5,48
2016-05-08 14:50:52-07:00,1
2016-05-08 15:41:44-07:00,47
2016-05-08 16:09:57-07:00,1
2016-05-08 16:46:23-07:00,92,34,53,23,1
2016-05-10 22:51:44+08:00,46
2016-05-11 07:04:19-07:00
2016-05-15 11:54:58-07:00,1
2016-06-02 12:57:42+01:00,1
2016-06-03 21:31:49-07:00
2016-06-12 14:55:53-07:00,104
2016-06-12 15:00:31-07:00,104,1
2016-06-12 15:03:11-07:00
2016-06-12 15:08:28-07:00,1
2016-06-12 15:11:01-07:00
2016-06-12 15:54:59-07:00,47
2016-06-12 15:54:59-07:00,47
2016-06-12 15:56:10-07:00
2016-06-12 16:00:15-07:00,1
2016-06-12 16:07:19-07:00,1
2016-06-12 16:38:46-07:00,5
2016-06-12 16:55:00-07:00,101
2016-06-12 16:56:06-07:00,102
2016-06-12 17:18:00-07:00
2016-06-12 17:27:29-07:00,36,9
2016-06-12 18:06:10-07:00,47
2016-06-12 18:06:17-07:00,53,23,34,92
2016-06-17 09:06:58-07:00,106,80,56,102,4,50,104,7,58,33,47,44,85,5,51,46,87,84,81,89,52,49,76,3,48,101,2,55,9,28,61,57,6,29,83,54
2016-06-17 10:13:56-07:00,5
2016-06-17 13:41:46-07:00,50,47
2016-06-17 14:52:34-07:00,33,7
2016-07-05 20:02:36-04:00,4,28,7,9,61,49,35,56,47,55,39,101,38,50,106,3,46,58,88,82,57,29,33,5,44,76,48,102
2016-07-18 22:43:22-04:00,7,24,28,29,33,56,102,52,48,14,12,106,51,46,55,5,21,3,47,44,61,4,57,9,6
2016-07-24 12:35:57-07:00,109,108,79,44,78,77,9,76,107,110
2016-07-24 12:44:04-07:00,5
2016-07-24 12:49:41-07:00,1
2016-07-24 13:28:26-07:00,9
2016-07-24 13:29:29-07:00,50,104,48,89,5,57,106,61,101,2,4,47,58,51,55,81,76,46,49,105,52
2016-07-24 13:31:46-07:00,51,85
2016-07-24 17:05:32-07:00,2
2016-07-24 17:05:46-07:00,2
2016-07-24 17:16:12-07:00,108,9,77,110,76,109,44,78,107,79
2016-07-24 17:17:45-07:00,5
2016-07-24 17:17:45-07:00,1
2016-07-24 17:17:45-07:00,9
2016-07-24 17:21:48-07:00,89,101,81,104,61,46,106,5,49,48,52,76,51,58,57,105,4,47,50,2,55
2016-07-24 17:22:20-07:00,51,85
2016-07-24 17:29:12-07:00,2
2016-07-24 17:31:44-07:00,2
2016-07-24 18:47:50-07:00,9,46,106,24,55,47,1,56,50,33,48,57
2016-07-24 18:50:47-07:00,2
2016-07-24 19:09:15-07:00,48,47,105
2016-07-24 19:13:33-07:00,33,50,80,105,7,55,58,9
2016-07-24 19:33:57-07:00,111
2016-07-24 19:34:31-07:00,37
2016-07-24 20:36:14-07:00,48,51,52
2016-08-01 20:57:23-04:00,51,2,5,81,14,111,9,50,12,46,58,29,57,44,52,48,89,54,7,49,55,47,83,84,3,61,80,21,76
2016-08-01 23:12:46-07:00,80,48,29,83,57,84,52,51
2016-08-01 23:53:20-07:00,89
2016-08-06 17:57:19-07:00,44,49,2,56,5,106,55,9,29,28,85,33,47,50
2016-08-06 17:57:32-07:00,2
2016-08-06 18:21:05-07:00,47
2016-08-06 18:21:40-07:00,48
2016-08-07 11:23:21-07:00,2,21,46,7,113,44,47,3,29,55,33,5,4,84,56,106,76,89,51,112,52,6,48,9,28
2016-08-07 16:48:29-07:00,56,113,76,4,112,9,7,47,58,21,44,61,54,104,89,29,33,6,52,84,57,106,2,12,5,3,101,48,51,46,81,55,14,28
2016-08-08 22:10:12-07:00,2,47,52,46
2016-08-08 22:26:12-07:00,57
2016-08-08 22:38:16-07:00,3,76,48
2016-08-08 22:41:32-07:00,61
2016-08-08 22:42:43-07:00,47
2016-08-08 22:45:03-07:00,51
2016-08-10 09:30:29-05:00
2016-08-10 07:31:38-07:00,47,29,113,112,48
2016-08-10 15:48:27-07:00,57
2016-08-11 11:19:07-05:00
2016-08-11 11:46:08-07:00,34,21
2016-08-13 17:05:12-07:00
2016-08-16 07:35:17-07:00
2016-08-16 23:30:43-07:00,52,4,112,3,56,47,21,55,12,33,101,14,48,113,46,106,6,5,61,44,51,9,57,76,2
2016-08-21 16:14:52-07:00,47,2
2016-08-21 16:53:25-07:00,1
2016-08-21 17:23:14-07:00,36
2016-08-21 19:49:42-07:00,34
2016-08-28 17:18:55-07:00,113,114,89,46,112,5,6,106,48,47,51,58,7,57,61,33,83,29,56,44,4,3,28,80,81,9,52,84
2016-08-28 17:28:28-07:00,29
2016-08-28 17:29:49-07:00,9,80
2016-08-28 18:42:38-07:00,115
2016-08-28 18:46:58-07:00,53,92,9,34,23
2016-08-28 18:55:56-07:00,1
2016-08-28 21:57:39-04:00,37
2016-08-28 19:12:12-07:00,53,1,23,92
2016-08-28 23:11:27-04:00,9
2016-08-29 07:30:38-07:00
2016-08-29 07:36:11-07:00,47
2016-08-29 16:58:41-07:00,34,53,23,92
2016-09-04 09:38:11-07:00,52
2016-09-04 09:39:17-07:00,9,116
2016-09-04 09:39:17-07:00,112,51,48,47,113,29
2016-09-04 09:39:17-07:00,114,33
2016-09-04 09:39:17-07:00,33
2016-09-04 09:39:17-07:00,1,48
2016-09-05 20:51:32-07:00,112
2016-09-05 20:57:50-07:00,1
2016-09-05 20:59:57-07:00
2016-09-05 21:01:39-07:00,33,48,28
2016-09-05 21:01:39-07:00,47
2016-09-05 21:01:39-07:00,33,2,47,113,3,48,29
2016-09-05 21:01:39-07:00,2
2016-09-05 21:01:39-07:00,112
2016-09-05 21:01:39-07:00,7,113,5,48,3
2016-09-05 21:01:39-07:00,21
2016-09-05 22:10:07-07:00,28,48,33
2016-09-05 22:20:12-07:00,29,116,48
2016-09-05 22:25:07-07:00,29,48,47
2016-09-05 22:32:13-07:00,48,47
2016-09-05 22:36:03-07:00,113,47
2016-09-05 22:38:08-07:00
2016-09-05 22:40:55-07:00,114
2016-09-05 22:40:55-07:00,54,9,117
2016-09-05 22:40:55-07:00,114,80
2016-09-05 22:40:55-07:00,3,56,44,55,28,5,52,33,106,29,7,84,6,113,89
2016-09-05 22:40:55-07:00,7
2016-09-05 22:40:55-07:00,14
2016-09-05 22:40:55-07:00,121,52,9,125,120,122,123,119,84,118,126,124
2016-09-05 22:40:55-07:00,117,54
2016-09-05 22:52:26-07:00,52
2016-09-05 22:53:16-07:00
2016-09-05 22:54:37-07:00,114,80
2016-09-05 22:54:37-07:00,29,51
2016-09-05 22:54:37-07:00,47
2016-09-05 23:00:11-07:00,51
2016-09-05 23:01:17-07:00
2016-09-05 23:02:24-07:00,29
2016-09-05 23:02:24-07:00,89
2016-09-05 23:02:24-07:00,54,117
2016-09-05 23:02:24-07:00,3,52,113,51,29,2,33,89,47,48
2016-09-05 23:02:24-07:00,3
2016-09-05 23:02:24-07:00,51,113,52,29
2016-09-05 23:02:24-07:00,2,106,6,33,44,47,28,5,29,7
2016-09-05 23:06:00-07:00,47,2
2016-09-05 23:09:03-07:00,48
2016-09-05 23:11:19-07:00,51
2016-09-05 23:13:23-07:00,3,7
2016-09-05 23:14:24-07:00
2016-09-06 09:17:05-07:00,115,127,1
2016-09-06 10:40:25-07:00,47,1,33
2016-09-06 21:14:22-07:00,80
2016-09-07 18:04:32-07:00,47,48,112,113,21,52,89,51,84,3
2016-09-07 18:09:04-07:00,47,4,55,56,80,46
2016-09-07 18:09:04-07:00,113
2016-09-07 18:09:04-07:00,4
2016-09-07 18:09:04-07:00,2,55,4,47,56,5,46
2016-09-07 18:09:04-07:00,3
2016-09-07 18:09:04-07:00,114,46,51,80
2016-09-07 18:35:03-07:00,46,114,80
2016-09-07 18:36:43-07:00,46
2016-09-07 18:38:49-07:00
2016-09-07 18:40:02-07:00,44
2016-09-07 19:02:51-07:00,50,9,49,24,106,2,3,58,61,76,7,127,48
2016-09-07 19:02:51-07:00,39,61,82,9,35,88,38,76
2016-09-07 19:02:51-07:00,24,9
2016-09-07 19:02:51-07:00,36
2016-09-07 19:03:43-07:00,2
2016-09-07 19:03:43-07:00,9,111
2016-09-07 19:03:43-07:00,44
2016-09-07 19:23:59-07:00,9
2016-09-07 19:24:18-07:00,24
2016-09-07 19:24:45-07:00,92,1,23,53,34
2016-09-07 23:55:52-07:00
2016-09-08 18:52:07-07:00,34
2016-09-08 18:59:00-07:00,48
2016-09-08 19:49:41-07:00,9,24
2016-09-08 19:50:56-07:00,33
2016-09-08 22:19:59-07:00,5,7,33,55,29,3,56,2
2016-09-09 13:08:40-07:00,89,112,52,113,6
2016-09-09 15:55:32-07:00,51
2016-09-09 15:56:35-07:00,128,1
2016-09-10 00:43:22-07:00,2,57,47,48,28,84
2016-09-10 00:43:59-07:00,61
2016-09-10 00:44:17-07:00,56
2016-09-10 00:45:50-07:00,1
2016-09-10 00:45:58-07:00,128
2016-09-10 01:40:15-07:00,48,7,5,113,3
2016-09-10 01:46:31-07:00,1,128
2016-09-10 02:00:53-07:00,113
2016-09-10 02:03:49-07:00,7,5,3
2016-09-10 02:29:35-07:00,46,4
2016-09-10 03:35:43-07:00,47
2016-09-10 12:41:03-07:00,128
2016-09-10 13:36:29-07:00,82,39,35,88
2016-09-10 13:37:08-07:00,89
2016-09-10 14:15:26-07:00,3
2016-09-10 15:03:25-07:00,1
2016-09-10 15:11:45-07:00,112,113,48,47
2016-09-10 17:51:34-07:00,48,33,56,113,4,80,29,47,46,2
2016-09-10 17:52:14-07:00,33
2016-09-10 18:49:24-07:00,1
2016-09-10 18:53:14-07:00,128
2016-09-10 19:22:09-07:00,1,2
2016-09-10 19:22:48-07:00,47
2016-09-10 19:51:49-07:00,36
2016-09-10 22:08:42-07:00,29,47,48
2016-09-10 22:10:23-07:00,55,29,47,2,33,56
2016-09-10 22:10:42-07:00,48
2016-09-10 22:41:52-07:00,106,7,47,5,80,33,2,3
2016-09-10 22:52:34-07:00,1
2016-09-10 23:07:24-07:00,128
2016-09-10 23:42:13-07:00,1
2016-09-10 23:50:18-07:00
2016-09-11 00:20:50-07:00,53
2016-09-11 00:51:00-07:00,2
2016-09-11 00:51:34-07:00,53,92,23
2016-09-11 02:49:13-07:00,9
2016-09-11 04:00:48-07:00,47,24
2016-09-12 11:49:44-07:00,117,58,3,54
2016-09-12 12:00:28-07:00,128
2016-09-12 12:01:28-07:00,1
2016-09-15 07:43:18-07:00,128
2016-09-15 07:44:34-07:00,129,36
2016-09-18 21:07:44-07:00,80
2016-09-21 18:20:35-07:00,128
2016-09-24 11:25:38-07:00,1
2016-09-24 12:12:00-07:00,1
2016-09-24 12:15:41-07:00,116
2016-09-24 12:21:58-07:00,38,35,88
2016-09-24 12:37:14-07:00,1,36,112,45,9,55,57,76,39,47,33
2016-09-24 12:38:22-07:00,36
2016-09-24 15:32:00-07:00,51
2016-09-24 15:57:06-07:00,3
2016-09-24 17:11:58-07:00,113
2016-09-24 18:45:58-07:00,1
2016-09-24 19:02:54-07:00,9
2016-09-24 19:03:11-07:00,2
2016-09-24 19:26:25-07:00,23,53,92,34
2016-09-25 00:38:30-07:00,1
2016-09-27 21:13:22-07:00,1
2016-10-01 14:54:25-07:00,1
2016-10-01 23:11:00-07:00,53
2016-10-02 02:13:22-04:00,76
2016-10-01 23:22:33-07:00,47,2,1
2016-10-02 11:08:03-07:00,53
2016-10-02 13:18:20-07:00,100
2016-10-05 07:46:29-07:00,128
2016-10-08 12:34:48-07:00,9
2016-10-09 20:17:21-07:00,47,48,33
2016-10-25 07:49:37-07:00,1
2016-10-25 07:52:21-07:00,1
2016-11-12 11:33:34-08:00,1
2016-11-12 11:35:47-08:00,128
2016-11-12 11:38:34-08:00,1
2016-11-12 13:16:08-08:00,48,35,38,111,9,39,88,82
2016-11-12 13:24:38-08:00,9
2016-11-12 13:24:53-08:00,2
2016-11-12 13:41:39-08:00,3,113
2016-11-12 14:27:41-08:00,80,47,48
2016-11-12 14:27:41-08:00,3,47,33
2016-11-12 14:27:41-08:00,47,33,48
2016-11-12 14:27:41-08:00,47,33,48
2016-11-12 14:27:41-08:00,80,47
2016-11-12 17:54:30-08:00,84,4,7,58,5
2016-11-12 17:54:55-08:00,24
2016-11-12 17:55:18-08:00,7,47
2016-11-12 19:38:00-08:00,44
2016-11-15 08:34:08-08:00,112,48,56,47,2,55,9,106,46
2016-11-15 08:34:08-08:00,36
2016-11-15 08:34:08-08:00,24
2016-11-15 08:34:08-08:00,34
2016-11-15 09:31:38-08:00,128,1
2016-11-15 09:31:50-08:00,53,34,92,23
2016-11-19 17:26:56-08:00,5,48
2016-11-19 17:28:51-08:00,47,33
2016-11-19 17:41:41-08:00,1
2016-11-19 17:58:05-08:00,89,52
2016-11-19 18:00:36-08:00,44
2016-11-19 18:26:06-08:00,113
2016-11-19 18:26:25-08:00,4,46
2016-11-19 21:45:11-08:00,47
2016-11-20 19:40:35-08:00,92,34,53,23
2016-12-09 08:23:24-08:00,128
2016-12-09 08:32:25-08:00,1
2016-12-16 14:35:41-08:00,1
2016-12-16 15:57:58-08:00,35,88,111,9,39,82,38
2016-12-16 16:33:07-08:00,106
2016-12-19 12:14:04-08:00,1
2016-12-19 12:17:13-08:00,128
2016-12-19 14:26:20-08:00,101
2017-01-13 17:02:24-08:00,112,47
2017-01-13 17:06:00-08:00,89
2017-01-13 17:06:00-08:00,89
2017-01-13 17:08:10-08:00,1
2017-01-13 17:21:18-08:00,89
2017-01-13 17:26:10-08:00,116,48
2017-01-13 17:27:42-08:00,1
2017-01-13 18:18:19-08:00,100
2017-01-15 15:20:56-08:00,44
2017-01-15 16:00:43-08:00,61
2017-01-15 16:02:33-08:00,76
2017-01-15 16:27:05-08:00,44
2017-01-15 16:28:06-08:00,44
2017-01-15 16:54:05-08:00,1
2017-01-15 18:05:02-08:00,53,34,1,92,23
2017-01-15 18:05:49-08:00,61
2017-01-24 09:15:00-08:00,1
2017-01-24 09:17:22-08:00,1
2017-02-26 08:25:50-08:00,1
2017-02-26 08:27:30-08:00,1
2017-02-26 10:41:32-08:00,1
2017-02-26 12:03:25-08:00,112
2017-02-26 12:40:55-08:00,57
2017-02-26 13:13:23-08:00,83,3,81,1,89,6
2017-02-26 13:31:27-08:00,53,23,92,34,1
2017-02-26 16:08:58-08:00,112
2017-04-02 20:15:08-04:00,56
2017-04-02 21:35:25-04:00,36
2017-04-02 22:26:17-04:00,4,9
2017-04-02 22:29:39-04:00,1
2017-04-02 22:31:44-04:00,1
2017-04-02 22:35:22-04:00,1
2017-04-02 22:36:53-04:00,1
2017-04-02 22:38:00-04:00,1
2017-04-02 22:39:48-04:00,1
2017-04-02 22:41:00-04:00,58,44
2017-04-17 19:49:15-04:00,36
2017-04-30 21:07:49-04:00,2
2017-04-30 21:09:24-04:00,1
2017-05-11 10:43:14-07:00,1
2017-05-19 09:03:01-07:00,1
2017-05-19 09:09:12-07:00,1
2017-05-19 09:12:36-07:00,128,53,48
2017-05-19 09:43:00-07:00,46,5,4,29
2017-06-03 21:55:17-04:00,52
2017-06-16 14:00:29-07:00,112
2017-06-16 14:22:37-07:00,5,48
2017-06-16 14:30:21-07:00,57
2017-06-16 14:52:02-07:00,1
2017-06-16 15:16:19-07:00,101,102
2017-06-16 16:29:46-07:00,81,83
2017-06-16 16:29:46-07:00,36
2017-06-16 16:29:46-07:00,83,81
2017-06-16 16:29:46-07:00,83
2017-06-16 16:31:37-07:00,35,47,33,111,38,5,130,7,46,82,24,56,88,39,9
2017-06-16 16:31:37-07:00,56,6,7,33,47
2017-06-16 16:31:37-07:00,35
2017-06-16 16:31:37-07:00
2017-06-16 16:31:37-07:00,33,46,47,6,7,9,24
2017-06-16 16:34:56-07:00,83,102,81
2017-06-16 16:40:45-07:00,9
2017-06-16 16:46:42-07:00,5,4,46
2017-06-16 17:42:50-07:00,23,9,92,53,34,1
2017-06-27 07:45:11-07:00,9,132,131,24
2017-06-27 07:45:11-07:00,36
2017-06-27 07:45:11-07:00,131,36
2017-07-19 07:33:54-07:00,46,47
2017-07-19 07:33:54-07:00,36
2017-08-21 22:11:20-07:00,113
2017-08-21 22:42:34-07:00,128
2017-08-21 22:49:37-07:00,1
2017-08-21 23:17:24-07:00,48
2017-08-22 18:21:02-04:00,46,51,48
2017-08-22 16:33:11-07:00,153,197,274,133,137,279,184,171,182,236,157,268,233,136,206,250,252,162,167,138,218,192,229,145,212,189,139,205,249,185,277,199,196,278,170,151,177,164,169,176,219,155,208,160,183,244,214,203,186,163,241,220,200,245,234,149,161,262,272,140,168,152,156,1,159,230,231,201,226,243,227,142,202,147,256,172,246,134,181,258,242,247,267,178,248,228,180,173,166,154,255,276,253,270,225,257,221,237,210,165,217,263,146,265,260,188,240,235,251,158,224,191,198,216,143,207,144,141,280,238,223,148,239,261,187,194,232,254,204,275,266,150,222,211,195,175,259,213,190,179,193,269,135,215,174,271,209,273,264
2017-08-22 16:34:54-07:00,281
2017-08-25 14:09:49-04:00,172,151,156,146,191,268,234,235,231,143,141,218,207,284,214,245,211,282,150,226,158,208,147,232,217,173,159,184,229,210,201,175,180,174,233,183,170,182,224,162,203,209,163,247,185,206,241,149,221,238,190,192,188,145,246,193,204,198,230,186,240,237,161,138,166,169,253,148,222,244,212,250,286,239,220,167,215,280,160,223,228,199,213,139,273,140,1,168,154,189,157,219,227,155,178,165,251,225,260,202,236,242,248,283,153,179,252,142,144,171,249,205,187,285,243,152,177,176,181,216,133,267,164,200
2017-08-25 14:14:00-04:00,133
2017-08-25 14:17:11-04:00,191,178,219,183,235,221,174,225,189,268,241,163,224,251,208,236,249,157,140,152,230,207,168,233,260,231,165,170,159,154,173,138,248,229,162,218,139,192,198,160,234,184,193,206,148,222,240,147,238,143,200,209,161,237,144,217,186,245,239,155,242,246,149,204,142,176,158,211,190,171,286,273,185,167,253,205,247,243,188,252,223,164,145,227,141,215,214,187,150,172,202,250,182,201,179,177,166,212,213,216,156,203,180,151,153,199,169,220,228,210,146,175,244,181,232,226
2017-09-01 13:33:35-04:00,1
2017-09-05 21:23:40-07:00,1
2017-09-06 10:30:18-07:00,48,51
2017-09-06 10:30:18-07:00,9
2017-09-06 10:30:18-07:00,100
2017-09-06 10:30:18-07:00,24,9
2017-09-06 10:30:18-07:00,55,4,29,46,22,105,102,52,106,100,2,7,48,83,117,47,76,57,101,3,28,44,14,80,51,114,113,58,116,54,112,56,5,12,89,21,6,84,104,81,61,33
2017-09-06 10:30:18-07:00,129
2017-09-06 10:30:18-07:00,23,53,34,92
2017-09-06 10:30:18-07:00,113
2017-09-06 10:30:18-07:00,39,111,82,88,35
2017-09-06 10:30:18-07:00,9,0
2017-09-06 10:33:43-07:00,100,1
2017-10-03 23:20:36-04:00,238,279,198,168,152,154,212,161,138,268,228,193,250,203,155,210,214,142,245,286,171,229,209,187,236,144,243,164,172,227,217,240,192,251,216,230,167,204,176,253,173,246,222,139,145,221,252,169,182,184,156,183,162,237,150,163,158,241,225,179,188,177,223,224,153,219,135,160,206,218,36,234,165,273,232,220,157,146,189,248,260,242,200,231,149,207,201,186,213,147,140,181,202,174,215,175,180,235,148,226,185,166,267,205,191,190,178,137,211,208,141,199,244,159,266,247,239,249,143,151,233,170
2017-10-29 21:42:27-04:00,45
2017-10-29 21:43:23-04:00,12
2017-10-29 21:43:43-04:00,47
2017-10-30 00:00:09-04:00,1
2017-11-12 23:34:30-05:00,144,143,221,212,243,176,236,174,239,180,249,178,166,175,191,171,179,145,153,162,273,205,231,268,224,137,251,247,151,192,207,222,183,235,233,215,211,189,148,225,240,177,190,152,142,248,173,184,199,165,187,194,169,186,232,206,147,238,154,150,210,193,220,246,141,227,237,164,223,201,185,204,160,228,213,250,241,267,149,244,172,260,156,218,161,155,139,140,182,168,202,245,209,208,167,159,229,146,217,252,203,230,226,188,163,216,157,242,138,253,214,158,181,170,219,200,198,284,234
2017-11-26 23:51:49-05:00,9,288,1,287
2017-11-27 00:09:19-05:00,36,6,89,3
2017-12-03 20:51:37-05:00,288
2017-12-03 23:16:59-05:00,152,138,250,266,184,35,142,226,191,216,88,176,239,222,156,174,286,220,163,217,210,206,153,155,218,165,53,221,227,186,166,238,141,172,229,140,225,188,39,245,143,151,213,234,175,164,180,189,246,201,170,149,82,181,224,177,111,162,244,92,167,205,233,211,237,236,147,212,253,214,157,223,148,183,150,235,231,202,199,240,154,203,23,252,159,219,273,193,208,198,215,146,251,182,168,171,267,260,232,242,243,158,161,160,209,187,34,279,241,200,190,268,9,248,204,228,247,230,173,169,207,144,38,179,178,192,139,249,185,145
2017-12-20 19:48:12-05:00,1
2018-02-17 21:22:48-05:00,288
2018-02-17 21:24:20-05:00,101
2018-02-17 21:25:01-05:00,1
2018-02-17 23:06:46-05:00,36,39,88,24,38,135,9,137,111,82,52,35,83
2018-02-17 23:08:11-05:00,83
2018-02-17 23:39:15-05:00,136,137
2018-02-17 23:48:06-05:00,137,135,136
2018-02-20 18:28:02-05:00,46,4,288
2018-02-21 15:45:15-05:00,1
2018-02-25 22:50:58-05:00,287
2018-02-25 23:13:59-05:00,1,132,131
2018-03-04 23:40:42-05:00,105,106,112
2018-03-05 00:22:16-05:00,210,174,229,253,145,279,172,170,218,171,188,251,242,178,173,226,260,213,237,185,157,207,222,156,235,286,217,232,147,248,183,198,249,161,187,204,199,208,211,189,244,246,158,225,155,266,239,159,179,23,227,203,230,149,148,247,212,241,202,165,146,140,234,163,231,228,144,53,252,34,9,160,236,268,221,233,273,176,0,245,201,164,216,138,190,166,143,191,180,142,186,1,291,141,289,243,200,219,150,167,250,162,152,177,154,209,137,184,169,153,194,192,223,290,240,238,292,215,151,280,193,205,214,224,175,220,181,182,92,139,168,206,267
2018-03-05 00:38:39-05:00,53
2018-03-20 19:29:13-04:00,287
2018-03-31 18:42:01-04:00,293,36,137,9,24,106
2018-03-31 18:49:45-04:00,48,5
2018-03-31 19:10:59-04:00,204,153,84,165,22,80,215,212,240,193,180,138,200,266,225,217,279,213,250,89,237,151,154,52,58,157,199,177,81,190,205,203,158,171,146,6,166,145,147,51,57,148,236,141,105,249,156,142,4,46,227,5,187,106,234,100,183,273,206,175,218,54,76,162,112,216,155,28,140,14,23,181,184,160,92,252,253,267,53,232,226,188,12,164,201,179,242,144,117,182,222,114,47,116,163,291,178,202,238,233,174,29,260,143,214,34,221,192,173,246,113,21,102,44,244,198,245,241,286,139,169,83,33,189,251,210,229,170,208,149,219,230,150,209,152,289,284,223,248,185,56,243,161,101,191,235,104,290,159,3,167,61,7,292,207,247,48,268,2,220,228,55,176,172,168,224,186,211,239,231,285
2018-04-07 20:05:16-07:00,1
2018-04-15 18:01:18-04:00,112,36,33,47
2018-04-15 18:28:35-04:00,165,253,242,168,201,158,217,245,223,34,230,200,225,227,92,189,243,213,183,215,143,203,206,174,179,199,140,142,221,178,202,260,222,231,137,164,232,160,170,156,236,238,175,234,23,246,154,191,172,184,292,252,268,150,198,186,209,228,204,151,273,181,171,192,289,153,193,159,219,188,224,149,239,145,220,290,163,173,139,216,138,286,141,148,180,208,152,226,185,211,187,162,146,291,250,53,218,251,212,233,177,182,229,147,169,244,240,155,210,144,166,161,214,241,190,235,247,207,167,176,249,237,205,157,248
2018-06-16 18:06:14-04:00,288
2018-06-16 18:06:48-04:00,287
2018-07-07 18:27:48-04:00,288,45,1,53
2018-07-08 21:31:09-04:00,61,48,113,83,47
2018-07-08 22:42:50-04:00,228,140,145,245,154,204,174,149,147,243,175,260,162,167,229,236,163,190,192,92,36,185,193,165,222,188,184,158,237,141,246,251,159,244,137,227,177,233,187,212,248,172,144,200,153,23,223,218,150,209,226,253,164,239,152,232,214,206,230,241,168,199,249,215,156,203,173,207,178,217,216,290,191,142,53,240,211,238,139,189,181,171,135,221,169,157,180,208,291,225,267,220,268,170,266,224,247,213,219,250,242,252,201,176,231,210,179,205,160,289,183,235,138,273,279,148,161,151,182,143,198,292,166,186,234,155,202,146
2018-07-08 22:45:12-04:00,53
2018-07-08 22:46:35-04:00,34
2018-07-31 13:44:11-07:00,1
2018-07-31 13:44:11-07:00,1
2018-08-20 00:57:32-04:00,34
2018-08-20 01:16:56-04:00,34
2018-11-24 18:35:29-05:00,47
2018-11-24 18:36:02-05:00,294
2018-11-24 18:58:13-05:00,48
2018-11-24 19:05:44-05:00,81
2018-11-24 21:22:04-05:00,204,202,184,243,53,247,295,210,188,147,172,162,192,218,267,158,181,266,173,208,229,169,224,142,39,179,260,290,180,239,241,174,214,146,292,215,36,185,144,189,176,83,232,221,246,163,167,291,138,23,198,213,219,294,170,242,226,160,223,216,206,182,201,250,268,203,252,211,205,148,155,235,273,171,289,244,178,200,186,209,199,207,143,217,236,237,227,245,248,177,154,165,157,234,253,249,9,220,286,48,222,136,161,164,152,187,175,141,137,168,191,230,149,212,279,159,240,251,88,3,166,135,92,35,156,100,58,233,24,151,225,183,190,228,145,153,193,140,231,34,139,150,238,280
2018-11-24 21:34:07-05:00,34
2018-11-24 21:38:03-05:00,137,136,34
2018-12-05 19:28:17-05:00,45,1
2018-12-06 20:45:00-05:00,206,5,6,232,260,391,116,253,365,56,324,359,367,137,393,327,381,57,376,29,385,182,388,156,175,227,189,215,375,212,235,4,231,184,173,174,392,363,34,148,191,211,129,346,307,364,349,354,225,350,3,246,159,146,351,144,266,202,58,306,342,188,239,207,286,305,147,242,366,177,267,138,336,187,84,302,371,251,273,164,301,105,221,308,143,161,369,280,230,380,314,383,289,51,80,139,341,311,330,216,178,290,312,46,248,357,250,337,219,140,335,233,234,358,279,353,310,154,326,334,217,240,297,172,244,186,152,76,48,171,89,247,332,372,368,228,39,9,14,296,157,213,331,321,328,158,377,345,344,394,1,53,106,7,236,55,339,348,224,208,292,338,241,52,142,203,201,329,268,23,237,81,183,169,356,153,21,333,36,220,304,374,347,229,149,218,33,44,24,180,83,249,303,155,160,386,352,176,214,362,322,205,170,309,82,168,111,194,300,200,382,313,252,199,88,323,163,390,38,378,151,318,316,361,192,373,179,238,198,384,317,12,355,28,298,165,343,2,325,141,340,209,389,35,370,243,190,114,319,181,167,193,360,54,320,299,223,379,291,315,204,387,145
2018-12-07 16:53:04-05:00,1
2018-12-09 20:37:40-05:00,84
2019-01-29 14:08:36-08:00,53,13,101,12,137,21,34,23,287
2019-02-07 09:40:08-08:00,9,395,48,307,308
2019-02-07 09:40:08-08:00,395
2019-02-07 09:40:08-08:00,48
2019-02-07 09:40:08-08:00,9,396
2019-02-07 09:43:35-08:00,307,48,397,308,9
2019-02-07 09:43:35-08:00,48
2019-02-07 09:43:35-08:00,48
2019-02-07 09:43:35-08:00,9,398
2019-02-07 10:02:03-08:00,399,48,9,29,303,307,400,33,2
2019-02-07 10:02:03-08:00,33,400,399,80,307
2019-02-07 10:02:03-08:00,9,401
2019-02-07 10:02:03-08:00,33
2019-02-07 10:02:03-08:00,3
2019-02-07 10:02:03-08:00,402,9,399
2019-02-07 10:02:03-08:00,33
2019-02-07 10:02:03-08:00,307,80
2019-02-07 10:05:16-08:00,48
2019-02-07 14:02:29-08:00,23,1,53,34
2019-02-11 09:39:42-08:00,307
2019-02-14 17:38:12-08:00,400
2019-02-21 09:31:34-08:00,1
2019-03-05 22:11:58-05:00,100
2019-03-05 22:12:27-05:00,1
2019-03-07 11:09:40-05:00,89
2019-03-07 11:13:15-05:00,403,100
2019-03-07 11:23:49-05:00,84,52,114
2019-03-07 15:59:50-05:00,58,80,308,106,33,105,51,305,89,54,307
2019-03-07 18:39:16-05:00,400
2019-03-07 18:46:40-05:00,296
2019-03-07 19:13:45-05:00,51
2019-03-07 20:08:38-05:00,327,236,343,152,336,217,428,290,326,333,334,223,147,205,423,143,368,247,381,224,260,320,415,371,412,53,151,184,238,319,178,175,414,241,352,200,330,324,344,315,389,153,234,206,340,410,420,173,190,246,239,291,376,280,231,351,140,177,361,138,335,350,146,431,390,409,219,377,164,215,323,321,145,392,407,157,292,391,331,325,228,218,199,176,253,216,208,167,227,386,240,248,316,266,225,373,354,1,380,207,416,242,201,183,365,155,204,348,346,156,203,137,383,179,211,159,378,394,322,332,142,193,170,37,158,388,375,161,160,360,172,237,229,169,358,339,37,318,149,221,427,362,317,192,182,244,382,267,214,349,168,411,353,213,273,188,385,425,384,422,429,250,189,406,186,337,181,268,139,180,230,243,417,34,338,249,187,212,424,393,165,252,370,347,379,251,356,345,23,148,418,171,366,329,359,232,279,408,364,413,426,191,363,174,163,372,154,141,144,374,430,289,405,367,387,341,369,286,328,357,235,220,355,202,194,404,198,419,421,209,233,342
2019-03-23 21:49:43-04:00,399,402
2019-03-26 18:04:53-07:00,432,310,76,9,307,303,5,306,44
2019-03-27 09:53:00-07:00,52,307,401,48,33
2019-03-27 10:06:42-07:00,81,80,52,46
2019-03-27 10:08:29-07:00,57
2019-03-27 10:19:43-07:00,307,299,2,57
2019-03-27 10:19:43-07:00,7
2019-03-27 19:30:28-04:00,34,136,137,39,100,314,9,111,35,33,88,306,24,82,38,36
2019-03-28 17:29:00-07:00,5,89,3,6,48,84,313,33,296,299,52,402,433,399,51,314,7,14,76,9,301,288,83
2019-03-28 17:29:00-07:00,48,433,434,89,9,301,299,83,307
2019-03-28 17:29:00-07:00,307,76,402,5,6,84,398,83,314,52,434,7,89,433,3,33
2019-03-28 17:29:00-07:00,89,33,402,52,7,398,5,76,434,433,314,6,3,84,9
2019-03-28 17:29:00-07:00,433,434
2019-03-29 10:17:27-07:00,311,52,121,303,84,9
2019-03-29 11:07:15-07:00,250,228,53,138,241,157,423,370,143,151,367,327,227,368,346,142,341,201,202,218,356,425,355,224,417,338,409,171,267,330,146,345,379,141,253,140,244,191,248,373,385,435,173,203,437,332,422,219,268,159,413,353,378,344,427,416,164,319,160,289,266,381,380,223,419,375,233,421,215,249,408,384,392,246,177,235,229,361,362,189,325,410,407,145,333,363,211,154,336,163,284,147,231,232,170,169,377,317,316,329,291,174,390,371,351,214,168,176,182,252,279,165,357,393,190,388,326,369,188,217,348,320,290,158,144,415,192,184,181,205,238,193,204,360,220,331,340,335,213,139,405,387,339,273,404,429,420,172,280,187,426,251,349,411,198,153,237,374,230,243,318,247,209,412,350,242,438,179,149,372,424,430,354,240,34,206,216,428,431,292,418,167,23,414,183,234,364,155,328,334,323,239,180,352,207,358,359,321,225,200,391,406,342,386,394,186,337,148,389,315,347,322,260,436,286,376,365,178,175,156,382,366,285,208,236,324,199
2019-04-01 12:24:22-07:00,48,33,9
2019-04-06 09:54:15-07:00,307
2019-04-06 09:55:04-07:00,9,14,24
2019-04-12 09:38:13-07:00,5,48,302,9,33,296,307,313
2019-04-12 16:39:50-07:00,308,9
2019-04-12 16:50:28-07:00,23
2019-04-12 16:51:24-07:00,299,307,2,57
2019-04-12 16:52:51-07:00,48
2019-04-12 16:55:34-07:00,105,106
2019-04-12 17:19:26-07:00,311,314,33,29,301,310,5,55,297,56,89
2019-04-12 22:43:38-04:00,292,218,411,321,181,142,355,163,225,206,179,253,266,238,331,391,422,167,322,184,366,247,387,431,171,209,423,246,34,138,147,385,177,426,382,187,362,327,335,388,217,286,418,318,357,191,239,323,420,139,421,248,189,229,200,328,419,378,392,141,242,381,173,428,337,380,404,151,53,338,389,267,430,365,316,280,252,250,376,330,437,409,329,241,291,368,407,190,393,336,203,175,144,325,223,145,186,427,208,373,342,205,361,176,159,372,199,346,174,353,348,317,143,230,193,211,148,379,429,220,235,369,345,324,371,158,164,268,412,231,416,405,367,188,244,415,377,227,232,406,344,204,233,279,363,414,358,394,364,154,408,351,215,202,156,198,319,213,219,354,333,137,273,165,140,146,157,236,384,359,149,417,438,347,192,178,285,260,160,249,168,228,410,315,234,289,180,360,153,216,374,413,290,182,349,435,339,370,214,237,356,340,169,341,170,23,251,375,326,334,240,1,386,207,155,332,320,201,172,352,224,424,194,436,425
2019-04-15 21:15:29-04:00,3,5,7,112,307,52,48,305
2019-04-15 21:15:49-04:00,23
2019-04-15 21:16:50-04:00,306
2019-04-23 13:57:16-07:00,3,48,302,307
2019-04-23 19:23:34-04:00,33,80,7,307,114,48,5,3
2019-04-23 17:14:39-07:00,203,392,371,415,422,251,228,325,179,368,280,324,148,335,213,190,248,244,357,360,189,438,405,382,175,186,372,365,267,435,141,373,285,178,351,220,201,174,356,165,53,216,236,341,153,344,211,328,424,362,230,353,333,394,234,249,339,138,364,159,225,143,404,345,329,385,416,355,184,191,334,142,180,204,206,252,430,163,317,235,393,214,286,238,139,326,323,411,207,336,157,240,379,160,292,268,389,387,377,429,219,423,279,177,426,241,363,318,209,388,154,145,437,173,409,417,237,358,227,198,421,266,420,375,332,200,231,182,319,408,386,346,316,342,406,224,218,414,187,199,140,419,172,289,347,202,391,239,320,366,34,321,229,412,378,217,158,340,169,380,436,425,156,315,147,376,413,253,146,273,284,291,418,250,233,367,167,149,193,260,361,381,369,242,322,176,384,354,171,208,290,247,330,223,205,348,155,170,151,327,181,337,215,370,428,188,407,164,349,374,232,410,192,352,168,359,246,144,427,431,331,338
2019-05-05 21:04:30-04:00,301,314
2019-05-07 13:59:38-04:00,314,301
2019-06-13 20:56:40-04:00,302
2019-06-29 18:48:03-04:00,399,52,137,89,136,6,48,302,301,112,397,7,296,432,101,29,300,2,57,297,46,306,299,298,80,309,310,307,433,116,5,395,3
2019-07-06 21:01:21-04:00,296,302,80,48,56,53,52
2019-07-08 14:49:23-04:00,301,439,9,314
2019-07-09 09:39:41-07:00,80,5,48,114
2019-07-15 17:15:38-04:00,7,3,5,307,296,313,48
2019-07-29 23:34:08-04:00,169,316,370,421,323,230,408,264,203,372,351,413,187,165,443,436,337,208,324,255,325,369,326,240,389,189,427,286,423,205,435,331,201,206,216,175,424,426,173,392,186,155,157,262,353,274,441,285,280,276,442,335,199,349,241,140,151,159,328,385,377,387,273,177,338,202,251,167,204,224,228,279,244,154,437,404,384,405,430,341,380,238,333,53,366,163,354,290,322,394,219,378,239,444,420,190,327,336,182,417,431,180,171,348,365,147,375,360,414,321,260,393,215,289,143,340,160,231,141,440,320,266,247,376,188,211,292,355,329,263,213,418,153,428,438,214,168,315,156,445,359,332,319,198,342,253,419,227,368,145,425,317,194,267,344,391,158,220,191,146,291,374,407,261,179,268,278,334,386,200,410,217,196,170,318,229,223,137,149,265,34,139,237,275,330,373,388,138,371,415,358,356,339,364,412,411,176,174,362,164,361,181,246,277,363,184,233,207,144,235,234,225,252,352,178,379,382,148,242,416,218,209,347,345,346,192,249,357,422,236,429,250,142,248,406,367,409,193,381
2019-07-29 23:44:22-04:00,34
2019-07-31 19:29:33-04:00,24,15,447,20,5,446,52
2019-08-07 12:17:11-04:00,307,48,54,311,33
2019-08-09 16:11:48-04:00,399,434,52,89,33,9,301,48,402,14,433,296,76,51,84,313,314,299
2019-08-11 13:14:26-04:00,7,48,2,52,307
2019-08-11 13:20:08-04:00,89,6,3,433
2019-08-13 14:24:20-04:00,298,301
2019-08-14 16:00:46-04:00,80,84,52
2019-08-14 16:17:42-04:00,114,80,307,84,303,33
2019-08-21 20:15:12-04:00,28,56,33,3,7,52,89,6,106,313,5,29,396,296
2019-08-25 17:53:07-04:00,7,307,33,44,105,28,3,399,112,29,52,56,402,48,6,396,80,106,296,5,14
2019-08-25 17:53:39-04:00,38,399,21,101,102
2019-08-29 18:18:26-04:00,7,55,398,33,9,307
2019-08-29 18:18:45-04:00,400,58,101,56,311,52,33,300,51,3,401,5,106,297,12,9,313,395,84,39,14,7,433,432,302,102,399,76,306,44,314,6,54,2,307,397,439,448,434,299,57,312,402,296,301,21,80,46,29,398,48,310,114,112,117,4,396,89,100,55
2019-09-03 15:03:32-04:00,76,314,33,433,3,5,52,56,88,29,101,58,84,35,39,434,89,402,44,6,54
2019-09-03 15:03:55-04:00,288,301,297,1
2019-09-03 15:04:47-04:00,9
2019-09-03 15:09:52-04:00,398
2019-09-03 15:49:42-04:00,44,398,55
2019-09-04 00:26:53-04:00,147,435,228,458,369,325,356,179,280,381,157,284,318,165,176,178,317,214,445,155,290,139,419,338,191,246,217,266,342,440,201,374,320,347,348,146,418,207,420,211,53,341,423,428,230,380,454,193,175,291,168,451,378,184,452,405,336,229,239,219,234,417,242,443,376,413,426,268,180,384,2,142,351,177,398,218,253,248,456,363,377,167,141,241,240,436,324,404,223,192,357,202,367,362,251,327,330,358,279,189,382,252,285,391,233,203,190,412,151,335,236,444,156,171,260,427,438,337,410,352,209,416,138,292,188,205,149,267,237,231,346,163,216,408,388,158,329,449,385,238,406,359,334,361,174,331,148,370,453,55,170,235,372,198,323,344,393,34,459,224,186,409,154,345,273,143,319,354,373,366,208,316,328,249,437,173,442,455,365,460,431,332,1,315,182,429,206,225,441,355,387,244,386,247,200,322,450,424,213,364,430,164,360,414,326,394,375,140,137,392,159,422,425,215,407,145,297,379,153,199,286,181,349,340,321,421,187,389,339,353,227,411,169,371,457,368,250,333,415,289
2019-09-08 18:04:14-04:00,82,44,89,6,39,35,88
2019-09-08 18:46:34-04:00,146,290,235,167,392,379,457,211,407,418,190,374,424,291,389,156,327,341,335,209,173,429,155,380,207,147,318,176,421,367,346,154,431,375,153,169,229,323,193,427,321,436,336,158,417,248,240,230,356,348,286,325,289,316,141,191,450,320,249,184,382,192,225,347,435,445,187,145,456,437,405,170,177,415,188,408,339,388,406,168,441,351,268,440,329,247,219,368,159,174,142,372,425,253,386,213,420,362,449,214,206,324,231,384,414,260,317,237,234,364,459,332,319,292,409,455,344,239,412,331,315,151,227,443,228,419,179,428,338,175,371,460,328,387,202,353,157,266,246,216,438,349,378,205,393,241,354,422,369,189,251,360,345,365,2,334,355,163,363,233,178,359,426,453,357,337,411,454,171,182,198,238,267,451,373,215,208,180,416,165,413,140,138,199,250,217,34,143,444,340,139,394,366,53,376,430,458,452,186,244,223,252,218,203,242,333,377,322,391,326,200,330,404,385,279,181,224,201,284,370,149,423,285,164,361,236,352,410,381,273,442,148,358,1,342
2019-09-09 18:06:53-04:00,461
2019-09-09 18:08:21-04:00,461
2019-09-09 18:09:27-04:00,461
2019-09-09 18:15:49-04:00,461
2019-09-09 18:17:09-04:00,461
2019-09-09 18:19:02-04:00,461
2019-09-09 18:24:42-04:00,461
2019-09-09 18:28:19-04:00,461
2019-09-09 18:32:08-04:00,461
2019-09-09 18:42:25-04:00,461
2019-09-27 10:54:20-04:00,288
2019-10-19 19:00:50-04:00,35,39,461,88,5,54,48,314,439,288
2019-10-19 19:20:48-04:00,302,307,48,296,309,439,80,297,5,306
2019-10-19 19:21:43-04:00,9
2019-10-21 19:54:41-04:00,306,80,33,114,44
2019-10-21 19:55:45-04:00,112
2019-10-26 20:54:44-04:00,289,418,203,251,230,139,208,345,241,423,359,156,438,173,180,372,260,368,327,168,143,331,449,406,157,178,386,360,267,218,324,442,225,371,193,244,362,458,135,441,187,176,239,405,252,165,378,356,219,321,190,445,354,335,391,153,426,387,246,209,450,357,382,279,174,233,288,1,147,424,229,436,346,404,392,248,415,459,250,215,452,266,141,341,348,182,358,332,216,214,211,355,451,381,163,291,320,242,370,456,373,427,249,164,205,416,342,454,142,407,236,237,231,192,191,408,202,316,175,377,292,428,319,200,328,422,286,366,337,138,457,361,435,444,380,171,340,228,325,154,394,227,159,140,34,375,213,177,413,273,268,334,455,443,240,151,453,429,188,317,384,409,322,2,223,425,353,323,412,393,347,149,421,326,186,330,410,145,315,290,181,169,255,351,198,184,263,167,137,419,155,201,379,217,247,196,437,385,363,238,336,374,376,276,206,189,253,431,364,53,352,224,158,146,349,367,234,460,388,417,389,420,339,179,333,170,338,148,440,318,207,411,199,235,414,365,329,430,369,344
2019-11-17 18:01:56-05:00,21
2019-11-17 18:03:11-05:00,112
2019-11-29 19:33:01-08:00,114,6
2019-12-10 09:03:32-08:00,112,7,5,3
2020-01-04 17:58:36-05:00,1
2020-01-04 17:59:09-05:00,288
2020-01-16 16:22:49-05:00,287
2020-01-21 20:42:55-05:00,287
2020-01-25 14:38:38-05:00,461
2020-01-29 20:25:05-05:00,439
2020-02-14 13:59:29-05:00,26,399,3,311,287,7,114,52,395,48
2020-02-14 14:05:22-05:00,5,2,288,297
2020-02-14 14:28:40-05:00,462,26
2020-02-14 18:25:32-05:00,234,236,175,260,379,193,0,182,240,454,450,9,176,389,443,346,252,420,189,421,456,233,158,171,316,339,408,156,347,449,142,321,194,315,336,184,178,244,354,249,414,174,349,438,323,191,168,223,394,455,199,351,384,247,418,357,291,145,225,359,209,186,241,267,173,205,157,169,5,228,34,417,423,448,153,337,444,135,374,362,327,430,325,415,1,368,411,363,328,235,412,370,459,163,457,237,251,231,216,53,340,329,404,436,139,214,170,409,167,148,207,289,451,387,147,250,330,280,360,322,196,380,405,382,376,464,373,255,365,352,138,377,413,165,356,202,219,230,286,279,345,338,217,381,332,406,151,428,366,179,445,224,238,227,2,458,154,192,137,324,437,426,149,213,355,341,452,320,198,453,326,378,463,181,143,190,246,386,424,292,180,385,393,317,364,266,206,431,425,344,369,372,367,435,248,333,319,140,229,361,440,460,342,253,215,164,416,141,358,290,318,391,208,348,410,273,239,188,388,429,353,427,211,159,419,203,392,334,187,422,177,268,146,371,242,155,407,331,201,200,218,442,441
2020-02-14 23:57:00-05:00,462
2020-02-22 18:04:51-05:00,1
2020-02-23 00:07:07-05:00,432
2020-02-23 00:28:20-05:00,241,356,215,2,410,317,452,139,218,203,207,260,429,181,171,458,354,351,456,279,191,219,420,443,154,292,454,408,349,337,285,359,155,389,158,159,430,407,227,200,428,239,377,228,284,244,379,175,149,370,381,316,323,412,315,344,388,363,236,387,53,214,180,179,449,346,347,177,378,357,371,345,23,151,422,382,329,444,187,352,341,421,216,267,250,163,242,223,240,318,229,338,384,413,208,331,328,409,385,372,333,235,440,455,332,193,169,348,252,199,167,153,436,148,441,419,319,339,164,365,360,146,322,231,327,405,266,368,450,426,358,145,320,201,353,373,224,334,186,230,438,431,355,248,459,249,233,330,394,463,415,325,168,253,406,380,386,234,366,418,205,391,34,211,141,147,414,291,376,143,321,202,290,367,286,198,326,404,182,174,190,336,9,442,165,342,213,453,445,437,423,184,273,268,393,374,247,362,425,251,209,206,189,178,237,361,289,217,460,364,140,170,411,417,392,369,451,138,464,176,156,340,238,157,424,435,416,142,188,457,246,225,427,192,173,324
2020-02-23 16:33:33-05:00,102,51,76,306,448,7,101,432,33
2020-02-23 16:43:29-05:00,34,268,436,2,438,267,241,181,286,53,279,9,266
2020-02-23 16:46:13-05:00,53
2020-02-24 14:31:18-05:00,1
2020-02-27 10:18:06-05:00,462
2020-03-02 11:57:50-05:00,287
2020-03-05 15:39:28-05:00,288
2020-03-05 15:40:02-05:00,288
2020-03-07 22:02:23-05:00,307,461,100,112,44,48,305,58,84,7,114,76,5
2020-03-08 17:16:16-04:00,462
2020-03-08 19:05:46-04:00,401,400,33,5,402
2020-03-11 16:35:44-04:00,462
2020-03-14 19:22:12-04:00,1
2020-03-14 19:22:49-04:00,34,9
2020-03-14 22:04:44-04:00,11,465,472,1,482,33,475,483,468,469,485,480,473,470,466,476,287,481,479,305,478,288,89,471,484,477,467,474
2020-03-14 22:48:18-04:00,377,329,318,319,148,167,497,246,247,459,378,382,494,381,145,156,418,422,184,141,353,147,228,369,340,252,186,190,444,223,362,394,230,53,423,171,251,371,455,489,392,165,170,321,244,492,331,249,229,138,153,217,187,326,415,424,324,203,380,490,404,495,213,323,419,315,206,291,442,191,425,179,240,417,205,409,357,215,208,414,456,175,163,358,460,449,430,441,146,178,9,368,363,385,273,289,428,268,242,317,431,463,405,367,457,349,157,142,140,292,236,406,285,452,410,344,429,193,199,354,177,328,2,334,341,486,491,182,438,412,450,180,420,360,388,192,235,174,347,427,198,488,356,338,332,391,253,416,225,464,330,316,407,233,137,237,231,333,437,408,202,421,209,241,336,365,411,155,413,435,151,189,250,352,454,346,173,355,345,379,234,348,453,387,290,366,280,337,188,374,320,224,227,169,372,211,496,376,440,149,451,370,443,139,158,207,284,361,34,325,181,239,393,200,154,143,248,342,445,201,260,164,458,238,168,286,214,218,219,373,359,327,384,159,176,322,339,436,351,426,487,364,493,386,216,389
2020-03-15 18:08:00-04:00,34,9
2020-03-15 18:30:32-04:00,320,426,157,340,200,349,268,149,459,436,213,219,247,170,423,146,376,413,443,464,227,414,139,325,382,430,315,171,155,317,371,214,164,236,248,388,387,218,365,138,153,323,418,233,234,344,364,411,180,169,361,435,384,453,415,456,391,360,142,381,174,441,178,341,208,2,368,148,358,250,431,140,188,290,211,179,151,339,321,420,249,370,416,231,189,229,445,342,175,409,345,338,458,386,389,457,392,429,333,173,318,238,209,165,412,450,190,186,141,184,378,216,337,346,351,291,372,330,406,147,199,273,191,207,408,379,328,145,228,241,242,449,454,356,192,455,362,177,417,217,407,235,373,143,168,167,444,53,331,352,154,421,463,244,353,369,425,202,438,422,380,326,394,159,366,206,393,163,251,332,437,427,324,286,367,224,357,260,156,336,451,334,460,237,230,285,316,405,428,9,385,246,182,442,198,240,289,252,292,34,322,319,225,158,354,440,215,359,424,347,377,223,327,419,410,253,284,452,193,355,176,374,203,404,348,181,363,329,239,201,187,205
2020-03-15 18:31:44-04:00,1
2020-03-15 18:35:34-04:00,461
2020-03-15 20:12:15-04:00,461
2020-03-17 16:15:35-04:00,287
2020-03-21 21:22:43-04:00,498,48,307,401,9
2020-03-23 14:47:28-04:00,307,402,48,7
2020-03-23 23:13:09-04:00,292,291,175,490,453,357,153,438,218,491,176,191,286,329,417,141,224,178,440,182,242,380,370,424,173,228,285,342,405,407,415,246,326,374,361,9,487,377,203,352,486,392,422,159,334,181,248,365,138,347,412,139,177,444,355,156,180,338,391,211,495,320,457,237,247,351,238,327,411,455,386,393,362,336,493,323,436,385,252,497,157,170,496,363,366,193,53,367,463,239,348,155,154,317,251,353,358,418,359,427,372,284,174,225,435,227,244,379,345,205,404,316,216,201,328,459,419,230,188,231,186,429,260,494,413,420,324,360,384,318,241,332,2,452,213,199,145,253,171,158,200,333,492,208,164,331,149,346,344,451,337,437,387,187,34,330,321,315,190,454,406,215,165,445,428,192,290,382,168,219,449,189,408,354,233,460,464,322,430,217,376,289,250,456,179,223,371,235,368,458,147,349,202,409,423,441,268,381,394,431,207,319,240,236,414,214,389,169,146,339,426,140,410,340,198,151,325,234,273,369,450,148,416,142,421,163,488,388,364,373,443,425,184,229,167,341,209,489,356,378,206,442,249,143
2020-03-30 13:48:08-04:00,287
2020-03-31 19:14:59-04:00,305,105,56,89,14,2,448,84,301,299,34,311,54,439,461,46,55,309,9,101,5,302,57,29,432,296,402,306,1,48,398,51,80,117,499,297,3,396,58,401,307,52,303,434,76
2020-03-31 19:33:47-04:00,305,52,302,500,33,9,46,57,297
2020-03-31 20:56:52-04:00,48,313,112,9,433,52,311,288,84,307,51,296,501,287
2020-04-04 21:18:28-04:00,461
2020-04-04 21:33:51-04:00,307,288,502,9,401,287
2020-04-04 21:58:54-04:00,286,347,147,366,358,454,326,142,441,381,345,407,444,370,164,146,394,280,516,219,323,349,340,514,405,463,207,421,145,369,215,235,324,438,425,437,268,252,363,267,385,139,377,429,389,427,244,236,510,154,408,168,373,248,376,368,229,141,508,227,362,319,413,52,416,503,193,230,351,177,233,354,449,205,445,237,387,415,242,231,372,223,338,419,189,159,318,328,325,411,173,255,342,393,169,191,371,211,156,443,361,450,285,273,451,346,453,240,217,339,260,284,238,200,423,163,201,420,414,289,315,253,216,406,378,511,175,184,199,417,179,249,332,250,409,418,203,504,379,187,171,386,224,143,153,334,456,196,436,322,292,140,333,384,374,182,279,149,239,357,391,317,460,327,209,455,329,208,360,410,367,380,430,330,192,424,53,178,180,188,202,213,452,228,181,234,1,261,266,170,190,353,336,206,151,218,364,435,459,165,431,440,291,426,176,321,442,365,352,356,174,505,186,341,148,513,214,359,158,198,138,404,137,167,337,392,355,428,100,348,458,316,422,290,388,509,51,331,512,157,225,457,382,307,246,344,507,241,464,251,506,515,412,155,274,320,247
2020-05-04 11:08:56-04:00,399,287,402
2020-05-15 17:39:59-04:00,102,101
2020-05-15 17:51:55-04:00,76,462,287,44,306
2020-05-16 14:24:03-07:00,48,9,517,1,287,518
2020-05-16 17:26:05-04:00,52,520,519,9,48,287
2020-05-16 17:26:44-04:00,5,307,461
2020-05-16 17:27:19-04:00,439,314
2020-05-16 17:27:51-04:00,306,307,462,287
2020-05-16 17:28:31-04:00,52,288
2020-05-16 18:23:11-04:00,228,355,227,354,331,456,413,532,508,289,179,427,392,164,507,171,229,191,418,215,208,459,141,412,248,242,231,137,233,454,521,458,202,323,425,169,9,143,338,345,377,333,244,252,192,329,201,214,151,157,34,239,255,384,319,380,414,372,165,504,290,391,253,53,357,230,241,435,181,530,513,327,251,235,410,267,438,351,423,170,142,405,536,145,285,332,190,180,349,353,364,326,217,464,420,443,148,153,280,320,371,428,509,516,238,273,209,376,404,363,199,512,291,178,216,237,379,219,324,523,515,537,450,139,156,207,234,370,316,463,146,360,406,347,385,358,457,203,365,539,163,419,441,422,421,317,196,167,368,525,529,176,334,211,535,147,367,266,534,339,341,426,531,526,449,505,240,342,411,445,452,325,218,506,279,348,514,187,177,386,444,337,197,533,224,188,436,292,200,135,236,381,186,356,378,388,149,366,369,346,182,522,352,416,455,206,387,260,393,503,394,510,336,409,430,225,541,198,524,451,528,374,318,431,362,154,542,359,315,511,286,330,429,155,249,184,140,159,540,268,440,328,373,442,460,175,322,168,174,408,527,340,424,407,173,138,189,223,213,538,246,417,382,389,250,247,205,158,453,415,344,1,193,437
2020-05-21 12:36:40-04:00,1
2020-05-25 20:34:05-04:00,461,51,48,33,29,56,543,5,9,3,520,7,52
2020-05-25 20:34:42-04:00,313,296
2020-05-25 22:37:08-04:00,292,363,184,528,214,167,324,538,362,180,355,159,340,157,360,333,337,163,530,460,233,429,322,437,424,458,436,541,351,326,140,408,137,391,422,369,176,289,454,341,206,417,252,192,240,200,174,532,542,148,453,537,459,450,211,430,525,328,202,373,291,438,414,209,253,216,509,199,536,325,522,193,146,411,456,347,386,332,385,523,205,188,370,201,409,378,218,318,143,139,441,190,155,334,248,384,415,352,524,224,249,452,419,149,443,464,405,142,331,508,177,374,393,506,515,164,511,514,344,389,219,376,323,203,156,138,244,316,404,423,268,533,187,349,189,153,510,516,380,507,250,145,286,327,372,412,431,336,237,451,503,521,348,178,410,207,239,539,329,320,290,228,367,382,229,394,407,170,426,179,154,181,241,236,427,540,359,457,191,273,354,387,392,235,165,186,247,428,225,171,505,366,504,319,242,435,531,2,413,353,251,535,527,526,512,182,238,442,141,371,421,151,227,381,346,358,420,317,345,339,365,315,444,230,217,53,388,364,234,158,169,231,418,260,338,377,416,168,208,379,513,406,223,246,198,356,440,342,285,147,455,449,445,175,534,425,173,463,34,357,368,330,213,215,529
2020-06-01 17:00:44-04:00,400,401
2020-06-04 17:40:33-04:00,501,520,398,48,33,5,55,52
2020-06-18 14:28:48-04:00,46
2020-06-27 12:38:02-04:00,396,106,51,400
2020-06-27 14:47:54-04:00,33,297
2020-07-17 12:21:54-04:00,501,297,520,89
2020-07-17 12:23:09-04:00,100,55,520
2020-07-17 15:59:22-04:00,535,373,512,198,444,412,531,238,422,445,351,173,224,426,539,346,451,513,438,464,456,537,417,231,237,463,509,504,358,334,279,180,247,277,523,339,273,532,413,364,199,146,278,323,145,165,367,355,276,317,436,241,182,211,292,424,169,522,404,219,378,449,510,268,213,457,331,202,151,362,326,368,320,249,528,508,233,443,138,191,393,171,442,153,168,329,332,340,236,142,147,366,192,359,239,459,170,536,414,387,357,348,427,266,431,379,174,9,372,178,392,235,541,189,155,441,188,252,374,407,242,217,137,205,244,389,454,186,369,218,34,428,514,208,419,184,333,163,291,263,505,538,319,370,209,376,507,524,527,440,416,227,253,228,318,429,214,435,200,450,201,156,290,267,260,328,363,265,337,2,534,341,234,190,207,325,430,149,230,540,179,529,409,405,385,148,418,158,421,167,420,386,215,246,381,139,394,203,423,521,176,251,154,455,347,503,327,377,384,206,425,315,344,530,525,353,391,193,411,382,365,240,289,526,264,316,437,406,460,380,143,177,342,515,408,322,345,140,360,157,356,250,506,458,175,354,542,511,516,225,181,415,453,330,371,248,338,159,187,324,410,336,349,164,229,223,286,533,216,352,388,452,53,141
2020-07-27 11:55:47-04:00,46
2020-08-15 14:03:39-04:00,1
2020-08-15 14:04:23-04:00,14,21
2020-08-15 17:58:39-04:00,461
2020-08-22 15:22:48-04:00,461,520
2020-08-23 17:20:16-04:00,4,520,400,448,51,29
2020-08-23 17:59:20-04:00,307,33,287
2020-09-02 14:00:33-04:00,288
2020-09-20 01:02:07-04:00,9
2020-09-20 19:04:20-04:00,82,24,35,88,544,9,461,38,39,485
2020-09-21 14:41:44-04:00,299,520,7
2020-10-03 16:10:48-04:00,462
2020-10-03 16:32:35-04:00,3
2020-10-03 17:09:45-04:00,305
2020-10-03 17:41:24-04:00,287,48,5
2020-10-04 20:19:42-04:00,5,303
2020-10-14 23:30:13-04:00,88,517,518,35,38,544,82,39,24,5,9
2020-10-17 21:04:45-04:00,344,409,327,319,527,408,250,186,57,428,382,224,427,247,139,198,367,505,331,2,225,411,76,290,536,249,384,454,463,415,541,180,391,286,445,410,140,209,146,252,205,354,177,248,503,369,542,422,318,215,538,530,167,328,169,153,191,159,526,348,112,170,202,142,437,359,230,419,531,181,377,385,364,173,513,260,229,268,291,525,231,539,371,316,189,306,105,201,347,193,200,387,357,358,227,352,289,413,418,506,48,452,372,148,523,55,430,381,420,239,533,341,515,164,374,351,337,342,147,52,336,178,228,329,157,179,363,389,168,156,392,184,404,405,240,334,440,322,330,425,251,143,207,376,279,208,175,320,236,219,407,234,241,512,370,345,244,378,393,380,439,192,442,138,432,217,528,412,394,511,56,508,416,340,44,414,537,365,346,141,438,171,174,426,326,510,424,213,429,53,333,435,332,182,58,233,34,456,188,292,324,238,453,187,460,388,507,216,203,524,190,145,154,457,137,464,449,516,417,522,514,509,379,266,9,218,423,441,163,338,235,199,532,355,303,297,242,421,540,459,373,206,273,267,360,529,223,451,353,214,504,176,443,155,444,455,211,436,323,253,165,362,534,448,317,158,246,315,458,521,356,151,406,368,535,349,301,431,237,386,325,149,6,339,366,450
2020-10-25 19:48:10-04:00,5,303,48,112
2020-10-27 11:22:54-04:00,288,3,84,519,520,52
2020-11-04 16:27:42-05:00,511,382,317,164,137,141,449,187,445,393,515,430,380,177,230,370,535,354,522,169,426,154,178,315,239,417,148,427,347,201,394,157,155,404,425,406,539,379,189,533,327,512,454,365,531,532,206,209,389,516,385,163,323,444,237,207,322,436,342,505,523,457,440,170,358,140,463,346,362,236,344,438,253,351,246,525,352,345,233,450,455,328,509,530,234,240,452,173,181,266,428,182,149,387,391,341,198,545,372,453,359,381,336,538,443,330,333,409,138,159,184,357,145,273,34,507,165,156,248,231,459,238,458,506,176,218,224,526,460,421,216,431,349,316,146,53,267,504,332,419,407,420,456,193,340,179,142,202,139,360,388,188,225,527,464,386,175,339,200,291,546,437,292,355,167,418,510,534,143,329,514,242,451,244,235,414,528,442,416,413,186,423,191,412,279,415,318,249,286,250,529,377,180,241,319,337,326,435,219,213,541,356,367,363,268,371,223,508,325,503,410,289,217,405,199,376,364,192,151,229,378,540,2,324,422,374,174,100,537,536,348,331,147,441,214,353,366,260,429,408,252,338,542,290,171,211,368,369,158,373,320,215,521,411,168,208,228,190,424,203,334,392,251,384,205,227,513,247,524,153
2020-11-04 16:38:08-05:00,9
2020-12-19 20:29:26-05:00,9,34,461
2020-12-20 21:07:21-05:00,503,537,535,238,167,332,542,250,424,324,443,464,143,149,529,372,546,392,451,224,251,139,323,425,173,532,540,416,322,291,228,206,356,177,157,230,341,438,422,384,412,231,459,457,404,358,187,237,421,408,290,363,151,135,53,455,385,456,236,229,140,239,418,353,247,531,513,522,514,406,521,292,155,387,419,463,164,147,349,545,148,336,524,436,426,253,244,252,516,198,373,368,174,389,188,530,207,145,506,360,508,326,369,189,378,460,205,246,241,371,359,334,458,423,348,234,427,342,391,538,320,190,507,441,184,142,352,407,429,415,328,154,533,445,510,138,217,452,539,175,536,409,374,156,214,260,191,192,213,449,289,541,437,444,347,505,428,450,527,168,453,9,218,525,454,268,219,380,377,440,370,528,388,405,178,364,382,411,171,240,2,357,223,248,393,215,318,153,235,534,176,346,355,208,227,504,199,394,181,339,273,366,242,182,180,430,216,376,137,330,203,337,365,435,316,202,141,333,354,169,186,526,225,511,381,267,367,165,338,233,523,193,179,410,344,515,431,201,249,509,417,331,163,211,325,158,319,317,386,414,159,362,345,200,209,420,170,146,315,512,351,413,327,329,340,442,379
2020-12-20 21:16:04-05:00,34
2021-02-01 00:05:07-05:00,7,35,55,502,4,38,314,402,520,9,396,82,28,84,398,5,106,44,544,29,24,498,401,39,88,501,461,518,547,33,3,6,56,48,54,102
2021-02-28 22:59:19-05:00,45,9,88,82,131,549,461,24,39,38,35,548,544
2021-02-28 23:01:06-05:00,551,550
2021-02-28 23:02:46-05:00,550
2021-02-28 23:03:07-05:00,550
2021-02-28 23:03:35-05:00
2021-02-28 23:04:08-05:00,551
2021-02-28 23:04:29-05:00
2021-02-28 23:05:48-05:00,550
2021-02-28 23:07:32-05:00,551
2021-03-07 20:59:27-05:00,547,3,80,48
2021-03-07 21:38:03-05:00,80,58,57
2021-03-14 22:20:03-04:00,7,307,299
2021-04-03 17:45:03-04:00,438,394,223,346,147,241,191,148,151,417,460,509,411,344,175,181,512,174,524,355,341,541,340,158,338,454,458,392,413,315,325,420,139,2,388,329,228,437,219,188,376,173,141,169,279,179,248,430,364,431,336,369,176,317,542,236,143,326,318,159,429,190,234,422,224,532,187,360,510,514,356,268,199,353,424,237,378,171,538,252,459,531,449,525,515,456,528,463,244,505,267,391,529,371,334,157,332,534,389,9,137,428,442,229,393,348,156,170,216,504,444,537,142,410,316,418,0,370,527,186,452,214,385,352,373,250,331,339,217,377,507,320,182,327,149,436,358,251,407,365,445,165,530,155,535,238,354,177,416,192,266,511,235,330,404,455,409,230,457,351,203,540,342,202,545,184,206,372,450,359,146,240,523,405,207,380,366,451,322,368,286,506,323,178,218,382,213,291,328,290,345,387,273,153,231,324,145,164,441,419,349,154,138,508,362,425,239,289,319,379,412,453,421,225,249,201,546,34,357,260,367,435,253,246,552,198,522,215,374,386,406,408,415,200,211,347,140,193,443,53,292,427,247,189,227,414,440,167,168,209,526,423,513,553,333,208,363,426,536,539,163,516,337,180,242,381,503,464,205,233,521,533,384
2021-04-07 22:36:40-04:00,462
2021-04-17 00:17:57-04:00,7,307
2021-04-21 22:49:02-04:00,207,202,246,535,456,205,182,358,155,148,347,409,371,508,192,170,317,463,142,392,252,521,428,168,233,503,374,140,356,154,177,164,370,544,509,359,231,510,412,364,158,153,341,176,516,394,435,334,411,539,273,405,289,523,338,413,306,206,230,384,393,189,427,460,526,348,24,326,286,444,372,165,369,373,346,234,330,137,167,191,533,357,553,240,218,146,458,452,552,410,209,187,2,215,82,404,217,459,324,540,175,145,430,515,441,388,352,201,35,438,545,368,323,235,237,179,169,407,512,171,180,386,268,415,333,440,213,143,522,198,385,416,504,219,228,292,344,149,511,316,377,366,443,406,423,541,157,147,203,38,225,216,454,514,320,360,455,244,436,88,223,329,327,537,353,331,380,528,365,414,332,250,417,227,174,340,248,39,419,524,529,431,342,425,181,378,242,450,199,422,349,336,319,387,426,186,184,34,159,260,536,328,339,362,9,290,457,190,376,453,315,542,200,429,355,156,214,421,546,322,267,442,139,163,534,138,505,354,239,379,531,367,337,291,449,507,418,351,424,389,363,208,188,53,238,224,151,345,178,506,391,247,318,420,236,211,193,513,241,249,408,532,445,251,525,451,325,141,381,527,538,229,437,173,253,530,464,382
2021-05-01 19:08:29-04:00,461
2021-05-02 19:20:49-04:00,9,1,461,501,282,82,310,555,544,554,102,33,44,28,84
2021-05-02 19:22:15-04:00,1
2021-05-13 10:10:28-04:00,287
2021-06-07 18:47:00-04:00,1,112,101,501,9,547,544,114,556,302,54,33,306,2,297,58,461,80,57,48,518,396,3
2021-06-22 16:09:31-04:00,53
2021-07-05 18:39:41-04:00,287
2021-07-09 16:50:13-04:00,397
2021-08-10 23:52:19-04:00,439
2021-09-08 17:58:01-04:00,45
2021-09-13 14:18:48-04:00,544,38,82,88,520,35,9,519,39
2021-09-20 19:33:29-04:00,14
2021-09-20 19:46:54-04:00,393,348,9,174,406,274,234,422,323,207,242,553,535,379,431,218,371,438,142,156,211,254,182,416,440,453,351,216,407,504,239,241,273,225,355,336,532,424,233,419,178,367,217,515,525,200,154,249,342,193,540,229,347,180,542,411,137,252,326,349,231,452,280,414,320,195,420,317,238,373,268,443,330,427,146,159,421,545,508,329,318,354,213,370,458,181,196,552,445,386,187,215,201,358,374,405,275,188,151,527,353,430,376,228,179,450,456,392,338,264,428,536,255,164,244,333,292,267,362,331,327,277,387,360,454,346,153,140,409,168,246,189,155,538,530,279,415,170,377,173,389,247,437,529,380,523,237,537,205,391,382,507,408,339,364,261,192,412,324,250,209,230,176,457,441,378,322,175,206,191,328,463,444,356,359,524,521,2,248,208,368,449,184,289,352,334,286,442,426,203,539,369,345,202,263,522,417,436,177,290,141,385,53,435,528,315,512,171,455,526,143,366,325,394,340,341,135,139,363,533,236,384,372,546,227,163,240,145,404,276,190,534,262,138,223,147,169,541,149,316,357,514,148,235,214,460,531,291,503,388,410,157,219,344,319,511,464,158,199,186,510,365,505,418,266,413,260,459,337,165,516,34,332,451,509,253,423,429,425,167,251,506,513,224,381,198
2021-09-24 11:47:02-04:00,287
2021-10-02 21:00:29-04:00,301,396,395,461,400,399,76,52,14,402,306,314,33,397,84,398
2021-10-03 22:20:57-04:00,1,45
2021-10-04 12:07:20-04:00,84,287,6,3,288,33,76,5,52,7
2021-10-13 20:45:59-04:00,299,499,48,302,517
2021-10-19 11:51:42-07:00,402,287,399,33,307
2021-11-03 13:22:06-04:00,287
2021-11-03 13:38:41-04:00,14
2021-11-03 16:09:42-04:00,35,38,9,557,39,558,1,5,88,519,48,306,33,312,82,52,544,448,34,461,100,297,520
2021-11-04 23:30:47-04:00,314,46,4,439
2021-11-04 23:41:43-04:00,48,89,519,51,307
2021-11-05 00:09:06-04:00,4,314,519
2021-11-12 01:23:28-05:00,51,29
2021-11-15 19:34:51-05:00,307,29,33
2021-12-13 17:28:25-05:00,313,35,560,9,48,559,461,297,302,39,54,24,52,287
2021-12-13 18:54:48-05:00,542,359,267,266,388,373,429,176,334,287,503,241,524,292,526,224,137,342,229,387,199,235,521,319,279,234,187,513,148,9,215,2,509,457,411,169,184,333,145,315,188,445,442,286,419,431,356,179,141,346,338,525,412,201,248,380,53,452,528,225,423,211,244,202,506,444,323,523,427,568,236,139,539,391,553,529,237,208,511,569,562,410,317,146,291,456,316,371,425,541,522,289,567,424,200,233,563,376,426,372,347,407,428,566,422,374,416,285,337,441,174,370,436,151,536,240,537,570,186,367,190,561,251,1,450,572,168,34,331,250,460,381,414,182,324,531,358,330,353,438,157,530,328,218,149,340,565,430,143,153,454,508,209,408,545,178,362,231,515,366,322,273,339,355,164,421,393,163,326,532,189,392,458,320,230,546,415,389,345,516,158,453,363,512,247,147,464,217,140,405,505,138,180,246,406,385,354,459,527,219,533,227,238,205,332,327,329,379,142,449,437,193,173,504,463,167,192,510,352,171,290,216,409,344,369,156,223,213,206,242,249,260,435,404,534,239,288,349,253,252,203,318,207,384,564,535,514,451,420,538,159,552,198,280,455,155,348,228,540,191,413,368,177,382,386,507,135,360,154,181,394,341,175,417,365,325,377,440,571,268,165,378,170,214,443,336,351,418,364,357
2022-01-08 02:43:01-05:00,461
2022-01-15 13:30:02-05:00,0,573,9,1
2022-01-17 18:51:54-05:00,71,63,70,110,62,575,7,68,108,44,461,74,107,109,76,84,75,58,100,69,67,64,574,54,65,66,88,5,9
2022-01-19 21:50:48-05:00,288,287
2022-01-24 11:57:11-05:00,2
2022-01-29 22:24:54-05:00,581,82,501,39,520,35,9,583,88,580,584,461,582,579,585,577,576,578
2022-01-29 22:57:21-05:00,48
2022-01-30 20:59:08-05:00,461,9,434,518,581,586
2022-02-01 17:17:25-05:00,298
2022-02-01 17:18:46-05:00,57,306,586,501,575
2022-03-03 11:18:08-05:00,287
2022-03-03 13:07:56-05:00,557,558,461
2022-03-12 07:54:52-05:00,287
2022-03-12 07:56:00-05:00,288
2022-03-13 15:23:17-04:00,100,557,558
2022-03-13 16:21:52-04:00,82,24,38,100,39,461,544,587,88,35
2022-04-07 21:30:09-04:00,287
2022-04-07 21:30:32-04:00,137
2022-04-08 12:43:06-04:00,461,9
2022-04-13 17:42:03-04:00,559,560
2022-04-13 19:55:39-04:00,234,464,316,146,135,319,443,341,233,449,53,440,422,392,179,507,460,410,218,143,565,404,421,521,408,236,506,393,242,260,349,570,240,342,346,145,425,317,177,201,164,235,515,209,327,532,291,365,424,287,169,564,540,193,238,348,178,168,454,174,384,418,451,510,367,445,223,503,414,435,203,420,182,231,246,423,356,354,225,442,147,154,213,138,355,377,247,528,332,374,405,562,175,437,328,331,524,512,388,431,552,539,228,530,458,553,325,230,459,546,330,199,534,360,289,190,324,430,504,511,379,533,184,407,568,513,326,409,9,165,267,371,239,202,333,526,566,318,159,352,394,386,241,457,508,307,351,358,244,157,412,376,208,170,266,249,337,382,207,544,523,406,149,441,411,206,336,369,419,436,368,426,217,415,366,362,347,363,171,537,381,137,189,453,320,173,567,427,153,372,370,378,516,522,541,535,229,416,167,452,389,529,224,191,323,250,525,413,428,216,391,329,1,139,142,187,531,563,176,273,186,505,429,357,364,248,527,385,353,514,219,2,569,140,387,380,292,572,463,456,148,211,252,509,444,571,344,315,334,180,198,188,156,373,268,141,338,438,545,192,251,200,253,359,455,181,322,151,561,417,227,345,339,214,290,538,536,215,542,340,205,163,158,237,155,279,34,450
2022-04-17 14:27:33-04:00,559
2022-04-17 16:20:41-04:00,538,341,454,205,367,235,509,435,553,572,449,571,542,292,344,458,423,357,418,168,566,404,173,348,389,405,351,153,157,443,141,380,408,317,374,540,170,200,541,428,563,252,268,552,346,280,2,349,516,352,215,565,442,315,360,330,9,179,355,364,354,535,244,158,248,456,339,382,450,427,528,190,422,379,163,506,562,191,176,411,180,378,181,189,419,151,203,372,207,532,178,148,246,526,358,231,234,193,363,213,567,421,239,208,537,177,510,223,420,436,333,146,219,253,260,224,438,441,342,452,459,159,529,429,417,513,53,347,525,514,569,154,251,202,371,561,381,267,460,324,386,523,266,155,192,453,240,511,290,167,356,331,175,216,250,393,570,539,328,536,165,336,376,431,527,508,227,319,320,445,230,504,457,145,138,437,424,384,388,236,201,410,365,464,329,545,430,387,546,318,149,322,416,368,286,370,209,412,273,211,140,407,291,415,345,353,373,385,534,440,568,1,228,198,391,171,169,188,515,394,338,522,247,463,507,174,332,325,289,316,142,392,505,214,323,564,409,164,444,340,242,206,426,218,451,233,225,184,533,327,156,362,334,237,377,406,512,530,425,143,413,279,229,369,414,135,241,186,359,217,521,238,187,524,199,147,34,503,337,531,249,139,366,182,455,326
2022-04-18 12:15:40-04:00,53
2022-04-23 11:47:54-04:00,461,3,547,55,6,560
2022-04-28 11:48:51-04:00,288
2022-04-28 12:30:09-04:00,461,306
2022-04-28 15:36:49-04:00,461
2022-05-06 12:07:20-04:00,288
2022-05-16 11:22:14-04:00,48
2022-05-26 19:35:48-04:00,544,38,9,461,39,24,82,35,88
2022-05-26 19:36:49-04:00,45
2022-06-10 19:40:21-04:00,461
2022-06-12 00:32:02-04:00,46,547,55,4,560,461
2022-06-12 00:32:32-04:00,287
