2016-09-26 22:50:16-07:00,
2016-09-27 22:02:14-07:00,2,
2016-09-28 00:12:50-07:00,
2016-09-28 00:13:27-07:00,
2017-01-12 05:46:25+01:00,
2017-01-12 06:03:04+01:00,
2017-01-12 06:19:16+01:00,
2017-01-12 06:20:45+01:00,
2017-01-12 07:03:53+01:00,
2017-01-12 07:06:04+01:00,
2017-01-12 08:09:00+01:00,
2017-01-15 23:51:43+01:00,
2017-01-15 23:53:06+01:00,
2017-01-16 01:02:14+01:00,
2017-02-13 18:56:51+01:00,
2017-09-24 15:25:46+02:00,1,3,11,
2017-09-24 16:01:36+02:00,
2018-01-06 16:26:03+01:00,
2018-01-07 19:31:31+01:00,
2018-01-07 21:43:10+01:00,
2018-01-13 22:49:10+01:00,37,
2018-02-18 17:55:32+01:00,
2018-02-18 18:11:31+01:00,
2018-02-25 19:35:42+01:00,
2018-03-26 21:49:07+02:00,
2018-04-14 12:52:47+02:00,
2019-02-04 20:50:09+01:00,
2019-05-07 15:01:26+02:00,10,39,58,50,21,59,60,61,64,51,52,12,
2019-05-07 20:36:36+02:00,
2019-05-07 22:37:15+02:00,
2019-05-08 00:29:49+02:00,
2019-05-08 01:00:46+02:00,
2019-05-08 01:39:00+02:00,
2019-05-08 02:35:35+02:00,
2019-05-08 03:50:50+02:00,
2019-05-08 09:09:35+02:00,
2019-05-08 20:24:04+02:00,
2019-05-09 05:06:15+02:00,
2019-05-09 06:55:04+02:00,
2019-05-09 06:55:04+02:00,
2019-05-09 07:41:16+02:00,
2019-05-09 17:02:35+02:00,
2019-05-10 10:35:46+02:00,
2019-05-10 16:14:09+02:00,
2019-05-10 19:16:31+02:00,
2019-05-11 03:24:37+02:00,
2019-05-11 03:24:37+02:00,
2019-05-11 03:24:37+02:00,
2019-05-14 17:32:31+02:00,
2019-05-16 21:35:46+02:00,
2019-05-16 21:42:16+02:00,
2019-05-16 22:19:40+02:00,
2019-05-16 22:24:39+02:00,
2019-05-18 14:59:24+02:00,
2019-05-23 12:34:13+02:00,
2019-06-03 20:47:21+02:00,
2019-06-04 23:50:28+02:00,
2019-06-04 23:51:46+02:00,
2019-06-05 00:01:23+02:00,
2019-06-05 00:01:55+02:00,
2019-06-09 17:11:58+02:00,
2019-08-27 14:49:25+02:00,
2019-08-28 12:17:35+02:00,82,
2019-09-15 01:39:36+02:00,
2019-09-15 01:51:57+02:00,
2019-09-30 16:39:50+02:00,
2019-10-01 03:37:25+02:00,
2019-10-01 03:37:25+02:00,
2019-10-01 23:13:39+02:00,
2019-10-01 23:27:52+02:00,
2019-10-09 12:52:12+02:00,
2019-10-14 01:59:24+02:00,
2019-10-24 12:35:13+02:00,
2019-10-24 23:26:03+02:00,
2019-11-10 18:23:28+01:00,
2019-11-13 14:00:13+01:00,
2019-11-13 14:31:26+01:00,
2019-12-12 23:24:13+01:00,
2020-02-23 12:42:57+01:00,
2020-04-02 14:39:03+02:00,
2020-04-02 15:26:41+02:00,
2020-05-31 18:06:30+02:00,
2020-06-10 21:14:03+02:00,
2020-06-12 07:56:33+02:00,
2020-06-21 16:16:01+02:00,
2020-06-24 14:46:16+02:00,
2020-08-02 18:42:18+02:00,
2020-09-19 14:17:33+02:00,
2020-09-20 19:35:26+02:00,
2020-09-20 22:59:07+02:00,
2020-10-18 14:23:11+02:00,
2020-10-18 14:31:58+02:00,
2020-10-18 14:43:24+02:00,
2020-10-18 15:46:20+02:00,
2020-10-18 15:55:22+02:00,
2020-10-18 15:59:00+02:00,
2020-12-27 20:33:23+01:00,
2021-03-08 10:52:17+01:00,
2021-03-08 13:26:26+01:00,
2021-05-02 15:38:31+02:00,
2021-06-15 21:55:53+02:00,76,77,
2021-07-06 20:46:02+02:00,
2021-07-25 15:27:15+02:00,
2021-07-26 21:36:54+02:00,
2021-08-03 21:32:38+02:00,
2021-08-04 12:42:24+02:00,
2021-08-04 19:37:40+02:00,136,
2021-08-14 21:56:08+02:00,119,121,122,123,124,
2021-08-19 21:04:01+02:00,
2021-08-20 09:34:12+02:00,
2021-08-20 18:31:18+02:00,
2021-08-21 13:18:54+02:00,53,81,94,109,110,111,112,113,85,86,27,28,29,30,32,33,34,35,36,
2021-08-21 15:09:19+02:00,
2021-08-21 15:20:20+02:00,
2021-08-21 16:11:06+02:00,
2021-08-21 20:23:52+02:00,
2021-08-22 13:57:24+02:00,
2021-08-23 08:41:49+02:00,
2021-08-23 20:41:44+02:00,
2021-08-24 22:55:34+02:00,
2021-08-25 12:24:30+02:00,
2021-08-25 19:30:16+02:00,
2021-08-26 19:34:49+02:00,
2021-08-27 21:15:21+02:00,
2021-09-01 09:44:38+02:00,
2021-09-01 20:39:29+02:00,79,107,108,
2021-09-02 11:28:14+02:00,
2021-09-03 22:53:19+02:00,
2021-09-06 09:54:11+02:00,
2021-09-11 13:22:33+02:00,
2021-09-13 07:06:27+02:00,
2021-09-14 06:53:16+02:00,
2021-09-14 22:45:24+02:00,
2021-09-14 23:38:32+02:00,
2021-09-15 10:27:37+02:00,
2021-09-18 15:20:14+02:00,
2021-09-20 20:27:47+02:00,
2021-09-20 21:08:24+02:00,
2021-09-21 19:20:51+02:00,
2021-09-26 20:38:20+02:00,
2021-09-30 23:05:24+02:00,4,105,106,83,118,22,88,23,162,25,148,102,125,170,165,129,156,99,159,6,84,90,24,164,26,150,104,127,172,167,131,116,158,98,101,161,
2021-09-30 23:11:11+02:00,
2021-10-01 11:37:56+02:00,
2021-10-01 20:05:46+02:00,
2021-10-01 20:14:15+02:00,
2021-10-01 20:28:22+02:00,
2021-10-01 20:56:58+02:00,
2021-10-01 23:27:54+02:00,
2021-10-01 23:29:30+02:00,
2021-10-01 23:34:24+02:00,
2021-10-01 23:56:26+02:00,
2021-10-02 11:16:08+02:00,
2021-10-02 12:20:22+02:00,
2021-10-02 14:42:23+02:00,
2021-10-02 14:43:02+02:00,
2021-10-02 18:00:48+02:00,
2021-10-03 16:22:12+02:00,
2021-10-03 17:17:07+02:00,
2021-10-03 17:45:06+02:00,
2021-10-04 13:00:29+02:00,
2021-10-04 14:57:58+02:00,
2021-10-05 13:00:03+02:00,
2021-10-06 22:35:59+02:00,
2021-10-06 23:25:47+02:00,
2021-10-07 16:03:28+02:00,
2021-10-07 18:04:48+02:00,
2021-10-08 07:01:39+02:00,
2021-10-08 15:38:16+02:00,
2021-10-08 15:38:58+02:00,
2021-10-09 07:51:58+02:00,
2021-10-09 10:04:12+02:00,
2021-10-09 14:34:10+02:00,
2021-10-09 21:08:10+02:00,
2021-10-09 21:33:22+02:00,
2021-10-10 15:16:18+02:00,
2021-10-10 18:15:01+02:00,
2021-10-11 07:37:58+02:00,
2021-10-13 14:30:37+02:00,
2021-10-15 17:22:24+02:00,
2021-10-15 19:35:14+02:00,204,185,163,208,189,126,211,192,130,212,114,115,214,96,97,
2021-10-18 16:59:33+02:00,154,199,155,
2021-10-19 18:12:28+02:00,
2021-10-22 10:50:58+02:00,
2021-10-24 12:01:17+02:00,
2021-10-24 12:02:25+02:00,
2021-10-25 19:40:52+02:00,
2021-10-27 12:02:13+02:00,
2021-10-28 08:41:12+02:00,
2021-10-29 08:37:14+02:00,
2021-10-31 13:53:15+01:00,
2021-10-31 17:18:41+01:00,
2021-11-04 17:56:23+01:00,
2021-11-12 16:40:46+01:00,
2021-11-14 10:43:49+01:00,
2021-11-15 07:25:03+01:00,
2021-11-16 11:56:49+01:00,
2021-11-16 22:18:19+01:00,
2021-11-20 21:23:21+01:00,
2021-11-21 10:24:18+01:00,
2021-12-09 16:08:21+01:00,
2022-01-22 22:04:23+01:00,
2022-01-22 22:08:01+01:00,
2022-01-23 13:43:11+01:00,
2022-01-26 14:16:56+01:00,
2022-02-01 15:18:29+01:00,
2022-02-09 12:02:06+01:00,
2022-02-16 09:05:32+01:00,
2022-02-16 15:42:48+01:00,
2022-02-22 18:09:44+01:00,
2022-02-23 09:53:50+01:00,
2022-03-15 11:53:28+01:00,
2022-03-25 09:59:49+01:00,
2022-03-25 09:59:58+01:00,
2022-05-06 16:26:22+02:00,
2022-05-06 16:26:35+02:00,
2022-05-06 16:31:22+02:00,
2022-05-07 15:41:28+02:00,
2022-05-07 17:53:20+02:00,
2022-05-15 10:10:58+02:00,
2022-05-17 21:57:46+02:00,
2022-05-18 22:51:04+02:00,
2022-06-14 16:53:41+02:00,
2022-06-28 16:46:53+02:00,
