2018-03-21 16:34:21+01:00,
2018-03-22 11:07:31+01:00,
2018-03-22 12:53:52+01:00,
2018-03-26 13:13:27+02:00,
2018-03-27 16:34:02+02:00,16,
2018-03-27 17:43:12+02:00,
2018-03-28 11:29:24+02:00,
2018-03-28 11:31:08+02:00,
2018-03-28 11:41:30+02:00,
2018-03-28 11:56:13+02:00,
2018-03-28 14:30:18+02:00,
2018-03-28 15:50:25+02:00,
2018-03-28 16:44:25+02:00,17,21,
2018-03-28 16:50:58+02:00,
2018-03-28 16:56:44+02:00,
2018-03-28 17:05:39+02:00,
2018-03-29 10:21:09+02:00,
2018-03-29 11:46:59+02:00,
2018-03-29 13:13:07+02:00,
2018-03-29 16:32:03+02:00,
2018-03-29 16:58:07+02:00,
2018-03-29 17:02:33+02:00,
2018-03-30 08:47:02+02:00,
2018-03-30 09:11:56+02:00,
2018-03-30 09:14:17+02:00,
2018-03-30 14:06:06+02:00,
2018-03-30 14:09:17+02:00,
2018-03-30 14:40:59+02:00,
2018-03-30 15:08:58+02:00,
2018-03-30 17:51:46+02:00,
2018-03-30 18:13:35+02:00,
2018-03-30 22:03:30+02:00,
2018-03-31 12:01:15+02:00,
2018-03-31 12:15:48+02:00,
2018-03-31 12:18:47+02:00,
2018-04-03 08:53:49+02:00,
2018-04-03 12:13:20+02:00,
2018-04-03 12:28:15+02:00,
2018-04-03 16:00:30+02:00,
2018-04-03 16:02:49+02:00,
2018-04-04 10:27:34+02:00,
2018-04-04 11:36:59+02:00,
2018-04-04 12:07:21+02:00,
2018-04-04 13:21:56+02:00,
2018-04-04 13:55:33+02:00,
2018-04-04 14:27:24+02:00,
2018-04-04 14:40:48+02:00,
2018-04-04 17:54:13+02:00,13,30,
2018-04-05 10:58:38+02:00,5,8,10,11,49,15,38,28,39,31,33,23,51,
2018-04-05 11:00:55+02:00,
2018-04-05 13:13:02+02:00,
2018-04-05 14:41:40+02:00,
2018-04-05 17:48:25+02:00,
2018-04-05 18:34:58+02:00,
2018-04-05 19:02:20+02:00,
2018-04-05 19:06:23+02:00,
2018-04-05 19:07:49+02:00,
2018-04-07 09:56:58+02:00,
2018-04-07 10:00:18+02:00,
2018-04-07 10:02:00+02:00,
2018-04-07 10:56:56+02:00,
2018-04-07 11:20:07+02:00,
2018-04-07 12:45:54+02:00,
2018-04-09 10:35:10+02:00,
2018-04-09 11:10:39+02:00,
2018-04-09 11:26:48+02:00,
2018-04-09 11:45:47+02:00,
2018-04-09 11:52:54+02:00,
2018-04-09 13:08:05+02:00,
2018-04-09 13:37:53+02:00,
2018-04-09 13:42:04+02:00,
2018-04-09 14:02:05+02:00,
2018-04-09 15:01:39+02:00,1,2,3,4,
2018-04-10 11:52:18+02:00,
2018-04-10 12:32:45+02:00,
2018-04-18 15:23:37+02:00,
2018-04-18 16:00:23+02:00,
2018-04-18 17:43:10+02:00,
2018-04-24 00:06:08+02:00,9,54,27,
2018-04-24 11:22:27+02:00,
2018-04-24 11:22:51+02:00,
2018-04-24 11:23:02+02:00,
2018-04-24 11:49:57+02:00,
2018-04-25 10:04:46+02:00,
2018-05-04 15:33:54+02:00,
2018-05-04 15:52:23+02:00,
2018-05-24 16:02:06+02:00,
2018-05-24 16:51:11+02:00,
2018-05-24 17:04:20+02:00,
2018-05-24 17:09:46+02:00,
2018-05-24 17:18:53+02:00,
2018-05-24 17:52:48+02:00,
2018-05-25 09:40:04+02:00,
2018-05-30 16:21:12+02:00,
2018-06-01 11:22:45+02:00,
2018-06-05 17:50:44+02:00,
2018-06-06 10:47:59+02:00,
2018-06-06 13:16:58+02:00,
2018-06-06 13:42:50+02:00,
2018-06-06 14:00:03+02:00,
2018-06-06 14:18:51+02:00,
2018-06-06 14:46:30+02:00,
2018-06-06 14:47:26+02:00,
2018-06-06 14:55:16+02:00,
2018-06-06 16:46:12+02:00,
2018-06-06 17:46:04+02:00,
2018-06-06 17:49:01+02:00,
2018-06-07 11:15:39+02:00,
2018-06-07 11:40:14+02:00,
2018-06-07 14:46:16+02:00,
2018-06-09 10:43:25+02:00,
2018-06-09 11:23:15+02:00,
2018-06-09 11:31:33+02:00,
2018-06-09 12:11:39+02:00,
2018-06-09 13:04:51+02:00,
2018-06-09 13:09:12+02:00,
2018-06-29 13:24:32+02:00,
2018-07-13 11:02:33+02:00,
2018-07-13 11:03:32+02:00,
2018-07-13 11:18:13+02:00,
2018-07-13 11:23:36+02:00,
2018-07-23 12:42:16+02:00,
2018-07-23 13:02:14+02:00,
2018-08-01 21:11:07+08:00,
2018-08-01 21:23:25+08:00,
2018-08-02 10:05:11+02:00,
2018-08-03 14:57:18+02:00,
2018-08-03 15:00:33+02:00,
2018-08-03 15:01:00+02:00,
2018-08-03 15:02:47+02:00,
2018-08-03 15:05:40+02:00,
2018-08-03 15:07:30+02:00,
2018-08-03 15:10:21+02:00,
2018-08-03 15:17:34+02:00,
2018-08-03 15:19:04+02:00,
2018-08-03 15:24:14+02:00,
2018-08-16 09:40:54+02:00,
2018-08-16 09:42:23+02:00,
2018-08-28 09:53:39+02:00,
2018-08-28 09:56:08+02:00,
2018-09-24 12:02:51+02:00,
2018-09-24 12:07:18+02:00,
2018-09-24 12:20:14+02:00,
2018-09-24 12:24:09+02:00,
2018-09-24 12:33:14+02:00,
2018-09-24 16:27:45+02:00,
2018-09-24 16:44:39+02:00,
2018-09-24 17:20:20+02:00,
2018-09-24 18:13:20+02:00,
2018-09-24 18:26:48+02:00,
2018-09-25 11:33:19+02:00,
2018-09-25 12:14:59+02:00,
2018-09-25 12:34:26+02:00,
2018-09-28 11:58:38+02:00,
2018-09-28 12:22:55+02:00,
2018-09-28 15:04:27+02:00,
2018-10-08 11:18:27+02:00,
2018-10-08 11:22:23+02:00,
2018-10-19 16:46:05+02:00,
2018-10-20 11:45:39+02:00,
2018-10-20 11:57:33+02:00,
2018-10-21 11:21:29+02:00,
2018-10-21 11:41:55+02:00,
2018-10-22 10:47:17+02:00,
2018-10-22 11:24:17+02:00,
2018-10-22 11:30:21+02:00,
2018-10-22 14:13:31+02:00,
2018-10-22 15:49:41+02:00,
2018-10-22 16:10:25+02:00,
2018-10-22 16:31:17+02:00,
2018-10-22 17:00:37+02:00,
2018-10-23 10:07:04+02:00,
2018-10-23 10:24:14+02:00,
2018-10-23 14:46:34+02:00,
2018-10-23 15:19:32+02:00,
2018-10-23 15:26:30+02:00,
2018-10-25 11:32:50+02:00,
2018-10-25 11:33:43+02:00,
2018-10-26 16:11:40+02:00,
2018-10-26 16:31:43+02:00,
2018-10-26 17:18:52+02:00,
2018-10-26 17:24:04+02:00,76,
2018-10-26 17:28:49+02:00,
2018-10-26 19:30:26+02:00,
2018-10-27 09:49:37+02:00,
2018-10-27 09:51:53+02:00,
2018-10-27 11:14:42+02:00,
2018-10-27 11:15:33+02:00,
2018-10-27 11:58:55+02:00,
2018-10-28 11:30:41+01:00,
2018-10-28 11:32:43+01:00,
2018-10-29 10:05:21+01:00,
2018-10-29 10:30:55+01:00,
2018-10-29 10:41:27+01:00,
2018-10-29 10:46:59+01:00,
2018-10-31 10:07:25+01:00,
2018-10-31 10:30:02+01:00,
2018-10-31 11:02:18+01:00,
2018-10-31 11:55:45+01:00,
2018-10-31 13:41:28+01:00,
2018-10-31 14:47:50+01:00,
2018-10-31 15:41:09+01:00,
2018-11-01 10:03:48+01:00,
2018-11-01 10:21:40+01:00,
2018-11-01 12:07:38+01:00,
2018-11-01 12:17:11+01:00,
2018-11-01 13:15:55+01:00,
2018-11-02 10:02:07+01:00,
2018-11-05 22:45:20+01:00,
2018-11-06 14:41:49+01:00,
2018-11-06 14:53:59+01:00,
2018-11-06 14:54:46+01:00,
2018-11-06 15:01:56+01:00,
2018-11-06 15:09:30+01:00,
2018-11-06 15:18:51+01:00,
2018-11-06 15:30:39+01:00,
2018-11-06 15:38:48+01:00,
2018-11-06 15:41:24+01:00,
2018-11-19 15:22:39+01:00,
2018-11-19 15:28:10+01:00,
2018-11-19 15:39:06+01:00,
2018-11-20 09:56:20+01:00,
2018-11-20 10:00:53+01:00,
2018-11-20 10:06:04+01:00,
2018-11-28 11:08:57+01:00,
2018-11-28 14:23:26+01:00,
2018-11-28 14:51:39+01:00,
2018-11-28 16:37:23+01:00,
2018-11-30 14:38:38+01:00,
2018-12-07 16:23:00+01:00,
2018-12-10 09:26:45+01:00,
2018-12-10 09:27:48+01:00,
2018-12-10 09:48:16+01:00,
2018-12-10 10:03:15+01:00,
2018-12-12 10:36:19+02:00,
2018-12-12 10:55:13+02:00,
2018-12-12 21:17:34+02:00,
2018-12-13 10:30:26+02:00,
2019-01-09 13:31:53+08:00,
2019-01-09 16:15:50+01:00,
2019-01-11 14:06:30+01:00,
2019-01-14 13:15:24+08:00,
2019-01-14 13:55:35+08:00,
2019-01-14 11:01:55+01:00,
2019-01-14 11:17:18+01:00,
2019-01-14 11:19:35+01:00,
2019-01-14 11:55:36+01:00,
2019-01-14 13:15:29+01:00,
2019-01-14 13:22:20+01:00,
2019-01-14 13:53:59+01:00,
2019-01-14 14:02:23+01:00,
2019-01-14 14:37:56+01:00,
2019-01-14 14:57:46+01:00,
2019-01-17 15:23:24+08:00,
2019-01-18 16:49:24+01:00,
2019-01-18 17:03:07+01:00,
2019-01-21 10:24:13+01:00,
2019-01-21 10:38:17+01:00,
2019-01-21 14:46:27+01:00,
2019-01-21 16:07:57+01:00,
2019-01-21 17:16:30+01:00,
2019-01-22 15:08:07+01:00,
2019-01-22 15:14:33+01:00,
2019-02-11 11:08:36+01:00,
2019-02-11 12:48:45+01:00,
2019-02-11 15:10:44+01:00,
2019-03-14 14:48:32+01:00,
2019-03-14 14:53:55+01:00,
2019-03-14 15:56:53+01:00,
2019-03-15 10:58:42+01:00,
2019-03-15 12:11:51+01:00,
2019-03-21 14:44:47+01:00,
2019-03-21 14:57:13+01:00,
2019-03-21 14:58:46+01:00,
2019-04-02 15:27:35+02:00,
2019-04-04 14:18:52+02:00,
2019-04-04 14:19:45+02:00,
2019-04-04 14:23:51+02:00,
2019-04-04 14:31:50+02:00,
2019-04-04 14:35:10+02:00,
2019-04-05 13:09:46+02:00,
2019-04-05 13:18:59+02:00,
2019-04-08 16:17:14+02:00,
2019-04-16 15:02:40+02:00,
2019-04-25 11:03:36+02:00,
2019-04-26 14:02:37+02:00,
2019-04-26 14:21:28+02:00,
2019-04-26 15:12:19+02:00,
2019-04-26 15:21:40+02:00,
2019-04-30 12:00:05+02:00,35,
2019-05-01 10:50:52+02:00,
2019-05-01 10:53:09+02:00,
2019-05-01 13:01:44+02:00,
2019-05-02 09:40:53+02:00,
2019-05-02 12:06:27+02:00,
2019-05-17 10:54:49+02:00,
2019-05-17 12:13:35+02:00,
2019-05-17 15:32:15+02:00,
2019-05-20 12:52:25+02:00,
2019-05-20 14:35:18+02:00,
2019-05-20 14:50:57+02:00,
2019-05-20 14:52:29+02:00,
2019-05-22 01:17:28+02:00,
2019-05-22 10:00:00+02:00,
2019-05-24 16:44:09-04:00,
2019-05-25 17:05:25+02:00,
2019-05-27 09:27:33-04:00,
2019-05-31 17:48:21-04:00,
2019-05-31 17:51:37-04:00,
2019-06-07 10:37:28+02:00,
2019-06-11 14:25:09+02:00,
2019-06-12 10:34:16+02:00,
2019-06-14 17:21:52+02:00,
2019-06-17 11:30:18+02:00,
2019-06-17 13:19:25+02:00,
2019-06-17 13:23:50+02:00,
2019-06-17 14:11:09+02:00,
2019-06-18 10:52:33+02:00,
2019-06-18 15:23:44+02:00,
2019-06-19 11:50:05+02:00,
2019-06-25 14:49:02+02:00,
2019-06-25 14:53:00+02:00,
2019-06-26 10:04:46+02:00,
2019-07-26 10:45:18+02:00,
2019-07-26 10:56:55+02:00,
2019-07-26 11:55:34+02:00,
2019-07-26 13:09:09+02:00,
2019-07-26 13:09:14+02:00,
2019-07-26 14:04:14+02:00,
2019-08-01 09:21:44+02:00,
2019-08-01 09:30:19+02:00,
2019-08-02 00:29:00+02:00,
2019-08-03 09:45:26+02:00,
2019-08-19 09:24:25+02:00,
2019-08-19 09:24:39+02:00,
2019-08-19 09:46:58+02:00,
2019-08-19 09:48:35+02:00,
2019-08-19 09:55:25+02:00,
2019-08-19 10:04:35+02:00,
2019-08-22 15:56:35+02:00,
2019-09-16 15:40:17+02:00,
2019-09-16 15:42:52+02:00,
2019-09-20 11:37:12+02:00,
2019-09-20 11:40:42+02:00,
2019-09-20 11:43:51+02:00,
2019-10-31 13:35:05+01:00,
2019-10-31 14:53:24+01:00,
2019-10-31 15:05:39+01:00,
2019-10-31 15:22:27+01:00,
2019-10-31 15:37:31+01:00,
2019-10-31 15:51:53+01:00,
2019-10-31 16:16:21+01:00,
2019-12-10 14:53:21+01:00,83,
2019-12-10 15:15:43+01:00,
2019-12-10 15:15:52+01:00,
2019-12-10 16:12:40+01:00,
2019-12-10 16:17:36+01:00,77,24,
2019-12-10 16:37:22+01:00,
2019-12-11 15:51:27+01:00,
2019-12-12 10:14:23+01:00,88,91,
2019-12-12 10:35:37+01:00,
2019-12-12 10:49:56+01:00,
2019-12-12 11:14:11+01:00,
2019-12-12 11:25:03+01:00,
2019-12-12 11:27:24+01:00,
2019-12-12 11:37:18+01:00,
2019-12-12 11:38:28+01:00,
2019-12-12 11:40:44+01:00,
2019-12-12 11:54:59+01:00,
2019-12-12 12:08:24+01:00,
2019-12-12 12:54:51+01:00,
2019-12-12 13:22:27+01:00,
2019-12-12 13:24:48+01:00,
2019-12-12 14:15:35+01:00,
2019-12-12 14:23:59+01:00,
2019-12-12 14:48:50+01:00,
2019-12-13 16:10:46+01:00,
2019-12-13 17:00:59+01:00,
2019-12-13 17:25:54+01:00,
2019-12-14 10:09:30+01:00,
2019-12-14 12:15:38+01:00,
2019-12-14 12:18:52+01:00,
2019-12-14 12:23:41+01:00,
2019-12-16 12:50:54+01:00,
2019-12-16 13:26:22+01:00,
2019-12-17 15:38:46+11:00,
2019-12-17 10:26:41+01:00,
2019-12-17 10:27:15+01:00,
2019-12-17 10:46:27+01:00,
2019-12-17 11:29:26+01:00,
2019-12-17 11:48:17+01:00,
2019-12-17 13:29:58+01:00,
2019-12-17 13:41:10+01:00,
2019-12-17 13:50:50+01:00,
2019-12-17 14:01:42+01:00,
2019-12-21 12:45:20+00:00,
2019-12-21 14:11:29+00:00,
2019-12-21 16:12:26+00:00,
2019-12-22 10:30:57+01:00,
2019-12-22 12:01:19+01:00,
2019-12-22 12:25:15+01:00,
2019-12-22 12:34:28+01:00,
2019-12-22 21:41:24+01:00,85,
2019-12-23 17:16:15+01:00,
2019-12-24 11:38:55+01:00,
2020-01-14 11:30:53+01:00,
2020-01-14 11:51:20+01:00,
2020-01-14 12:31:16+01:00,
2020-01-14 17:54:30+01:00,
2020-01-14 18:11:09+01:00,
2020-01-15 10:08:26+01:00,
2020-01-15 10:30:36+01:00,
2020-01-15 15:38:34+01:00,92,96,94,97,98,99,
2020-01-15 16:02:23+01:00,101,
2020-01-15 17:09:56+01:00,
2020-01-15 17:20:16+01:00,
2020-01-15 17:40:01+01:00,
2020-01-17 14:42:44+01:00,
2020-01-17 16:01:30+01:00,108,
2020-01-17 17:34:36+01:00,112,
2020-01-17 18:44:29+01:00,
2020-01-20 15:50:42+01:00,
2020-01-20 16:22:32+01:00,
2020-01-20 16:53:57+01:00,
2020-01-20 17:04:01+01:00,
2020-01-22 12:06:21+01:00,
2020-01-23 13:10:39+01:00,
2020-01-23 13:15:26+01:00,
2020-01-23 13:19:12+01:00,
2020-01-23 13:24:55+01:00,
2020-01-23 15:16:30+01:00,
2020-01-23 15:38:01+01:00,77,
2020-01-23 15:41:16+01:00,
2020-01-27 16:49:12+01:00,
2020-01-27 17:35:05+01:00,
2020-01-28 10:16:53+01:00,
2020-01-28 11:10:29+01:00,
2020-01-28 11:49:12+01:00,110,111,
2020-01-28 13:41:58+01:00,102,106,
2020-01-28 16:35:43+01:00,
2020-01-28 17:57:26+01:00,113,118,109,119,
2020-01-28 17:58:05+01:00,
2020-01-28 17:58:24+01:00,
2020-01-29 10:23:51+01:00,
2020-01-29 11:05:36+01:00,
2020-01-29 11:35:48+01:00,
2020-01-29 11:49:20+01:00,
2020-01-29 14:10:51+01:00,
2020-01-29 14:19:55+01:00,
2020-01-29 14:39:18+01:00,
2020-01-29 14:45:12+01:00,
2020-01-29 16:15:25+01:00,
2020-01-29 16:22:57+01:00,
2020-01-29 16:53:28+01:00,
2020-01-29 17:01:51+01:00,
2020-01-30 11:06:34+01:00,
2020-01-30 12:22:16+01:00,
2020-01-30 14:37:20+01:00,104,117,
2020-02-03 10:00:47+01:00,
2020-02-03 10:41:46+01:00,
2020-02-03 11:42:49+01:00,
2020-02-03 13:27:28+01:00,
2020-02-04 10:32:51+01:00,
2020-02-04 14:56:11+01:00,
2020-02-05 09:27:29+01:00,
2020-02-05 15:20:26+01:00,
2020-02-05 16:19:16+01:00,
2020-02-05 16:23:31+01:00,77,59,60,64,61,62,63,
2020-02-05 16:27:23+01:00,
2020-02-05 16:38:16+01:00,
2020-02-06 10:35:09+01:00,
2020-02-07 11:17:29+01:00,
2020-02-07 11:37:58+01:00,
2020-02-07 11:38:27+01:00,
2020-02-07 11:43:03+01:00,
2020-02-11 14:00:17+01:00,
2020-02-11 14:35:04+01:00,
2020-02-11 14:56:03+01:00,
2020-02-11 15:01:14+01:00,
2020-02-12 10:37:01+01:00,
2020-02-12 13:09:23+01:00,
2020-02-27 13:04:11+01:00,
2020-02-27 13:23:09+01:00,
2020-02-27 13:24:39+01:00,
2020-02-28 10:55:20+01:00,
2020-02-28 17:21:28+01:00,
2020-02-28 17:27:28+01:00,
2020-02-28 17:33:09+01:00,
2020-02-28 18:04:38+01:00,
2020-02-28 18:09:20+01:00,
2020-02-28 18:13:27+01:00,
2020-02-28 22:48:57+01:00,
2020-02-28 22:49:11+01:00,
2020-02-29 12:06:48+01:00,
2020-02-29 12:10:11+01:00,
2020-02-29 12:53:02+01:00,
2020-02-29 13:03:16+01:00,
2020-02-29 13:03:40+01:00,
2020-02-29 14:49:26+01:00,
2020-03-02 09:56:47+01:00,
2020-03-02 11:05:55+01:00,
2020-03-05 10:14:44+01:00,
2020-03-05 10:21:13+01:00,
2020-03-05 13:43:56+01:00,
2020-03-06 10:24:29+01:00,
2020-03-06 10:59:59+01:00,
2020-03-06 11:00:06+01:00,
2020-03-06 11:44:27+01:00,
2020-03-06 12:16:17+01:00,
2020-03-06 13:49:10+01:00,
2020-03-06 14:23:12+01:00,
2020-03-06 14:24:43+01:00,
2020-03-06 14:26:15+01:00,
2020-03-06 14:27:10+01:00,
2020-03-06 14:31:29+01:00,
2020-03-06 14:33:11+01:00,
2020-03-06 14:38:15+01:00,
2020-03-06 14:38:37+01:00,
2020-03-06 15:09:06+01:00,
2020-03-06 15:09:41+01:00,
2020-03-06 15:16:57+01:00,
2020-03-06 15:44:36+01:00,
2020-03-06 15:59:26+01:00,
2020-03-06 16:01:04+01:00,
2020-03-13 10:06:46+01:00,
2020-03-16 10:33:02+01:00,
2020-03-17 13:36:57+01:00,
2020-03-17 14:24:46+01:00,32,
2020-03-17 14:35:02+01:00,
2020-03-17 15:00:21+01:00,
2020-03-18 14:40:21+01:00,
2020-03-18 16:24:00+01:00,
2020-03-19 09:49:10+01:00,
2020-03-19 10:24:11+01:00,
2020-03-19 10:24:23+01:00,
2020-03-19 11:00:52+01:00,
2020-03-20 11:45:42+01:00,
2020-03-20 12:54:02+01:00,
2020-03-20 13:04:09+01:00,
2020-04-01 16:45:10+02:00,
2020-04-01 16:45:10+02:00,
2020-04-01 16:45:11+02:00,
2020-04-02 11:54:41+02:00,
2020-04-05 13:51:07-04:00,
2020-04-05 15:12:47-04:00,
2020-04-06 09:21:23+02:00,
2020-04-09 21:24:26+02:00,
2020-04-13 17:35:04+02:00,
2020-04-13 17:36:51+02:00,
2020-04-18 19:51:30+02:00,
2020-04-20 10:48:33+02:00,
2020-04-20 11:18:25+02:00,
2020-04-22 14:02:04+02:00,
2020-04-22 14:10:54+02:00,
2020-04-22 14:14:34+02:00,
2020-04-22 14:15:11+02:00,
2020-04-22 18:15:05+02:00,
2020-04-23 12:48:07+02:00,
2020-04-26 23:06:14+02:00,
2020-04-27 10:00:08+02:00,
2020-04-27 10:03:24+02:00,
2020-05-02 22:22:27+02:00,
2020-05-04 16:16:52+02:00,
2020-05-04 16:19:44+02:00,
2020-05-05 13:43:32+02:00,
2020-05-05 14:00:34+02:00,
2020-05-05 14:00:56+02:00,
2020-05-05 14:04:26+02:00,
2020-05-05 14:04:46+02:00,
2020-05-12 10:41:56+02:00,
2020-05-14 14:55:10+02:00,
2020-05-14 15:05:02+02:00,
2020-05-14 15:39:00+02:00,
2020-05-18 19:53:33+02:00,
2020-05-19 17:03:50+02:00,
2020-05-20 09:01:32+02:00,
2020-05-28 09:38:17+02:00,
2020-05-28 10:19:09+02:00,
2020-05-28 10:26:04+02:00,
2020-05-28 11:30:02+02:00,81,
2020-05-28 12:05:27+02:00,
2020-05-28 12:08:52+02:00,
2020-05-28 13:52:19+02:00,
2020-05-28 14:54:01+02:00,
2020-05-28 14:59:27+02:00,
2020-05-28 15:03:54+02:00,
2020-09-28 12:37:19+02:00,
2020-09-28 12:53:27+02:00,
2020-09-28 12:54:13+02:00,
2020-09-28 12:57:40+02:00,
2020-10-02 13:30:42+02:00,
2020-10-08 09:37:02+02:00,
2020-10-08 09:41:45+02:00,
2020-10-08 09:51:16+02:00,
2020-10-08 12:39:32+02:00,
2020-10-09 18:29:44+02:00,70,
2020-10-09 18:36:31+02:00,
2020-10-19 15:37:28+02:00,
2020-10-19 15:45:31+02:00,
2020-10-19 15:49:49+02:00,
2020-11-02 09:53:14+01:00,
2020-11-02 09:55:04+01:00,
2020-11-11 09:22:31+01:00,
2020-11-11 09:36:00+01:00,
2020-11-11 10:49:23+01:00,
2020-11-11 10:59:42+01:00,
2020-11-11 11:00:02+01:00,
2020-11-11 11:09:08+01:00,
2020-11-11 11:09:23+01:00,
2020-11-11 11:22:02+01:00,
2020-11-11 11:26:45+01:00,
2020-11-11 11:33:00+01:00,
2020-11-11 16:32:22+01:00,
2020-11-15 18:54:49+01:00,
2020-11-16 15:02:44+01:00,
2020-11-20 10:21:48+01:00,
2020-11-20 10:29:36+01:00,
2020-11-20 10:34:55+01:00,
2020-11-30 14:35:15+01:00,
2020-11-30 14:51:27+01:00,
2020-12-07 11:07:15+01:00,
2021-01-01 01:09:09+08:00,
2021-01-02 01:31:16+08:00,
2021-01-02 01:57:57+08:00,
2021-01-02 02:00:36+08:00,
2021-01-02 02:03:22+08:00,
2021-01-03 01:58:10+08:00,
2021-01-04 10:54:56+01:00,
2021-01-05 11:20:51+01:00,
2021-01-05 11:42:36+01:00,
2021-01-12 10:59:21+01:00,
2021-01-12 11:03:28+01:00,
2021-01-12 11:04:08+01:00,
2021-01-28 10:44:28+01:00,
2021-01-28 10:33:14+00:00,
2021-04-03 11:54:56+01:00,
2021-04-03 12:14:28+01:00,
2021-04-03 16:33:03+01:00,
2021-04-03 16:45:10+01:00,
2021-04-03 17:08:01+01:00,
2021-04-03 19:51:50+01:00,
2021-04-03 19:52:13+01:00,
2021-04-04 11:14:55+01:00,
2021-04-11 22:30:59+02:00,
2021-04-12 14:48:25+01:00,
2021-04-14 17:01:16+02:00,
2021-04-21 22:09:52+02:00,
2021-04-21 22:11:39+02:00,
2021-04-22 11:51:19+02:00,
2021-04-22 11:02:06+01:00,
2021-04-22 11:03:54+01:00,
2021-05-07 17:04:08+01:00,
2021-05-07 17:23:44+01:00,
2021-05-07 17:26:08+01:00,
2021-05-07 17:37:16+01:00,
2021-05-10 10:37:47+01:00,
2021-05-10 11:02:50+01:00,
2021-05-10 20:09:28+02:00,
2021-05-11 11:34:49+02:00,
2021-05-11 10:53:54+01:00,
2021-05-11 11:17:09+01:00,
2021-05-11 11:23:57+01:00,
2021-05-11 12:37:32+02:00,
2021-05-11 11:48:08+01:00,
2021-05-11 12:40:26+01:00,
2021-05-12 09:49:06+01:00,
2021-05-17 10:07:14+01:00,
2021-05-17 20:36:17+02:00,
2021-05-17 20:45:59+02:00,
2021-05-18 17:43:12+02:00,
2021-05-19 16:01:56+01:00,
2021-06-01 12:40:19+02:00,
2021-06-01 13:36:52+02:00,
2021-06-01 13:42:11+02:00,
2021-06-01 13:45:16+02:00,
2021-06-01 13:39:51+01:00,
2021-06-01 14:46:15+02:00,
2021-06-01 14:49:51+02:00,
2021-06-01 14:55:53+02:00,
2021-06-01 17:15:36+01:00,
2021-06-07 14:01:08+05:18,
2021-06-07 09:47:51+01:00,
2021-06-10 10:13:14+01:00,
2021-06-10 10:13:29+01:00,
2021-06-15 16:58:26+02:00,
2021-06-16 09:41:40+01:00,
2021-06-23 11:01:50+01:00,
2021-07-08 20:32:04+02:00,
2021-07-08 20:50:18+02:00,
2021-07-11 17:03:57+01:00,
2021-09-16 16:32:09-06:00,
2021-09-16 23:00:27-06:00,
2021-09-17 00:31:48-06:00,
2021-09-29 09:50:28+01:00,
2021-09-29 10:15:47+01:00,
2021-09-29 10:31:23+01:00,
2021-09-29 08:54:06-06:00,
2021-09-29 18:52:15+01:00,
2021-10-28 20:14:53-04:00,
2021-10-29 11:07:24+01:00,
2021-10-29 15:15:22+01:00,
2021-10-29 15:23:13+01:00,
2021-10-29 15:26:28+01:00,
2021-11-29 10:00:01+00:00,
