2021-04-24 16:33:34+02:00,0
2021-05-04 11:43:24-07:00,22,55,10,64,204,216,104,125,172,15,14,282,287,137,92,88,143,199,182,47,23,133,35,286,247,150,262,20,167,78,134,202,240,32,123,11,109,192,37,173,131,81,248,268,162,130,76,254,107,252,53,259,25,270,40,147,159,185,63,8,73,87,205,225,273,272,194,27,161,96,91,83,201,111,152,222,278,237,90,66,218,51,24,267,142,95,170,171,122,112,4,127,188,189,271,224,178,34,59,38,5,244,39,174,257,175,245,6,241,221,196,46,223,284,105,186,113,269,9,291,48,297,16,281,97,86,163,251,94,124,89,13,141,203,184,61,1,183,106,298,191,220,36,294,232,70,144,169,146,160,288,212,62,166,148,121,19,235,279,117,214,277,250,176,226,293,206,242,93,243,236,99,253,29,207,209,213,71,28,45,266,208,58,17,82,138,145,256,285,116,165,98,234,31,239,42,2,139,260,300,140,50,280,231,85,193,7,289,153,129,149,126,246,135,120,210,263,74,215,60,181,77,179,65,283,49,255,52,110,114,295,164,233,151,68,57,296,261,79,21,69,3,119,177,101,67,290,180,238,292,30,72,108,103,230,211,26,115,275,217,12,198,18,154,265,301,197,190,44,128,118,102,80,227,228,158,258,43,168,54,100,157,219,276,195,155,187,156,229,200,302,75,132,136,56,33,274,249,264,41,299,84
2021-05-04 11:50:51-07:00,428,352,353,438,558,350,370,423,323,464,342,381,415,343,521,375,461,330,571,502,481,334,545,420,363,401,507,376,573,586,510,332,468,371,450,311,526,574,336,579,560,377,319,463,425,405,466,475,522,505,477,400,446,576,455,493,365,385,362,322,418,435,497,347,304,460,416,467,554,486,380,397,443,451,426,368,410,563,584,384,448,424,340,369,452,529,514,396,543,578,430,421,482,458,393,567,524,508,471,542,382,442,485,303,331,459,546,506,325,547,562,550,315,398,383,585,359,310,544,462,367,433,314,454,414,483,480,472,378,536,372,549,490,320,349,487,328,348,538,337,518,346,470,366,511,476,575,531,447,539,515,479,528,358,537,445,478,572,345,351,580,457,379,465,339,417,324,500,357,488,411,437,527,403,326,313,533,317,318,407,392,513,583,516,434,306,540,412,559,565,409,532,566,501,456,361,341,561,453,517,512,316,555,408,364,431,496,395,427,570,535,569,474,469,577,305,399,503,495,394,504,402,388,568,429,344,387,373,473,541,422,321,440,444,386,355,391,432,354,441,338,525,553,406,520,309,413,509,491,327,449,312,389,484,548,551,333,329,335,519,564,436,390,360,534,489,581,498,308,356,556,530,492,374,307,582,552,523,494,419,557,439,404,499
2021-05-04 11:52:55-07:00,625,597,610,611,612,630,618,615,605,592,631,599,616,590,619,596,628,602,593,603,624,609,617,589,594,607,620,626,632,588,629,621,600,606,623,587,604,613,598,608,591,627,595,622,614,601
2021-05-04 11:54:48-07:00,641,633,635,634,640,638,639,643,637,636,642
2021-05-04 11:56:53-07:00,768,675,656,726,732,700,704,750,757,744,720,653,748,712,751,761,707,652,694,725,738,659,660,691,686,765,692,693,682,654,729,717,685,649,680,644,651,763,697,737,759,754,730,719,727,718,657,731,655,646,670,713,736,722,667,716,658,758,645,764,705,708,663,709,696,666,767,701,672,664,674,681,662,676,735,734,703,684,715,711,695,647,677,698,671,706,687,669,699,724,739,762,743,689,648,673,755,650,747,688,753,749,742,702,678,690,683,766,714,760,752,741,745,746,740,710,679,723,733,661,721,668,728,665,756
2021-05-04 11:59:42-07:00,785,773,783,784,793,790,770,782,774,797,772,775,788,792,769,787,789,798,771,777,791,781,795,776,786,794,796,778,780,779
2021-05-04 12:02:31-07:00,799,800,801,803,802
2021-05-04 12:04:17-07:00,966,1629,1207,1284,1008,1360,1924,1976,1540,2094,1725,1894,2380,1522,2418,2103,1321,1085,1074,1771,822,1248,1888,1794,1137,2482,2441,2326,1410,2142,1263,1614,1146,2223,1719,2149,2087,2477,1714,2278,2308,1288,2332,2338,1390,895,1826,1588,1574,1061,1576,1580,1290,2039,1327,1601,1715,2322,1135,2382,1514,1132,1981,973,805,2260,2104,1274,2348,1893,955,1674,829,1777,926,2049,2075,1906,989,1762,1066,937,2016,2303,2269,1787,2139,1539,1914,1025,1204,1148,2155,1283,1587,2400,1675,1501,1800,1948,1053,2245,1018,2428,2286,2264,2334,831,1702,2370,1875,2228,2209,977,1556,2483,1279,952,1529,1409,2047,1866,1495,2395,1358,1458,1076,870,1055,1370,1140,1868,1292,2055,1265,2344,1224,2297,2164,1096,1312,2351,2394,2221,2121,1094,1679,2250,2330,971,1661,2108,1596,1770,901,1267,828,1990,1150,1660,1402,904,2046,1933,1054,1822,1622,1183,2218,820,1218,1144,1374,1936,1607,2396,1867,1334,2181,1231,2304,2271,2005,2251,1194,1954,1991,1703,819,2187,1399,1565,2178,2166,1764,2374,866,1697,2200,2217,1439,1033,1178,1243,1258,814,1943,1680,2376,1001,1637,991,1223,1482,2073,1780,1477,1375,2210,1276,1330,2432,1663,1309,2033,1123,1407,1584,1763,1621,1332,1734,1048,2060,2188,1602,1127,2467,1809,1298,1103,2358,1681,969,1756,2381,1945,2471,1579,2159,1143,1903,2174,885,835,1726,1115,2100,2248,1927,1452,1789,804,1788,1024,1303,2405,1090,1953,2249,1536,2468,1286,1304,2038,2244,996,808,2310,1235,1997,1324,1441,1963,1615,1974,1044,1236,1907,910,2054,1724,1967,1656,2346,837,1527,1633,1111,1664,1214,1089,2472,2464,1479,2455,974,1965,1752,1642,1507,959,2473,2030,1781,1381,1473,1023,1422,1626,1918,928,1869,1966,1555,1983,1796,2255,1831,2267,1508,2350,1858,1366,956,2436,1026,1362,1005,1827,992,1062,1923,1125,1929,836,938,2011,1160,1257,1845,2372,1336,2293,860,2201,2321,1063,1129,1639,2225,834,1828,1079,1783,1817,1688,2231,1648,1758,948,2252,2439,1184,838,1692,1152,1222,2427,1367,1073,2207,857,1431,1310,1857,1271,2027,2099,815,1776,1488,2411,2315,2020,888,1435,1978,2137,2377,1333,2366,1114,1233,1852,1395,1273,1297,1405,1631,1979,1838,1960,1693,2175,1848,1254,1646,1487,2256,1909,2019,1350,1819,1175,1434,2362,1318,1849,2215,921,1988,1335,1272,1998,2238,2186,875,1594,1722,2265,1772,1634,2236,2401,1537,823,1499,2298,1950,1355,1163,1862,1645,1019,2275,986,1346,1296,1453,1155,1912,1716,1108,1242,1198,881,1185,1141,2408,1957,1084,1644,1105,1598,1051,1466,1597,1126,1846,865,1940,1874,1004,2446,1157,1844,2247,968,1971,1013,2340,1842,976,2242,2156,980,1753,2313,1806,1568,1996,2257,1553,1647,1071,1313,2088,1890,1480,1159,960,1188,1898,1532,1122,1469,1899,958,2342,2051,1930,1686,2399,1731,2143,1403,2239,1252,2170,863,891,1217,1985,987,1814,1755,1523,1955,2203,2077,1497,896,1251,2157,2474,1269,1630,1100,2307,990,1901,1112,1812,2097,1545,1138,2150,1938,2302,2057,2064,821,1807,2083,2111,2259,1037,2274,1275,855,1677,1721,2424,1706,1440,1430,817,2085,2193,2309,2062,1158,1575,1611,1518,2179,2270,1230,2115,981,1741,1617,2375,2072,1097,2355,825,2233,1305,2459,1268,1193,1947,1652,925,1856,2261,1028,2202,1606,882,2287,2463,1818,1426,1040,2480,2413,2013,2076,1551,1419,1851,1742,935,1165,1896,845,934,1563,2015,1299,1348,1156,1078,2208,1490,1356,1723,1139,1322,887,2091,2397,1823,903,2165,2435,2226,884,1245,1782,1417,1088,2373,1864,1042,2000,1428,1519,2329,1241,2082,1761,883,1931,2012,947,1738,2367,1472,1118,979,1944,950,2107,1946,1604,1489,1668,964,1861,1443,1197,1994,1886,1474,2481,853,2232,1610,2168,912,1560,1406,1766,1569,1199,806,1255,1530,907,1481,1618,1841,2173,1704,1712,2379,864,2438,2412,2449,2360,871,2126,1958,839,1922,1319,1504,1595,1191,1262,1964,1347,1573,902,1027,1798,1238,1353,2429,1860,1882,1745,2276,1393,2452,2230,2018,2053,2295,1314,1216,1119,1650,1394,1342,2001,2283,1448,832,2354,1673,2284,1855,1343,849,1784,1300,1484,1427,1070,1803,1910,2145,1368,1625,2280,1863,1389,1099,2080,2095,998,1729,1007,1744,1972,1413,2211,2163,967,2195,1710,2268,2028,1282,2017,2071,2254,1583,1397,961,1463,1887,1316,1092,2069,2364,1377,1627,1516,929,877,2041,1700,2182,2116,1759,2040,2229,1672,844,1187,1567,1000,1561,1558,1050,1209,1815,1920,1295,1424,2081,1068,2234,1032,848,1447,1541,2205,924,2118,972,1308,2189,2305,1879,1962,1196,1913,905,1824,1136,1408,1186,2386,1877,1707,1220,1641,1746,1457,2273,1180,1364,2129,1713,1014,2403,1015,1363,1045,1572,2135,1361,1059,1620,2162,1315,2324,2144,1455,1087,1880,1592,2102,1293,2169,1237,1035,1177,2430,914,1438,1503,2010,1593,1043,1843,2410,920,2002,1057,2119,1012,1153,2034,2078,879,962,1934,1751,2317,1876,999,1939,1058,2113,1669,1181,1853,1506,1829,1578,2433,2009,1797,2021,1380,1493,2363,1685,2224,1259,1171,1093,2318,899,1173,2235,1083,1790,1659,1247,1801,1628,1932,1881,874,1653,1130,1850,1730,1229,1240,1810,1387,2154,1577,1544,943,2110,1232,1792,1897,1287,1520,2339,1657,1515,2059,1002,1234,1690,975,2336,1549,1121,1571,2147,2117,1959,915,2199,897,1170,1281,1609,1510,1376,2383,2246,1446,2281,847,842,1425,1261,1832,1429,1736,886,1915,2365,1590,1384,1462,951,1570,1699,1331,1302,1049,2133,2421,813,908,2437,843,1526,1003,2045,1134,2343,1203,2048,985,1732,1711,1046,1636,1524,2036,1325,2132,1624,1552,1813,826,2032,1101,1773,2044,1388,890,2152,1154,1548,2008,1608,880,1670,1145,2086,1400,1467,1808,2458,2416,2070,1451,936,1357,2172,1378,1671,816,2314,1802,1728,2460,1905,2007,1371,2098,1769,1164,1778,2462,2136,2066,1496,1873,1564,2292,2294,2161,2109,1708,1821,1987,2183,1654,2092,1249,1038,2478,1009,1102,1179,818,1984,1369,2123,1328,2138,1270,856,2390,2423,1833,2357,2042,1326,2096,892,1080,1531,1740,1244,1359,1339,2434,1689,2124,859,1754,994,1225,1698,1919,1021,932,945,1064,1117,861,1206,1799,1031,1168,1543,1010,1107,1036,1418,2140,827,1717,1077,2417,1533,2263,1106,2025,1459,909,2392,2465,2419,1970,893,1581,1847,1250,807,1900,2128,2079,1423,1020,1612,1476,953,1202,1854,1396,1600,2052,1392,2450,946,2431,1562,862,2191,1412,2415,916,1547,1952,1935,1911,1748,1465,2311,1047,1684,1414,2444,970,1491,1883,1345,1386,1709,1591,1294,2026,2114,1420,1623,1795,1219,2160,2466,1432,1687,1056,2368,1989,2214,1034,2190,2388,2325,1460,1928,2171,1307,2385,1354,2299,1683,2120,1757,2291,983,919,913,2031,922,900,2014,1969,1870,1147,1616,1067,2141,894,1385,1344,944,1926,1291,2331,1161,1006,1534,1662,1805,852,1546,2067,2285,1082,978,1306,1471,1916,2353,1599,1039,1464,1176,1149,1317,2024,2461,1166,1205,1585,1445,2241,2328,1174,2184,1921,854,1658,1167,1075,2352,2359,1701,1774,2333,1113,2369,2065,1060,1172,1212,2125,2456,873,1528,1613,2022,1228,1415,1221,2058,931,1902,911,941,1016,1747,1211,1338,1538,1739,1603,1511,1379,1382,2003,2447,2406,2282,2349,2206,1494,1189,2422,1260,1892,1825,2151,1871,2470,1891,2253,1925,1162,2443,1098,1666,2074,810,2442,1695,1215,2101,824,2198,1340,1323,1483,1320,1665,1502,2320,1311,1956,1865,2445,2347,2130,2068,940,1433,2475,2127,2279,1065,1816,1470,982,1820,1895,1961,1498,1169,1840,2004,1151,1982,918,2220,1478,1682,1246,2289,2192,2148,1542,1589,1793,878,869,1885,2213,1949,1022,1605,2391,1509,1352,1081,1737,1837,1266,1727,2479,1351,1124,2319,1416,2243,1500,840,1765,1373,2006,1749,1768,2288,2384,2476,1638,2457,2266,1110,1550,1786,1086,2131,2306,1743,1872,1195,2414,1834,1052,1811,2323,2204,2167,1030,2227,1411,1391,2451,1513,2122,2089,1239,2212,1667,1226,2378,2146,2112,898,2105,1091,1791,1720,1069,1280,2469,2448,1208,1289,906,2296,1586,2404,2371,1995,1986,1535,2237,2407,1993,1437,809,1878,1767,2090,1349,867,995,1365,1227,993,1779,1999,1649,2029,1192,1566,2393,830,1131,812,1256,1253,2398,2361,1142,1120,1011,1521,851,2262,2063,1190,2453,1619,1785,1678,1436,1559,1975,917,1643,1468,1992,1444,1109,2345,2272,1525,1512,1182,2301,2061,1486,954,1696,2185,1632,1404,833,1341,1301,1830,2106,1733,2197,2196,2219,1694,988,889,1104,923,1372,1264,1655,1836,2222,2402,957,850,1442,1980,846,2050,2327,1277,2037,1095,1421,2454,872,1517,1456,927,1029,1889,1128,876,1492,997,811,1839,1485,930,1116,2158,1505,1210,1691,841,2093,1285,1775,949,2258,1398,1908,1651,1041,2240,1475,2176,1133,1804,1200,2290,2484,2420,1973,1557,2134,1904,1201,2084,1718,1968,1017,1760,2043,2216,1735,2440,2356,2194,2426,1977,1337,1750,1884,868,1213,1461,1705,1951,2389,1401,1942,1454,1859,2277,2300,2035,1072,1941,984,1554,933,2316,1676,858,2425,2153,939,1329,1450,1937,2177,1640,1635,1835,2312,1383,2337,1449,2180,2409,2056,942,963,965,1278,2335,1582,2341,1917,2387,2023
2021-05-04 12:06:10-07:00,1766,1546,2171,1398,1758,1384,1411,920,1154,1638,1206,1043,1514,1433,1238,1375,1729,1436,2110,1621,1817,2106,929,2187,1958,1609,1201,1916,1297,957,2064,1445,928,1716,1850,1889,2188,932,1947,1701,826,1860,1420,1081,1344,1377,2098,877,1667,1385,1136,874,985,1192,1945,1816,1899,1761,2105,2181,895,1825,881,2108,1362,1259,1553,1324,882,1371,2052,1497,1100,2048,1764,1661,1544,1173,1910,949,1996,1613,1174,1783,1593,1925,2027,1170,1695,1736,857,1363,838,1577,1827,2197,1234,1169,1523,1189,2107,1741,1624,1751,908,960,2128,1413,1987,1773,1267,1955,1653,2036,1338,1391,1926,2191,1229,2040,1060,1339,1439,841,2037,2154,1748,1919,1711,1727,1891,1459,2161,1713,865,1669,1774,902,1706,1760,1730,1530,1815,2102,1893,862,1287,2004,2087,1311,1965,1327,1250,1502,1934,1492,1528,956,1161,1933,2147,1645,1379,1176,1188,978,2060,1165,916,1342,1969,948,2134,1946,1994,1717,1839,2062,1845,1607,1786,1221,1037,1128,1078,1529,1883,945,894,1719,1824,2099,2041,2030,2092,1782,1281,1228,1579,1294,1348,2008,1768,2089,1286,972,1440,1231,1357,1710,1826,1468,1687,871,855,1659,1243,2127,2022,2124,1282,1333,959,1847,2185,859,2196,1373,1271,1954,1198,2070,2195,1430,1182,1921,2103,1643,975,1443,1195,1160,1905,1591,1532,1598,1901,2142,1676,1191,1981,915,1193,1405,1365,1943,1683,1922,1989,1681,968,1835,1721,1254,974,1932,925,1785,1428,1763,1533,1980,1665,1312,888,1361,1820,1594,1505,1484,2136,1387,876,1317,970,1801,2063,2193,1977,1892,1296,1437,2118,1283,1740,1799,2024,1734,913,2112,1644,1082,2044,1682,1319,1935,1064,1207,1467,1517,1555,2155,1469,2034,2183,2119,1541,1642,1038,1867,903,1074,1640,1403,1686,2054,2115,1997,2476,1109,1088,2100,1197,1603,2057,2038,1518,1295,1470,2141,2153,1022,1490,1712,1789,1931,873,1580,1689,870,1739,1039,1805,1979,1323,1830,2000,1630,1655,1486,1573,1806,1456,1187,1179,1049,2010,1308,1056,1973,1873,1335,1670,1915,2045,1788,1629,1223,1326,1637,1414,1956,1503,1953,2120,958,1917,1870,1963,1212,1213,1265,1303,1563,1163,1818,2150,1738,1390,1237,1950,1477,1537,1382,1116,1226,2144,815,1396,2192,2026,1872,1356,1465,2131,1332,1744,1280,1369,1289,2059,1753,976,1938,911,1846,921,2132,1251,1972,1084,1260,2117,1491,1967,2148,1908,1564,1978,1780,1452,1104,1347,1157,1913,1652,2125,1368,1602,2135,2043,1890,1273,1235,858,1483,2078,905,1605,2053,1458,1578,1970,1509,1211,1393,1162,1471,1479,1463,1843,1948,1447,1091,1876,1246,1849,1663,1749,1290,2082,866,2073,1771,1185,1848,1705,854,1700,869,1856,1855,1148,1911,934,1582,917,1596,1519,1778,1395,1350,1293,1900,1307,1401,1551,938,2182,1352,1754,1668,901,1386,1314,1418,1575,937,889,1626,2194,1634,2093,1171,1678,1750,2180,1415,1305,1410,2123,1810,2071,1674,1865,2074,1887,1442,1844,1832,1315,2160,1427,867,843,1334,1585,2139,1261,1998,1728,967,1330,2009,1494,1929,1592,1666,2101,2077,1982,1550,1441,1504,935,1061,930,1610,1464,883,1230,944,1048,886,1349,900,1635,1353,1336,2113,1258,1360,2035,1481,1781,951,1183,1240,1746,2157,1542,1516,880,1858,1511,1531,1918,1823,2126,963,1194,2018,2069,2066,1871,1107,1570,965,1796,1852,1885,1346,1318,863,2111,1500,1462,1450,1707,1184,1567,1399,1656,1632,983,892,1566,939,1298,840,2023,1572,2114,1898,2051,1903,1472,962,1345,1859,1457,1745,2012,1397,897,1501,1112,2068,2083,868,1559,1800,1408,1383,1270,1054,910,1053,1276,1316,1807,1813,1809,1422,1802,1974,1742,1222,984,2145,2014,1894,2116,1765,1216,2094,1770,1884,971,1264,1650,1522,1877,806,1210,1070,1449,1498,1552,1897,1647,1224,1784,1936,966,1976,1244,1611,1058,1526,1612,1389,1218,1539,1434,1085,1772,1406,1485,1999,1671,1562,2086,2151,1253,1776,1190,1394,1366,1321,1424,2028,926,1794,1086,1755,2067,1426,2109,1381,1957,1199,1697,878,924,1249,1354,1438,879,1214,1874,940,1536,1574,1583,1952,1986,1301,1790,1367,1834,842,1476,1942,1524,1906,933,1688,2007,1888,1322,1694,904,1664,2122,1941,1795,1204,2047,2137,1202,1722,2011,1851,1985,1041,1046,1928,1625,1757,1205,973,952,1971,1554,946,1646,1616,2056,1284,1714,1304,2088,906,1547,1568,884,1561,839,1358,1620,2058,2084,1488,1168,1615,2156,1881,1028,1601,2204,2049,2001,2042,2021,1690,1639,898,1821,1480,1673,1370,1364,1263,1455,1256,1631,2095,1288,1777,1508,1715,1475,1962,1762,2072,890,1861,899,1513,1752,1499,1733,1737,1067,1217,1031,875,2006,1275,1421,1819,947,1718,1329,1236,1473,964,1759,1262,1680,1617,1951,927,1257,1425,942,1571,1895,1811,1453,1167,1432,1803,2178,1812,1581,2055,1219,1808,1215,1233,1775,1096,1242,1412,1590,1159,1325,1990,1510,2050,1448,2130,1960,1341,1828,1586,2138,2474,1920,1359,1402,1328,1300,2085,1380,1451,1797,1732,1698,1423,891,1949,2186,1798,1512,977,1692,1879,1769,1072,1691,1679,1685,2046,1880,2152,1248,1875,1306,1914,1309,1675,1743,1709,1543,861,872,2091,1351,1600,1991,1606,1299,914,1837,1988,1454,1930,1902,2015,1904,1482,1435,1726,1310,1495,2190,1241,1587,2184,2121,2104,1660,1392,1557,1388,1493,1907,1924,1787,1735,1792,1923,1355,1589,1446,1882,1225,1696,827,2075,1343,1959,1878,941,2169,1089,1266,1474,1699,1968,1460,1657,1030,2079,1029,1723,1576,1836,969,1277,1633,1937,1623,2003,1756,1340,864,1444,1378,1841,1245,1034,982,1320,1838,943,2013,1208,1702,2020,1703,2039,1164,885,1545,1725,1274,1693,1209,1496,893,1506,1608,909,1507,1636,2198,2017,1569,954,1853,1840,2029,828,961,1984,2019,1429,2149,2033,1704,931,1527,2140,1831,2065,1833,1649,2025,1939,2016,1203,1842,1595,1220,1558,1196,1515,1604,1791,1407,1285,1094,1291,1708,1684,2143,1651,1731,2031,1864,1144,981,907,1255,1132,1793,953,1374,820,1372,887,1431,922,1400,1720,1863,1619,1534,1461,1944,1627,1556,2179,2096,896,1036,1767,2061,2090,1804,1489,1599,1866,1181,980,2076,1416,1247,1178,1051,2097,860,912,1869,1120,1404,1896,1540,1628,1520,2133,1200,1822,1232,856,1035,1478,1158,1140,1927,1964,1961,1227,1677,1419,1614,1549,1417,1588,1940,1521,919,1302,2081,1239,1186,1279,979,1983,1269,1975,1177,2005,1292,1672,1724,1525,1857,1252,1565,1584,2129,2189,1124,1409,1886,950,2146,1487,2002,1172,1854,1641,1654,1597,1166,923,2032,1747,1622,1180,1992,918,1538,1560,1648,1466,1868,1313,2199,1814,1658,1779,1862,936,1909,1268,1535,1331,1618,1278,1337,1376,1912,1995,1548,986,1829,1272,1175,1993,1966
2021-05-04 12:14:29-07:00,2485,1288,2079,1709,1035,1780,1334,1926,2485,2104,2485,1039,1523,2485,1562,1484,1568,2117,1728,2125,1395,2150,1157,2485,876,1947,2010,1200,1657,2485,2055,1715,2485,2485,1881,2485,1865,1036,841,2485,2110,1660,1048,1315,949,2485,1630,828,1031,1923,2485,1192,1559,2069,1773,1877,1958,2144,1194,1326,1598,1764,1348,2485,1051,1252,1173,2485,1574,903,2180,1307,1997,1224,1749,2103,1889,2027,1448,2485,1317,1822,2485,2485,2485,1269,1768,1289,1893,1902,1852,1907,1466,1223,1372,1347,1717,1410,2485,1946,1056,882,1692,2485,1165,1112,2038,1974,1399,889,1609,1795,880,1318,1022,1278,2485,927,906,871,893,826,1169,1931,2040,1236,2020,1405,1623,1295,1301,868,1461,930,1596,1029,915,1385,1538,1866,1586,1555,2485,2485,1170,2485,1234,1819,1666,1364,1675,1381,1874,1136,1985,1184,1920,938,1694,2097,1551,1049,2044,1712,2157,2485,861,2070,1966,957,1976,2485,1999,2485,920,2485,1788,1615,1527,967,2485,2485,1786,1732,1625,1740,1992,1848,1409,1975,1606,1472,1965,910,2002,1297,1910,1608,1772,1664,1869,1244,1547,1678,1589,2485,1416,935,2485,2151,1914,1837,1546,2485,2474,2187,1722,2485,1369,1196,1162,1290,1782,1595,1652,1814,974,1544,1654,2485,1872,1206,2137,1231,1254,1681,2056,2108,1380,1345,1684,2142,1512,1651,928,1912,1972,1845,1637,1906,1344,1245,1862,1447,1827,1198,1823,1826,1751,1724,1167,2019,917,885,1809,1953,1706,1175,806,1601,2021,1620,886,2485,1419,2133,1312,887,1464,1945,1835,2485,1571,1220,1277,1537,1490,1203,1743,962,1690,1783,1189,2199,2485,2102,900,1802,1362,2006,2086,1700,1642,875,1296,1964,1511,1404,1259,1064,2113,1367,1633,1968,2051,1470,1217,1411,2485,1798,2054,1427,1467,1202,1515,1913,1474,934,1226,827,1696,1918,2136,1672,1591,1261,2485,2035,1309,2041,2485,1653,1671,1703,1957,1861,2485,1251,1159,2124,1085,1072,1444,1483,897,891,1486,1053,1745,2153,1855,1335,1781,1556,1310,2134,1211,1748,1508,2042,1944,1624,2098,1379,2161,1089,1605,2485,2485,1759,2485,1590,1622,1393,1242,904,1214,1791,980,1507,958,1730,1510,2090,1424,2485,1737,1610,2062,2485,1594,1922,2030,1176,1386,1986,1565,1390,2059,2485,1482,1993,2066,1853,2075,2129,1185,2485,2048,1634,1498,1140,1928,1218,1037,862,1163,1856,1188,2198,1963,969,1639,1355,1456,2031,1646,1328,1425,2485,1402,1757,1502,2085,2485,1891,1435,843,1557,2485,1776,1413,1370,2485,2485,1451,1109,2193,2149,2485,1270,2026,1532,1942,1579,1230,2067,1238,1514,1655,940,864,1250,1078,1341,1973,1854,2095,2485,1274,1887,1240,1599,1846,1858,1880,2093,2485,1840,985,1616,1441,1800,1116,1604,2017,1299,1680,1875,1909,932,890,1789,1216,1808,1414,1177,840,1824,2195,1215,1687,2485,1247,2192,2036,2485,2485,1359,1373,1166,1513,1670,1566,1733,1705,1996,1132,1264,839,1268,1980,2025,1248,1313,1778,1438,860,1948,1685,1870,1659,2106,1720,1790,1496,2485,1180,1179,2485,898,1228,1275,1501,2077,937,2485,2143,2485,1449,1619,2007,1890,1563,1237,1219,2485,1291,1463,1128,2485,1485,1572,1769,1477,1883,1030,1839,1225,1429,1239,1628,1770,2485,1711,912,1755,2178,1316,1803,919,1091,2076,1892,2100,2485,1460,2485,2485,2154,1941,2485,1383,2485,1982,1879,1842,2485,2485,924,2132,1695,1183,873,2043,2485,863,2189,1375,1867,1412,1332,1287,1488,1885,1193,2131,2194,1736,2485,1793,1462,1271,1338,1901,1305,1144,1648,856,2485,1661,1314,1577,2485,1164,1603,2101,2068,1905,1458,923,1034,959,1640,1229,1327,1676,1794,1911,1863,1280,1838,1864,931,1611,1382,1704,1450,1221,945,1626,1900,2485,1494,1358,874,1787,859,1612,1588,1191,972,1938,1081,2485,2485,1677,1377,2155,965,1952,1529,1120,1253,2485,1100,1784,2485,1888,1437,1971,1351,2485,1535,2072,2485,2485,2034,1735,2190,1636,2018,2191,1915,1354,905,2063,933,2485,1346,2171,1644,1618,2039,1266,1758,1407,2485,1754,1222,2183,1777,926,2485,1343,1054,2061,1583,914,1517,2485,1094,2013,1384,1860,1260,1884,2128,2016,1213,1423,1635,2148,2139,978,1775,855,1329,913,2123,1607,1570,921,2485,888,1256,1553,1388,1539,1970,1895,1518,1302,1408,1718,1627,1990,1797,2485,1825,1525,2485,1233,2028,2485,2485,1187,1998,1378,2485,1689,1785,1279,869,1617,2485,1543,986,1545,1766,1443,1426,2029,1376,925,1208,2485,2196,2485,1940,1178,1492,1894,1969,1631,1060,1534,1561,950,1831,1836,1987,2485,1805,1446,1939,1519,956,1298,2485,2485,1445,2037,2114,1847,1267,2023,815,1360,1812,908,1851,2111,1721,2184,943,1873,1729,1292,2004,1560,1433,1954,2485,1841,1246,902,1168,2096,2485,1417,2485,1487,1934,2169,1650,948,1991,820,1929,2135,2485,2015,2121,1439,2074,1204,2145,2485,1792,1962,2485,1548,942,1038,1995,1587,1667,1815,1582,2049,866,867,1886,2485,1418,922,1154,1337,1209,1285,2138,2485,1613,1746,2065,1708,1967,2088,1668,1647,1683,936,1468,1936,1311,2485,944,2120,1699,1473,1506,981,1833,1469,1255,1742,2485,1585,909,1550,2112,1897,1994,1850,1930,1573,857,1673,1158,1686,2058,1960,2485,2107,1294,899,1398,2485,2485,1806,1336,970,1325,1741,1871,1308,1701,1350,1977,1281,1813,2105,1258,2485,2130,1303,1876,916,1043,1430,1479,2485,1688,2485,1041,1293,1088,2141,1541,1584,1526,2485,1257,1521,1600,911,1629,1387,1067,1726,1401,2082,1415,1366,1524,1516,1896,1243,2152,2485,1658,2485,881,1734,2485,907,2485,2078,2146,1361,968,2485,1349,1061,1983,2485,1161,2094,929,964,1663,963,1804,1933,1821,1403,1365,946,1263,2024,872,1082,1272,1276,1389,1693,2485,1955,2485,2126,1172,1576,1951,2109,870,1374,1096,1431,2485,1868,1592,2186,2060,2001,1921,1762,953,2485,966,1984,1832,1286,1558,1500,1727,1981,2197,1339,1212,2071,1632,1434,975,1956,2485,1697,2182,1491,1453,1917,1916,1621,1391,1750,1199,1528,894,2045,2005,1811,2185,842,1396,2046,2485,1753,1988,2485,892,1844,2485,1716,1959,2485,1265,1924,1691,884,2485,2485,896,2012,1406,2140,2073,1698,1160,2047,1522,1719,2485,1989,1937,879,1531,2485,1368,1643,2119,2485,1471,1679,1857,1903,1774,1919,1818,1744,2485,1578,1904,1932,1503,1731,1319,1455,2485,1801,1645,1760,2160,2485,983,1489,1763,2485,1182,2009,1723,1796,1357,901,1340,2084,1505,1465,1927,2485,2485,2089,2485,1593,2485,947,1074,2181,2485,1767,877,1641,1816,1756,2087,2081,1817,2147,2050,1567,1614,1174,2485,979,1834,1421,1207,1324,1322,1807,1323,1569,1371,1210,858,961,2188,2485,2032,1554,1283,1428,1282,1457,1235,1480,1442,1882,1638,1943,1432,973,2485,2485,2485,1058,1148,1107,1765,1186,1249,1935,1232,2485,2008,2156,2485,1201,954,865,2485,1899,2485,878,1820,1533,1979,1352,1342,1564,1171,1549,2485,1330,2485,1725,1124,2485,1086,1300,1829,1205,1476,2099,2485,2091,976,2485,1046,1978,2485,1333,854,977,2022,2064,1363,2485,1849,1656,1674,1710,1799,1273,1495,1878,1394,1540,951,1682,2033,1420,1436,1353,1714,1542,971,1771,1581,2485,1739,1262,2485,1397,2485,1331,1859,2014,2485,2485,1810,1104,1580,2485,2485,2485,1828,1356,2053,1227,1241,2485,2485,2052,2118,1028,2057,1702,1843,1452,1713,2115,1440,1493,2127,982,1925,895,1195,2485,2000,1454,1602,1459,1509,1284,918,2485,2485,1520,1575,1908,1761,1181,883,1950,1752,2179,1475,1304,1830,1321,1949,1504,1707,2485,2122,1779,2485,2485,2485,1400,1552,1422,939,1738,1190,952,1478,1499,2003,1481,1392,2476,1961,1070,2485,2485,941,1665,1747,1898,2011,1649,838,2116,1530,960,1669,1197,2092,2485,1597,984,1497,1536,1084,2083,1320,2485,1306
2021-05-04 12:22:32-07:00,2495,2488,2516,2486,2487,2499,2518,2497,2490,2505,2494,2500,2493,2521,2509,2523,2489,2501,2510,2526,2512,2517,2525,2524,2507,2527,2492,2529,2514,2520,2528,2522,2506,2503,2513,2508,2498,2502,2504,2491,2511,2496,2519,2515
2021-05-04 12:23:33-07:00,2530,2533,2532,2534,2531
2021-05-04 12:24:17-07:00,2535
2021-05-04 12:25:11-07:00,2551,2546,2545,2536,2539,2558,2556,2557,2561,2547,2560,2537,2549,2538,2544,2541,2540,2553,2552,2542,2543,2559,2555,2562,2550,2548,2554
2021-05-04 12:26:27-07:00,2604,2566,2608,2573,2624,2567,2627,2607,2635,2591,2600,2629,2576,2588,2617,2630,2622,2610,2597,2632,2625,2580,2620,2568,2614,2587,2578,2613,2598,2594,2592,2571,2593,2606,2583,2626,2619,2603,2564,2595,2628,2570,2621,2631,2633,2582,2601,2586,2572,2612,2585,2581,2605,2563,2584,2616,2574,2575,2611,2602,2623,2590,2569,2589,2609,2596,2599,2579,2618,2565,2615,2634,2577
2021-05-04 12:28:27-07:00,2636,2637
2021-05-04 12:29:36-07:00,2646,2642,2641,2639,2638,2645,2644,2640,2643
2021-05-04 13:10:18-07:00,2170,631,2506,2670,1033,2570,2611,2692,632,2723,2626,2680,2682,852,2715,2172,1017,2535,2695,1008,2675,765,837,999,2493,2494,2478,847,809,1016,2498,2652,651,766,1005,1023,1013,2525,830,1004,2534,990,2705,1019,2662,2483,2666,2651,2168,2716,648,2691,375,2166,2659,641,995,2694,800,805,2673,2717,2595,807,2714,2688,635,2687,2164,2516,2492,2711,1010,653,2667,764,2536,2712,2650,2683,1000,2706,2681,2668,824,1027,2602,2674,988,2491,652,647,2480,646,2689,1009,630,1018,834,644,654,2533,2698,2660,788,2658,814,808,2710,637,2718,621,2600,993,2162,642,2686,2720,2657,767,1002,849,2475,2684,813,2677,2648,821,2542,2490,2696,2678,1151,989,2699,851,2649,2174,1020,2512,1024,844,2669,836,2663,1021,992,1006,818,2177,853,2701,994,2709,1011,2495,822,2685,835,2596,833,1014,2202,1007,850,810,1015,817,2505,531,846,2665,811,2664,2604,2614,2487,1026,2532,997,2481,2702,2477,2719,2653,1012,2672,1003,2671,768,2661,650,2708,991,812,2700,845,2647,2654,2704,2655,2703,2721,2722,2713,2679,998,816,2707,2159,2656,640,2693,829,2697,2690,825,848,2676,649,996
2021-05-04 15:30:40-07:00,2733,2726,2729,2724,2725,2730,2731,2732,2728,2727
2021-05-04 15:42:31-07:00,2734
2021-05-04 15:43:18-07:00
2021-05-04 15:44:10-07:00,2485
2021-05-04 15:46:24-07:00
2021-05-04 16:03:22-07:00,2727
2021-05-05 07:39:27-07:00,2725
2021-05-05 07:43:38-07:00,2490
2021-05-05 07:46:56-07:00,2509,2638,2594
2021-05-05 07:49:55-07:00,2727
2021-05-05 07:59:41-07:00,2729
2021-05-05 08:07:01-07:00,851,2596,853,2595,2491,2487,989
2021-05-05 08:39:07-07:00,1020,2659,2690,644
2021-05-05 08:41:45-07:00,1151,816
2021-05-05 09:32:26-07:00,2735
2021-05-05 09:36:50-07:00,2735
2021-05-05 09:42:42-07:00,2735
2021-05-05 09:46:17-07:00
2021-05-05 09:51:36-07:00,2485
2021-05-05 10:07:51-07:00,2647
2021-05-05 10:11:51-07:00,2647
2021-05-05 13:31:05-07:00,2732,2725
2021-05-05 13:47:37-07:00,2729
2021-05-05 15:31:06-07:00,996,993,1010,1016,813,991,1008,1002,999,1012,997,1014,851,992,1007,1005,995,1003,1004,1011
2021-05-05 15:49:19-07:00,2490,2493,2491,2492
2021-05-05 15:59:26-07:00,768,767,766
2021-05-06 08:23:12-07:00,2493,2492,764
2021-05-06 08:48:57-07:00,1009,996,1004,999,992,1012,991,1008,1016,2692,1010,994,1015,998,995,997,1011,1000,993
2021-05-06 08:58:52-07:00,850,846,848,845
2021-05-06 09:03:56-07:00,814,810,808,813,809,811
2021-05-06 09:11:25-07:00,2168,1151,2170,2164,1033,2166
2021-05-06 09:26:58-07:00,2695,807,2690,1027,989,2202,1018,805,2481,851,2477,2480,835,837,853,990,824
2021-05-06 09:48:52-07:00,2707,2505,989,788,2611,640,2494,2512,635,2614,531,2495,2595
2021-05-06 10:18:35-07:00,531,991,767,768,764,766
2021-05-06 10:30:59-07:00,1011,768,1002,764,991,766,531,767
2021-05-06 11:51:21-07:00,2736
2021-05-06 11:55:05-07:00,2736
2021-05-06 12:02:34-07:00,2736
2021-05-06 12:32:01-07:00,988
2021-05-06 12:36:51-07:00,2689
2021-05-06 13:09:50-07:00,837
2021-05-06 13:24:44-07:00,837,2729
2021-05-06 13:34:11-07:00,816
2021-05-06 13:49:50-07:00,1018,816,1017
2021-05-06 14:04:03-07:00,1019,1018
2021-05-06 15:10:12-07:00,2535
2021-05-06 15:20:19-07:00,2535
2021-05-06 15:32:35-07:00,2535
2021-05-06 15:40:06-07:00,2535
2021-05-06 16:12:00-07:00,999,1000,1003,1004,1005
2021-05-07 07:38:33-07:00,988,2724,2731,2732
2021-05-07 08:10:35-07:00,988,2732
2021-05-07 08:18:12-07:00,988
2021-05-07 08:20:45-07:00,988
2021-05-07 08:26:31-07:00,988
2021-05-07 08:35:17-07:00,988
2021-05-07 08:45:02-07:00,988
2021-05-08 11:22:37-07:00,1000,2732
2021-05-08 11:54:00-07:00,2595
2021-05-08 12:12:05-07:00,2725
2021-05-08 12:25:14-07:00,2719,2713,2715,2716,2717,2718,2712,2720,2737,2711
2021-05-08 12:35:20-07:00,2716,2737,2717,2720,2718,2711,2719,2715,2712,2713
2021-05-08 12:41:33-07:00,2715,2720,2718,2711,2716,2713,2737,2717,2712,2719
2021-05-08 12:57:17-07:00,2712,2719,2718,2737,2715,2711,2713,2716,2717,2720,2738
2021-05-08 13:48:36-07:00,2719,2717,2720,2713,2737,2711,2718,2716,2712,2715
2021-05-09 09:39:18-07:00,2733
2021-05-09 09:48:52-07:00,2544,2713,2555,2553,2712,2549,2543,2715,2554,2719,2557,2551,2545,2711,2550,2717,2737,2548,2552,2547,2556,2720,2716,2546,2718
2021-05-09 10:23:15-07:00,2563,799,643,804
2021-05-09 10:30:18-07:00,2563,804
2021-05-09 11:03:50-07:00,2739
2021-05-09 11:12:10-07:00,2740
2021-05-09 12:05:38-07:00,2741
2021-05-09 12:19:31-07:00,2741
2021-05-09 12:42:31-07:00,2741
2021-05-09 13:11:42-07:00,2741
2021-05-09 13:20:53-07:00,2741
2021-05-09 13:38:21-07:00,2741
2021-05-10 09:25:07-07:00,989,2480,1018,2483,1023,2477,1000,2493,1008,1010,2742
2021-05-10 09:42:53-07:00,2493,989
2021-05-10 14:30:38-03:00,2536
2021-05-11 10:10:48-03:00,2542
2021-05-11 10:14:53-03:00,2711
2021-05-11 10:17:01-03:00,2712
2021-05-11 10:22:55-03:00,2713
2021-05-11 10:23:15-03:00,2712
2021-05-11 10:24:26-03:00,2737
2021-05-11 10:25:41-03:00,2737
2021-05-11 10:26:33-03:00,2715
2021-05-11 10:33:07-03:00,2716
2021-05-11 10:35:42-03:00,2717
2021-05-11 10:36:40-03:00,2718
2021-05-11 10:37:44-03:00,2719
2021-05-11 10:38:43-03:00,2720
2021-05-11 10:42:29-03:00,2543
2021-05-11 13:41:18-03:00,2544
2021-05-11 13:43:22-03:00,2545
2021-05-11 11:55:44-07:00,2743,2638,2744,2727
2021-05-11 12:07:33-07:00,2638
2021-05-11 12:17:44-07:00,2638
2021-05-11 12:28:31-07:00,2638
2021-05-11 12:42:06-07:00,2638
2021-05-11 12:56:42-07:00,2732,2638
2021-05-11 13:18:36-07:00,2638,2732,2727
2021-05-11 13:26:36-07:00,2638
2021-05-11 15:38:31-07:00,2638
2021-05-11 15:42:26-07:00,2638
2021-05-11 16:43:42-06:00,2727,825
2021-05-11 16:48:30-06:00,2745,816
2021-05-11 15:53:06-07:00,2638
2021-05-11 16:53:19-06:00,988
2021-05-11 16:00:15-07:00,2638
2021-05-11 16:05:06-07:00
2021-05-11 16:06:17-07:00
2021-05-11 16:08:49-07:00
2021-05-12 08:18:51-03:00,2546
2021-05-12 08:33:07-03:00,2547
2021-05-12 08:41:46-03:00,2547
2021-05-12 08:50:28-03:00,2548
2021-05-12 08:53:16-03:00,2549
2021-05-12 08:55:49-03:00,2550
2021-05-12 08:58:20-03:00,2551
2021-05-12 09:00:25-03:00,2552
2021-05-12 09:05:04-03:00,2553
2021-05-12 09:07:52-03:00,2554
2021-05-12 09:13:34-03:00,2555
2021-05-12 09:15:32-03:00,2556
2021-05-12 09:20:23-03:00,2557
2021-05-12 09:22:47-03:00,375
2021-05-12 08:20:45-07:00,2725
2021-05-12 08:51:32-07:00,0
2021-05-12 13:28:02-07:00,2748,2746,2747,2749
2021-05-12 13:48:38-07:00,2746,2750
2021-05-12 13:58:34-07:00,2184,2189,2195,2185,2187,2178,2474,2196,2186,2192,2197,2183,2199,2179,2180,2191,2181,2188,2193,2741,2194,2751,2190,2198,2182
2021-05-12 14:50:04-07:00,2514,2513
2021-05-13 07:44:38-07:00,2508,2509,2752,2510,2512,2724,2511,2744,2731,2753
2021-05-13 07:53:11-07:00,2509
2021-05-13 07:58:29-07:00,2509
2021-05-13 08:03:52-07:00,2509
2021-05-13 08:45:09-07:00,0
2021-05-13 08:45:54-07:00,0
2021-05-13 08:47:50-07:00,2754
2021-05-13 08:54:18-07:00,0
2021-05-13 11:54:56-07:00,2755
2021-05-13 12:56:47-07:00,2724,2638,2731
2021-05-13 13:02:06-07:00,2638
2021-05-13 15:30:38-07:00,2724,2731,2638
2021-05-13 15:40:55-07:00,2638
2021-05-14 00:38:42+01:00,2732
2021-05-14 10:35:20-03:00,765
2021-05-14 10:55:30-03:00,2688
2021-05-14 08:04:21-07:00,2756,0
2021-05-14 08:57:55-07:00,2757,0
2021-05-14 09:03:15-07:00,0
2021-05-14 15:41:35-03:00,788
2021-05-14 14:25:49-07:00,2725,2732,2638
2021-05-14 14:34:14-07:00,2638
2021-05-15 10:36:43+02:00,2727
2021-05-15 10:38:29+02:00
2021-05-15 10:06:02-03:00,2505
2021-05-15 10:20:49-03:00,1020
2021-05-15 10:39:23-03:00,2516
2021-05-15 07:43:10-07:00,2505
2021-05-15 07:44:27-07:00,2505
2021-05-15 08:20:28-07:00,2611
2021-05-15 08:22:12-07:00,1014
2021-05-15 08:32:42-07:00,1020
2021-05-15 08:42:32-07:00,1151
2021-05-15 09:05:15-07:00,2758
2021-05-15 09:10:22-07:00,2758
2021-05-15 09:38:39-07:00,1014
2021-05-15 09:40:10-07:00,2494
2021-05-15 18:10:07+01:00,1151
2021-05-15 10:31:29-07:00,2638
2021-05-15 10:33:00-07:00,2732
2021-05-15 10:33:19-07:00
2021-05-15 20:37:46+02:00,1020
2021-05-15 20:41:39+02:00,1020
2021-05-15 20:46:05+02:00,988
2021-05-15 12:46:17-07:00,2734
2021-05-15 13:03:46-07:00,2638
2021-05-15 17:17:39-07:00,2731,2638,2724
2021-05-15 17:45:52-07:00,2638
2021-05-15 18:11:02-07:00,2724,2638
2021-05-15 18:15:23-07:00,2724,2638
2021-05-16 11:09:18+02:00,1020
2021-05-16 11:09:49+02:00,1020
2021-05-16 11:13:35+02:00,988
2021-05-16 12:11:55+01:00,2723
2021-05-16 09:04:46-03:00,2653
2021-05-16 09:11:16-03:00,2758
2021-05-16 07:55:45-07:00,2733
2021-05-16 08:00:39-07:00,2759
2021-05-16 16:58:05+01:00,2638
2021-05-16 09:02:02-07:00,1000,2732,2509
2021-05-16 17:03:31+01:00,2638,2724
2021-05-16 09:03:47-07:00
2021-05-16 17:12:13+01:00,2724
2021-05-16 09:19:04-07:00
2021-05-16 09:19:54-07:00
2021-05-16 17:49:07+01:00,2731
2021-05-16 17:58:12+01:00,2732
2021-05-16 10:13:43-07:00,1033
2021-05-16 10:22:42-07:00,2759
2021-05-16 11:42:25-07:00,2750
2021-05-16 11:43:58-07:00,2725
2021-05-16 11:54:26-07:00,2509,2725,2512
2021-05-16 12:01:11-07:00,2725
2021-05-16 14:36:38-07:00,1020
2021-05-16 23:05:23+01:00,846,1014,813,814
2021-05-16 23:16:06+01:00,1033
2021-05-16 23:41:53+01:00,2719,2718,2716,2737,2720,2717,2713,2715,2711,2712
2021-05-16 16:02:55-07:00
2021-05-16 16:25:48-07:00,2730,2725
2021-05-16 16:46:33-07:00,2727
2021-05-16 19:29:14-07:00,2638
2021-05-17 12:04:26+01:00,2626
2021-05-17 16:54:55+01:00,2535,765,2626,2623,849,996,825,763,2480,2482
2021-05-17 16:59:35+01:00
2021-05-17 17:05:23+01:00,2728
2021-05-17 09:36:45-07:00,2726,2725
2021-05-17 09:58:07-07:00,1151
2021-05-17 12:00:21-07:00,2762,2761,2760,2763
2021-05-17 12:18:17-07:00,2762,2763
2021-05-17 13:14:54-07:00,2764
2021-05-17 13:35:55-07:00,2764
2021-05-17 13:53:01-07:00,2764
2021-05-17 17:46:28-06:00,849
2021-05-17 17:54:39-06:00,846
2021-05-17 16:59:42-07:00,642
2021-05-17 18:05:48-06:00,818
2021-05-17 18:10:59-06:00,992
2021-05-17 18:14:03-06:00,804
2021-05-17 18:16:54-06:00,991
2021-05-17 18:22:47-06:00,808
2021-05-18 11:48:10+02:00,2734
2021-05-18 14:33:38+01:00,2536
2021-05-18 15:59:10+01:00,816
2021-05-18 08:06:57-07:00,989,814,2494,2600,2498
2021-05-18 08:18:25-07:00,2611
2021-05-18 08:51:34-07:00,2765,2731,2724
2021-05-18 16:59:00+01:00,836
2021-05-18 17:00:07+01:00,836
2021-05-18 09:04:47-07:00,2755,2724,2765
2021-05-18 09:05:37-07:00
2021-05-18 09:20:13-07:00,2764,0
2021-05-18 17:44:37+01:00,1006
2021-05-18 19:06:31+01:00,1033
2021-05-18 11:37:18-07:00,632
2021-05-18 19:43:58+01:00,2492
2021-05-18 19:53:59+01:00,2493
2021-05-18 12:10:51-07:00,650
2021-05-18 16:54:11-07:00,2757
2021-05-18 16:58:40-07:00,2757
2021-05-18 17:50:22-07:00,2764,2756,2757
2021-05-18 17:50:44-07:00,2757,2768,2767,2766,0
2021-05-19 12:05:34+02:00,2536
2021-05-19 12:15:30+02:00,2734
2021-05-19 12:17:14+02:00,2734
2021-05-19 12:18:17+02:00,2536
2021-05-19 12:23:17+02:00,2734
2021-05-19 12:26:13+02:00,2734
2021-05-19 09:27:17-07:00,2768
2021-05-19 09:40:18-07:00,2755
2021-05-19 12:40:57-07:00,2750,2746,2747,2730,2749,2748,2726
2021-05-19 15:08:39-07:00,811
2021-05-19 15:13:38-07:00,1018
2021-05-20 12:28:38+01:00,2725,2732
2021-05-20 12:29:42+01:00,2732
2021-05-20 12:34:43+01:00,2733
2021-05-20 12:52:10+01:00,2731
2021-05-20 12:55:51+01:00,2732
2021-05-20 13:00:15+01:00,0
2021-05-20 09:43:30-03:00,988
2021-05-20 10:17:05-03:00,813
2021-05-20 07:48:40-07:00,2726,2766,0
2021-05-20 07:48:45-07:00
2021-05-20 07:52:09-07:00
2021-05-20 08:51:55-07:00,0
2021-05-20 08:52:26-07:00,0
2021-05-20 12:47:46-07:00,2769,2770
2021-05-20 21:13:19-05:00,2480
2021-05-21 09:00:26-03:00,2600
2021-05-21 10:41:13-03:00,814
2021-05-21 13:09:31-07:00,2724
2021-05-21 13:21:07-07:00,2724
2021-05-21 20:06:18-07:00,2725
2021-05-22 06:23:48-07:00,2725
2021-05-22 06:50:10-07:00,2731,2732,2733
2021-05-22 13:16:44-07:00,2733,2732,2731
2021-05-22 13:19:34-07:00,2725
2021-05-22 13:25:24-07:00,2731
2021-05-23 08:38:40-03:00,816
2021-05-23 09:01:04-03:00,825
2021-05-23 10:18:33-03:00,834
2021-05-23 13:31:36-03:00,834
2021-05-23 11:08:12-07:00,2732,988
2021-05-24 09:49:32-03:00,847
2021-05-24 10:52:48-03:00,1027
2021-05-24 11:38:29-07:00,988,2732
2021-05-24 11:48:16-07:00,2732
2021-05-24 11:53:01-07:00,988
2021-05-24 12:12:45-07:00,2732,988
2021-05-24 12:23:49-07:00,988,2732
2021-05-24 12:50:22-07:00,2638
2021-05-24 12:56:37-07:00,2638
2021-05-24 13:00:33-07:00,2638
2021-05-24 13:07:34-07:00,2638
2021-05-24 15:30:04-07:00,2733,2638,2732,988
2021-05-24 21:51:27-06:00,2638
2021-05-24 21:15:18-07:00,640,637,990
2021-05-25 10:03:29-03:00,2494
2021-05-25 10:08:43-03:00,2516
2021-05-25 10:27:46-03:00,2505
2021-05-25 08:41:59-07:00
2021-05-25 12:07:06-07:00,2766,0,2725
2021-05-25 12:13:03-07:00,2726
2021-05-25 15:00:33-07:00,2733,2766,2732
2021-05-25 16:17:24-07:00,2766
2021-05-25 16:18:50-07:00,2766
2021-05-25 17:24:05-07:00,2766
2021-05-25 17:26:09-07:00,2766
2021-05-25 18:12:52-07:00,2766
2021-05-25 18:18:11-07:00
2021-05-25 18:37:22-07:00,2766
2021-05-26 20:12:19+02:00
2021-05-26 20:12:24+02:00
2021-05-27 09:00:34-03:00,989
2021-05-27 09:14:51-03:00,2766
2021-05-27 08:26:52-07:00,2726
2021-05-27 08:57:28-07:00,2766
2021-05-27 12:19:36-07:00,2766
2021-05-27 12:46:08-07:00,2764
2021-05-27 12:46:46-07:00
2021-05-27 13:24:30-07:00,2766,2485
2021-05-27 13:26:28-07:00,2766
2021-05-27 13:29:32-07:00,0
2021-05-27 13:30:00-07:00,0
2021-05-27 13:30:46-07:00,2766
2021-05-27 14:32:36-07:00,2756,2757
2021-05-27 14:41:06-07:00,2766
2021-05-27 14:45:10-07:00,2757
2021-05-27 14:49:48-07:00,2756
2021-05-27 14:51:16-07:00,2730
2021-05-27 14:56:31-07:00,2756
2021-05-27 15:54:59-07:00,2771
2021-05-28 11:23:00+01:00,2771
2021-05-28 09:00:22-07:00,2731,2766
2021-05-28 09:22:22-07:00,2733
2021-05-28 09:41:16-07:00,0
2021-05-29 09:24:13-03:00,2506
2021-05-29 09:38:11-03:00,2512
2021-05-30 10:08:50-07:00,2767
2021-05-30 13:27:51-07:00,2767
2021-06-01 08:25:04-07:00,2771
2021-06-03 07:59:29-07:00,2734
2021-06-09 13:29:15-07:00,2733,2725,2732,2731
2021-06-09 16:10:48-07:00,2731
2021-06-10 06:59:50-07:00,2725
2021-06-13 11:37:21+02:00,2734
2021-06-13 08:40:40-03:00,650
2021-06-13 08:43:31-03:00,644
2021-06-13 08:45:10-03:00,2710
2021-06-13 08:49:25-03:00,646
2021-06-13 08:54:22-03:00,647
2021-06-13 09:00:08-03:00,648
2021-06-13 09:04:40-03:00,649
2021-06-13 18:43:42+02:00
2021-06-13 09:54:49-07:00,0
2021-06-13 10:23:24-07:00,0
2021-06-13 10:30:15-07:00,665,660,749,732,742,759,691,689,682,699,697,715,684,676,694,748,664,724,736,707,745,717,712,752,659,730,760,751,688,706,739,670,738,741,709,675,698,671,701,743,666,692,677,727,737,761,721,668,658,704,731,700,720,750,726,702,723,744,714,680,716,753,672,663,661,683,678,674,728,755,740,713,718,746,754,747,710,673,705,690,669,735,685,679,722,708,756,696,681,693,686,667,695,729,757,703,711,733,687,734,719,758,725,662
2021-06-14 07:06:10-07:00,2725
2021-06-15 10:15:44-03:00,651
2021-06-15 10:21:00-03:00,652
2021-06-15 10:57:15-03:00,653
2021-06-15 10:59:20-03:00,654
2021-06-15 13:55:50-03:00,2532
2021-06-16 15:18:39-07:00,811
2021-06-16 20:27:25-05:00,988
2021-06-16 21:20:52-05:00,988
2021-06-17 10:09:31+02:00,0
2021-06-17 10:11:38+02:00,2725,2774,2773,2731,2772
2021-06-17 10:14:23+02:00,0
2021-06-17 10:19:32+02:00,2771
2021-06-17 12:22:34+01:00,2774
2021-06-17 17:42:43+01:00,2731
2021-06-17 17:46:05+01:00,2731
2021-06-19 07:30:13-05:00,2480
2021-06-21 09:32:54-03:00,2649
2021-06-21 09:34:04-03:00,2650
2021-06-21 09:39:08-03:00,2651
2021-06-21 09:39:57-03:00,2652
2021-06-21 09:41:00-03:00,2570
2021-06-23 20:51:19+01:00,2731
2021-06-25 10:16:18-05:00,2480
2021-07-03 12:47:27-07:00,2775
2021-07-04 09:50:56-03:00,2532
2021-07-11 10:21:20-03:00,0
2021-07-11 10:22:53-03:00,2766
2021-07-11 10:34:37-03:00,2771
2021-07-11 10:36:38-03:00,2764
2021-07-11 10:39:07-03:00,2771
2021-07-11 10:42:11-03:00,2767
2021-07-11 10:44:38-03:00,2757
2021-07-11 10:48:19-03:00,2756
2021-07-12 10:04:50-03:00,811
2021-07-12 10:19:29-03:00,835
2021-07-12 12:27:12-07:00
2021-07-14 08:03:27-03:00,1005
2021-07-14 08:11:06-03:00,1009
2021-07-14 13:39:17+01:00,2532
2021-07-15 13:07:32-07:00,2775,2773
2021-07-15 22:41:41+01:00,2773
2021-07-16 14:50:07-07:00,2776
2021-07-16 15:11:05-07:00,650
2021-07-16 15:17:00-07:00,2776
2021-07-16 23:51:16+01:00
2021-07-17 12:27:14-07:00,0
2021-07-17 12:28:54-07:00,988
2021-07-18 11:53:15-07:00,2777,2776
2021-07-18 11:57:15-07:00,2776
2021-07-18 12:09:46-07:00,2776
2021-07-18 12:15:52-07:00,2776
2021-07-18 20:12:31-05:00
2021-07-19 09:03:29-07:00,1027
2021-07-21 11:37:33+02:00,2776
2021-07-21 05:51:27-05:00
2021-07-21 06:44:45-05:00,920
2021-07-21 06:45:01-05:00
2021-07-25 11:35:51+01:00,2734
2021-07-25 20:40:21-05:00,912
2021-07-25 20:49:24-05:00,2480
2021-07-25 20:53:21-05:00,912
2021-07-25 21:49:38-05:00,2480,2778
2021-07-27 13:03:14-07:00,0
2021-07-31 00:56:54-06:00,2477
2021-08-11 10:49:48-07:00,2513,2514
2021-08-11 12:44:56-07:00
2021-08-12 08:49:13-03:00,0
2021-08-12 16:36:58-07:00,2506
2021-08-14 10:36:27-03:00,995
2021-08-15 06:43:28-03:00,766
2021-08-15 08:38:21-03:00,2533
2021-08-16 16:13:46-07:00,2514,2513
2021-08-17 10:38:02-03:00,1024
2021-08-17 14:59:52+01:00,2506
2021-08-17 20:30:19+01:00,2506
2021-08-17 20:59:36+01:00,2506
2021-08-18 10:45:45+01:00
2021-08-18 11:42:13+01:00,0
2021-08-18 11:44:04+01:00
2021-08-18 13:42:13+01:00,0
2021-08-18 13:55:55+01:00,2533
2021-08-18 14:03:23+01:00,2530
2021-08-19 08:18:07-03:00,1026
2021-08-27 09:47:23-03:00,1019
2021-08-27 10:09:49-03:00,2177
2021-08-27 10:37:44-03:00,2697
2021-08-27 11:25:16-03:00,2697
2021-08-27 10:08:07-07:00,2513,2514
2021-08-27 10:23:15-07:00,2506
2021-08-27 10:40:15-07:00,2779
2021-08-27 11:08:41-07:00,2780
2021-08-27 11:42:41-07:00,2785,2786,2783,2782,2780,2784,2781
2021-08-27 15:56:16-03:00,2697
2021-08-27 15:57:31-03:00,2697
2021-08-27 15:58:51-03:00,2697
2021-08-27 15:16:20-07:00,2779
2021-08-27 23:33:58+01:00,2780
2021-08-27 23:50:44+01:00,2786,2785
2021-08-29 12:57:16+01:00,2506
2021-08-29 09:17:39-03:00,2534
2021-08-29 09:23:02-03:00,2535
2021-08-29 09:30:30-03:00,631
2021-08-29 09:39:52-03:00,630
2021-08-30 17:16:00-05:00,2787
2021-08-31 08:19:39-06:00,2724
2021-08-31 08:23:25-06:00,2788
2021-08-31 08:24:18-06:00,2638
2021-08-31 11:25:33-03:00,2600
2021-08-31 08:26:19-06:00,2475
2021-08-31 11:27:49-03:00,2595
2021-08-31 11:30:04-03:00,2602
2021-09-01 09:16:51-07:00,2534
2021-09-01 12:02:42-07:00,2505
2021-09-01 13:48:53-07:00,2781,2786,2782,2785
2021-09-03 09:43:52-03:00
2021-09-03 16:36:01-07:00,2785,2781,2786,2782
2021-09-03 16:36:12-07:00
2021-09-04 12:56:04+01:00,2505
2021-09-04 14:20:06+01:00,837
2021-09-04 09:04:07-05:00,2787
2021-09-04 09:04:41-05:00,2787
2021-09-05 10:54:18+01:00,837
2021-09-05 11:11:43-07:00,2611
2021-09-05 11:17:21-07:00,829
2021-09-05 11:28:56-07:00,837
2021-09-05 16:05:48-07:00,1000
2021-09-05 16:11:39-07:00,1027
2021-09-06 11:11:04+01:00,799,651
2021-09-07 12:45:07-07:00,633
2021-09-07 14:25:59-07:00,2775,2790,2789
2021-09-08 08:43:09-04:00,2492
2021-09-08 09:54:55-03:00
2021-09-09 13:09:03+01:00,0
2021-09-09 08:46:29-04:00,2535
2021-09-09 09:52:31-03:00
2021-09-09 14:01:34+01:00,2535,2791
2021-09-09 14:01:34+01:00,819
2021-09-09 14:28:30+01:00,2563
2021-09-09 14:37:35+01:00,2563
2021-09-09 10:43:34-03:00,991
2021-09-09 10:45:47-03:00,819
2021-09-09 10:48:45-03:00,824
2021-09-09 10:49:37-03:00,824
2021-09-09 10:50:53-03:00,2689
2021-09-09 10:52:54-03:00,998
2021-09-09 10:55:17-03:00,1151
2021-09-09 10:56:18-03:00,2480
2021-09-09 10:57:30-03:00,2697
2021-09-09 10:59:22-03:00,2638
2021-09-09 11:01:51-03:00,2706
2021-09-09 15:06:24+01:00,2563
2021-09-09 11:23:55-03:00,2706
2021-09-09 15:38:36+01:00,2658
2021-09-09 11:44:28-03:00,635
2021-09-09 17:23:38+01:00,991
2021-09-09 20:28:06+01:00,998
2021-09-09 20:46:24+01:00,819
2021-09-09 21:14:16+01:00,2563
2021-09-09 21:53:29+01:00,2535
2021-09-09 22:03:32+01:00,2724
2021-09-09 22:05:09+01:00,2535
2021-09-09 17:14:37-05:00,986,2480
2021-09-10 09:20:56-04:00,1018
2021-09-10 10:47:36-03:00
2021-09-10 14:03:46-05:00,921
2021-09-10 14:03:58-05:00
2021-09-11 08:28:50-03:00,2595
2021-09-11 15:21:03+01:00,531
2021-09-12 15:31:20-07:00,2595
2021-09-13 10:06:00-07:00,2763
2021-09-14 12:36:30+01:00,811
2021-09-15 17:17:19-06:00,2787
2021-09-15 17:24:03-06:00,2787
2021-09-17 11:06:20-03:00,2492
2021-09-17 11:10:23-03:00,2492
2021-09-20 22:50:51+01:00,811
2021-09-20 18:01:49-05:00,2480
2021-09-20 18:09:18-05:00,2792,2480
2021-09-20 18:13:23-05:00,2793,2480
2021-09-20 18:17:46-05:00,2793
2021-09-20 19:29:40-05:00,2480
2021-09-23 08:58:35+02:00,1024
2021-09-23 12:19:21+01:00
2021-09-23 10:34:21-07:00,2794,2775
2021-09-23 10:38:56-07:00
2021-09-23 20:11:33+01:00,0
2021-09-23 19:53:58-04:00,851
2021-10-05 14:34:48-07:00,825
2021-10-12 16:59:55-03:00,2795
2021-10-12 17:02:32-03:00,2796
2021-10-12 17:03:32-03:00,2797
2021-10-12 17:04:09-03:00
2021-10-13 08:54:06-03:00,2795
2021-10-13 09:06:42-03:00,2795
2021-10-13 09:16:51-03:00,2795
2021-10-13 09:47:42-03:00,2795
2021-10-14 00:08:29+02:00,2596
2021-10-14 09:04:15-04:00,2795
2021-10-14 10:44:54-03:00,631
2021-10-22 15:55:32+02:00,2763
2021-10-22 15:59:50+02:00,2763
2021-10-23 16:59:52+02:00,2727
2021-11-01 14:00:40-03:00,834
2021-11-01 14:01:07-03:00,834
2021-11-01 14:11:39-03:00,2480
2021-11-01 14:20:39-03:00,637
2021-11-01 14:34:08-03:00,2795
2021-11-01 14:43:39-03:00,2667
2021-11-01 14:50:20-03:00,2602
2021-11-01 15:08:47-03:00,2492
2021-11-01 15:10:39-03:00
2021-11-01 15:18:42-03:00,2492
2021-11-01 21:49:42-05:00,2480,2798
2021-11-01 22:03:25-05:00,2798
2021-11-01 22:18:30-05:00,894
2021-11-02 10:10:06-05:00,894
2021-11-02 16:26:47-05:00,2480
2021-11-05 16:46:43+00:00,2595
2021-11-05 16:55:00+00:00,635,2706
2021-11-12 15:57:25-06:00,2799,2800,2480
2021-11-12 16:02:30-06:00,0
2021-11-15 04:54:00-06:00,2492
2021-11-20 09:46:18-04:00,2595
2021-11-21 08:37:16-04:00,2595
2021-11-21 08:58:30-04:00,2602
2021-11-21 08:59:38-04:00,2602
2021-11-21 09:10:02-04:00,2602
2021-11-21 09:16:17-04:00,2595
2021-11-21 09:59:19-04:00,2595
2021-11-21 10:03:19-04:00,2649
2021-11-21 20:27:35+00:00,2536,2485
2021-11-21 21:31:17+00:00
2021-11-21 21:32:09+00:00,2773
2021-11-22 09:38:00-04:00,2611
2021-11-23 13:42:57-08:00,2514,2513
2021-12-16 10:51:12-04:00,2532
2021-12-16 11:00:43-04:00
2021-12-16 11:39:10-04:00,2532
2021-12-16 18:44:37+01:00
2021-12-17 07:09:04-04:00
2021-12-17 14:33:13-04:00,2532
2021-12-17 14:37:10-04:00,2532
2021-12-18 08:58:14-04:00,2532
2022-01-03 15:11:46-04:00,990
2022-01-03 15:20:33-04:00,990
2022-01-04 09:20:48+00:00,2534
2022-01-04 09:22:26+00:00,2534
2022-01-05 11:01:40+02:00,1018
2022-01-07 15:43:43-08:00,1018
2022-01-10 17:34:29-06:00,2480,2801
2022-01-10 17:38:53-06:00,2801,2802,2480
2022-01-11 20:17:50-05:00,1018
2022-01-11 22:30:58-06:00,2480
2022-01-12 14:03:05-08:00
2022-01-14 11:39:11+00:00,2803
2022-01-14 13:22:44+00:00,2803
2022-01-20 11:17:17+01:00,2807,2806,2804,2805
2022-01-20 11:26:49+01:00,2804,2806
2022-01-23 05:28:30+01:00,990
2022-02-02 10:10:28-04:00,2602
2022-02-08 14:32:20-07:00,2475
2022-02-12 09:29:19-05:00,851
2022-02-14 10:00:57-04:00
2022-02-14 14:13:09+00:00,2532
2022-02-14 14:15:35+00:00,2532
2022-02-14 14:23:33+00:00,2532
2022-02-15 15:58:43+01:00
2022-03-01 22:14:17-06:00,2808,2480
2022-03-03 13:00:47+00:00,2611
2022-03-04 20:46:43+09:00,1018
2022-03-04 10:05:26-08:00,2533
2022-03-04 15:05:21-05:00
2022-03-07 17:03:15+08:00,1018
2022-03-07 19:39:19+08:00,1018
2022-03-08 18:16:45+08:00,1018
2022-03-08 18:18:09+08:00,1018
2022-03-08 07:20:39-06:00,2480
2022-03-09 07:44:22+08:00,1018
2022-03-11 15:31:52+05:18,1018
2022-03-16 03:25:33+01:00
2022-03-16 14:33:19+00:00,837
2022-03-19 18:45:51+01:00,2724
2022-03-19 18:50:23+01:00,2724
2022-03-19 18:59:18+01:00,2724
2022-03-21 01:08:50+00:00,1018
2022-03-23 16:00:07+01:00,1018
2022-03-25 10:26:19+08:00,847
2022-03-26 22:18:33+01:00
2022-03-27 12:32:50-07:00,2809
2022-03-27 12:34:26-07:00
2022-03-27 16:26:42-07:00,2809
2022-03-27 16:34:43-07:00,2809
2022-03-29 12:22:27-07:00,2809
2022-03-30 17:13:48+02:00,1018
2022-03-30 14:29:02-05:00,1018
2022-03-31 08:59:16+08:00,1018
2022-03-31 09:00:13+08:00
2022-03-31 09:31:16+08:00,1018
2022-03-31 12:53:54+05:18,1018
2022-03-31 12:08:45+02:00,1018
2022-03-31 12:09:11+02:00
2022-03-31 16:37:20+02:00,1018
2022-03-31 17:18:26+02:00,1018
2022-03-31 17:19:37+02:00,1018
2022-03-31 20:24:33+02:00,1018
2022-03-31 20:27:59+02:00
2022-03-31 20:35:32+02:00,1018
2022-03-31 22:13:26+02:00,1018
2022-03-31 22:40:10+01:00,1018
2022-03-31 22:42:45+01:00
2022-04-01 08:40:53+08:00
2022-04-01 11:47:49+08:00,1018
2022-04-02 15:15:51+02:00,1018
2022-04-03 17:41:42-07:00,1018
2022-04-03 17:44:01-07:00,1018
2022-04-03 17:46:08-07:00
2022-04-04 10:42:19+02:00,2536
2022-04-04 10:44:23+02:00,2536
2022-04-04 16:20:25+02:00,1018
2022-04-05 12:12:01+02:00,1018
2022-04-05 07:21:24-07:00,1018
2022-04-05 18:22:21-05:00,2765
2022-04-06 16:34:31+08:00,1018
2022-04-06 09:37:20-04:00
2022-04-06 09:37:37-04:00
2022-04-06 09:37:57-04:00
2022-04-07 00:52:45+01:00,2765
2022-04-07 18:47:32-04:00,1018
2022-04-08 14:00:20+01:00,2765
2022-04-09 10:00:09-07:00,1018
2022-04-09 22:21:41+01:00,2765
2022-04-10 23:05:53+01:00,2611
2022-04-12 11:25:31+08:00,1018
2022-04-12 06:15:53+02:00,1018
2022-04-13 09:49:47+01:00,0
2022-04-14 15:46:45+01:00,0
2022-04-16 14:17:40-03:00,2726
2022-04-18 09:38:29-03:00,0
2022-04-18 09:43:47-03:00,2750
2022-04-18 09:46:12-03:00,2750
2022-04-18 09:57:20-03:00,2706
2022-04-18 15:07:16+02:00,1018
2022-04-18 15:47:53+02:00,1018
2022-04-18 17:53:39+02:00,2734
2022-04-18 17:57:12+02:00,1012
2022-04-18 18:06:46+02:00,2734
2022-04-18 18:17:23+02:00,1012
2022-04-18 18:19:12+02:00,2734
2022-04-18 19:21:37+02:00,2734
2022-04-18 19:25:59+02:00,1012
2022-04-19 10:25:53-03:00,375
2022-04-19 10:30:55-03:00,2810
2022-04-19 21:37:12-05:00,2480
2022-04-21 08:43:24+01:00,2490,1027
2022-04-21 22:14:46+02:00,1018
2022-04-23 18:17:06+02:00,1018
2022-04-23 18:31:26+02:00,1018
2022-04-26 08:50:43-03:00,2811
2022-04-26 08:52:31-03:00,817
2022-04-26 08:54:52-03:00,2811
2022-04-26 08:57:34-03:00,817
2022-04-26 08:58:34-03:00,2811
2022-04-26 08:59:00-03:00,817
2022-04-26 10:30:00-03:00,2659
2022-04-26 10:34:55-03:00,2595
2022-04-26 10:37:58-03:00,2661
2022-04-26 10:44:01-03:00,2600
2022-04-26 11:21:08-03:00,2602
2022-04-26 11:22:28-03:00,2667
2022-04-26 11:26:21-03:00,2611
2022-04-26 14:04:52-03:00,2710
2022-04-26 14:07:05-03:00,2710
2022-04-26 14:14:44-03:00,834
2022-04-26 14:19:33-03:00,816
2022-04-26 14:42:29-03:00,2811
2022-04-26 14:59:41-03:00,2811
2022-04-26 15:14:08-03:00,816
2022-04-26 15:14:54-03:00,821
2022-04-26 15:16:59-03:00,822
2022-04-26 15:19:07-03:00
2022-04-26 15:20:40-03:00,2688
2022-04-26 15:52:21-03:00,2811
2022-04-26 18:26:14-03:00,833
2022-04-26 18:27:26-03:00,834
2022-04-26 18:30:14-03:00,836
2022-04-26 18:31:54-03:00,837
2022-04-27 09:37:20-03:00,851
2022-04-27 09:38:17-03:00,2691
2022-04-27 09:40:52-03:00,988
2022-04-27 09:44:30-03:00,990
2022-04-27 09:46:09-03:00,1018
2022-04-27 09:49:01-03:00,1019
2022-04-27 09:49:59-03:00,1021
2022-04-27 09:51:31-03:00,1027
2022-04-27 10:01:06-03:00,1027
2022-04-27 10:02:17-03:00,2695
2022-04-27 10:04:44-03:00,2695
2022-04-27 10:06:04-03:00,2177
2022-04-27 10:11:54-03:00,2478
2022-04-27 10:13:21-03:00,2480
2022-04-27 10:14:57-03:00,2481
2022-04-27 10:16:29-03:00,2483
2022-04-27 10:18:37-03:00,2696
2022-04-27 10:19:58-03:00,2736
2022-04-27 10:21:48-03:00,813
2022-04-27 10:23:27-03:00,814
2022-04-27 10:25:01-03:00,829
2022-04-27 10:26:02-03:00,830
2022-04-27 10:42:39-03:00,844
2022-04-27 10:44:23-03:00,845
2022-04-28 06:54:05-03:00,846
2022-04-28 06:55:53-03:00,847
2022-04-28 06:57:09-03:00,848
2022-04-28 06:57:48-03:00,849
2022-04-28 06:59:56-03:00,850
2022-04-28 07:01:32-03:00,852
2022-04-28 07:03:06-03:00,853
2022-04-28 07:05:17-03:00,991
2022-04-28 07:07:01-03:00,992
2022-04-28 07:09:47-03:00,993
2022-04-28 09:05:22-03:00,994
2022-04-28 13:00:53-03:00,995
2022-04-28 13:02:16-03:00,997
2022-04-28 13:17:43-03:00,998
2022-04-28 13:19:39-03:00,999
2022-04-28 13:44:27-03:00,2692
2022-04-28 13:46:20-03:00,1002
2022-04-28 13:49:14-03:00,1003
2022-04-28 13:51:11-03:00,1004
2022-04-29 15:49:54+08:00,2816,2812,2818,2817,522,520,2815,2814,2813,2819
2022-04-29 12:13:52+01:00,1005
2022-04-29 19:37:28+08:00
2022-04-29 08:54:55-03:00,1006
2022-04-29 08:58:01-03:00,1007
2022-04-29 09:00:23-03:00,1008
2022-04-29 09:17:48-03:00,1009
2022-04-29 09:19:52-03:00,1010
2022-04-29 09:21:31-03:00,1011
2022-04-29 09:22:39-03:00,1012
2022-04-29 09:23:29-03:00,1016
2022-04-29 09:24:38-03:00,1020
2022-04-29 09:24:53-03:00,1020
2022-04-29 09:26:42-03:00,1023
2022-04-29 09:27:23-03:00,1024
2022-04-29 09:28:01-03:00,2693
2022-04-29 09:28:42-03:00,1026
2022-04-29 09:31:44-03:00,2694
2022-04-30 10:44:15+08:00,522,520
2022-04-30 08:22:29-03:00,2751
2022-04-30 08:23:46-03:00,2202
2022-04-30 08:25:27-03:00,2746
2022-04-30 08:31:49-03:00,375
2022-04-30 08:33:51-03:00,2804
2022-04-30 08:35:31-03:00,2805
2022-04-30 08:37:29-03:00,2806
2022-04-30 08:39:54-03:00,2807
2022-04-30 08:41:58-03:00,2626
2022-04-30 08:57:29-03:00,800
2022-05-02 10:20:02-03:00,2687
2022-05-02 10:20:49-03:00,531
2022-05-02 10:26:55-03:00,2780
2022-05-02 10:29:23-03:00,621
2022-05-02 10:31:00-03:00,2697
2022-05-02 10:32:18-03:00,630
2022-05-02 10:32:56-03:00,631
2022-05-02 10:33:59-03:00,2795
2022-05-02 10:34:31-03:00,632
2022-05-02 10:41:46-03:00,637
2022-05-02 10:43:12-03:00,2708
2022-05-02 10:43:27-03:00,2708
2022-05-02 10:44:59-03:00,640
2022-05-02 10:45:57-03:00,641
2022-05-02 10:47:05-03:00,642
2022-05-02 10:47:28-03:00,642
2022-05-02 11:03:02-03:00,2709
2022-05-02 11:03:38-03:00,2490
2022-05-02 11:05:05-03:00,2491
2022-05-02 11:09:13-03:00,2492
2022-05-02 11:12:13-03:00,2493
2022-05-02 11:13:11-03:00,2494
2022-05-02 11:14:40-03:00,2495
2022-05-02 11:15:54-03:00,2498
2022-05-02 11:25:54-03:00,2505
2022-05-02 11:26:47-03:00,2506
2022-05-02 11:27:42-03:00,2516
2022-05-02 11:28:37-03:00,2710
2022-05-02 11:29:03-03:00,646
2022-05-02 11:29:49-03:00,650
2022-05-02 11:30:17-03:00,651
2022-05-02 11:30:46-03:00,652
2022-05-02 11:31:18-03:00,653
2022-05-02 11:32:09-03:00,766
2022-05-02 22:11:31+02:00,2623
2022-05-02 15:40:54-05:00
2022-05-02 22:30:18+01:00,804
2022-05-03 11:53:36+01:00,2765
2022-05-03 08:56:55-03:00,767
2022-05-03 08:58:24-03:00,2532
2022-05-03 09:00:31-03:00,2533
2022-05-03 09:06:39-03:00,2534
2022-05-03 09:24:55-03:00,2535
2022-05-03 09:26:27-03:00,2536
2022-05-03 09:28:04-03:00,2789
2022-05-03 09:31:14-03:00,2789
2022-05-04 18:21:07-07:00,2177
2022-05-06 15:43:55-05:00,2820,2480
2022-05-06 15:48:51-05:00,2820
2022-05-12 21:31:38+12:00,1018
2022-05-20 10:03:22+02:00,2806
2022-05-27 12:23:13+01:00,2697
2022-05-27 11:51:57-07:00,2811
2022-05-28 13:38:04-07:00,2811
2022-05-29 10:08:13-03:00
2022-06-03 12:32:22+05:18,1018
2022-06-03 09:32:15-03:00,851
2022-06-03 09:38:55-03:00,2653
2022-06-03 09:40:20-03:00,2655
2022-06-03 09:42:48-03:00,2661
2022-06-03 09:46:24-03:00,2600
2022-06-03 09:57:08-03:00,2611
2022-06-03 10:03:10-03:00,2623
2022-06-07 19:30:30+01:00,1005
2022-06-09 10:34:51-03:00,825
2022-06-14 09:42:25-03:00,2477
2022-06-27 09:52:26+02:00,2536
2022-06-28 13:37:14-05:00,2480
2022-06-28 13:49:38-05:00,2480
2022-06-28 14:00:57-05:00,2480
