2014-07-30 17:31:10-04:00,
2014-07-31 11:56:47-04:00,
2014-07-31 12:00:48-04:00,
2014-07-31 12:01:48-04:00,
2014-08-01 08:44:59-04:00,
2014-08-01 08:50:40-04:00,
2014-08-01 09:09:29-04:00,
2014-08-01 10:29:58-04:00,
2014-08-01 10:31:01-04:00,
2014-08-01 10:36:46-04:00,
2014-08-24 13:21:39-07:00,
2014-08-24 13:22:08-07:00,
2014-08-24 13:55:41-07:00,
2014-08-24 13:56:01-07:00,
2014-08-24 14:06:06-07:00,
2014-08-25 13:52:20-07:00,
2014-08-26 21:17:13-04:00,
2014-08-29 14:18:31+10:00,
2014-08-29 10:09:42-07:00,
2014-08-29 13:08:08-07:00,
2014-09-02 23:36:20+01:00,
2014-09-03 09:45:23-07:00,
2014-09-08 11:50:53-04:00,
2014-09-11 11:24:57-04:00,
2014-09-17 08:43:06-07:00,
2014-09-17 09:23:04-07:00,
2014-09-17 09:30:28-07:00,
2014-09-17 09:42:50-07:00,
2014-09-17 09:43:29-07:00,
2014-09-17 09:44:11-07:00,
2014-09-17 09:45:31-07:00,
2014-09-17 10:08:27-07:00,
2014-09-17 10:20:03-07:00,
2014-09-17 10:34:08-07:00,
2014-09-17 10:37:03-07:00,
2014-09-17 11:19:43-07:00,
2014-09-17 11:20:06-07:00,
2014-09-17 11:24:13-07:00,
2014-09-17 11:33:10-07:00,
2014-09-17 18:07:45-07:00,
2014-09-17 19:51:23-07:00,
2014-09-17 20:27:18-07:00,
2014-09-17 20:38:48-07:00,
2014-09-17 20:42:16-07:00,
2014-09-17 20:48:11-07:00,
2014-09-17 21:14:01-07:00,
2014-09-17 21:16:39-07:00,
2014-09-17 21:17:04-07:00,
2014-09-18 07:41:40-07:00,
2014-09-18 08:13:27-07:00,
2014-09-18 08:13:27-07:00,
2014-09-18 09:04:58-07:00,
2014-09-18 09:32:48-07:00,
2014-09-18 09:32:58-07:00,
2014-09-18 09:44:38-07:00,
2014-09-18 09:50:36-07:00,
2014-09-18 10:15:28-07:00,
2014-09-18 10:15:59-07:00,
2014-09-18 10:47:12-07:00,
2014-09-18 10:47:21-07:00,
2014-09-18 10:49:29-07:00,
2014-09-18 11:19:20-07:00,
2014-09-18 11:26:00-07:00,
2014-09-18 11:32:50-07:00,
2014-09-18 15:17:36-07:00,
2014-09-19 09:08:49-07:00,
2014-09-19 09:14:36-07:00,
2014-09-19 09:14:54-07:00,
2014-09-19 09:16:02-07:00,
2014-09-19 09:20:52-07:00,
2014-09-19 09:23:30-07:00,
2014-09-19 09:26:16-07:00,
2014-09-19 09:37:23-07:00,
2014-09-19 09:40:11-07:00,
2014-09-19 09:59:44-07:00,
2014-09-19 10:06:07-07:00,
2014-09-19 10:11:41-07:00,
2014-09-19 10:12:46-07:00,
2014-09-19 10:19:17-07:00,
2014-09-19 10:52:07-07:00,
2014-09-19 10:54:09-07:00,
2014-09-19 11:30:37-07:00,
2014-09-19 11:39:16-07:00,
2014-09-19 12:04:01-07:00,
2014-09-19 15:50:09-07:00,
2014-09-23 02:02:12+01:00,
2014-09-23 07:37:08-07:00,
2014-09-23 18:59:44-07:00,
2014-09-23 19:11:06-07:00,
2014-09-23 23:56:04-07:00,
2014-09-24 00:21:39-07:00,
2014-09-24 00:22:37-07:00,
2014-09-24 10:57:06-07:00,
2014-09-24 13:01:51-07:00,
2014-09-24 13:02:06-07:00,
2014-09-24 13:03:18-07:00,
2014-09-24 13:06:34-07:00,
2014-09-24 13:09:59-07:00,
2014-09-24 14:03:07-07:00,
2014-09-24 14:03:37-07:00,
2014-09-24 16:14:48-07:00,
2014-09-25 09:01:23-07:00,
2014-09-25 09:08:47-07:00,
2014-09-25 09:09:15-07:00,
2014-09-25 09:10:38-07:00,
2014-09-25 09:21:43-07:00,
2014-09-25 09:25:55-07:00,
2014-09-25 09:38:09-07:00,
2014-09-25 09:45:59-07:00,
2014-09-25 09:55:31-07:00,
2014-09-25 11:31:46-07:00,
2014-09-25 11:49:58-07:00,
2014-09-25 12:31:56-07:00,
2014-09-25 22:34:50+02:00,
2014-09-25 13:43:58-07:00,
2014-09-25 22:05:11-07:00,
2014-09-25 22:05:11-07:00,
2014-09-25 22:08:33-07:00,
2014-09-30 08:08:34-07:00,
2014-10-01 14:52:56+08:00,
2014-10-03 11:17:55-07:00,
2014-10-03 11:18:23-07:00,
2014-10-03 11:22:16-07:00,
2014-10-05 09:12:41-07:00,
2014-10-05 09:14:48-07:00,
2014-10-05 09:16:20-07:00,
2014-10-07 16:43:27+02:00,
2014-10-07 08:39:12-07:00,
2014-10-07 14:47:02-07:00,
2014-10-08 13:59:29-07:00,
2014-10-09 15:50:53-07:00,
2014-10-09 15:56:33-07:00,
2014-10-09 16:08:53-07:00,
2014-10-10 17:59:19+02:00,
2014-10-10 12:42:15-06:00,
2014-10-11 15:24:21-07:00,
2014-10-13 09:54:03-07:00,
2014-10-13 09:55:48-07:00,
2014-10-13 10:23:07-07:00,
2014-10-15 17:49:17-04:00,
2014-10-15 17:50:01-04:00,
2014-10-20 13:52:25-07:00,
2014-10-20 13:52:47-07:00,
2014-10-20 13:59:39-07:00,
2014-10-20 14:20:15-07:00,
2014-10-20 14:32:05-07:00,
2014-10-20 19:14:43-07:00,
2014-10-21 06:55:30+01:00,
2014-10-21 01:01:43-07:00,
2014-11-06 13:08:18+08:00,
2014-11-05 21:47:15-08:00,
2014-11-13 09:43:40-08:00,
2014-11-13 09:46:07-08:00,
2014-11-16 21:43:49+01:00,
2014-11-20 16:49:56-08:00,
2014-11-20 16:49:56-08:00,
2014-11-20 16:49:56-08:00,
2014-11-20 16:49:56-08:00,
2014-11-21 17:08:21+09:00,
2014-11-21 17:09:30+09:00,
2014-11-23 13:28:21-08:00,
2014-11-29 06:53:45-08:00,
2014-12-01 16:59:33+01:00,
2014-12-01 12:01:30-08:00,
2014-12-03 17:09:30+02:00,
2014-12-04 18:44:08+02:00,
2014-12-04 09:45:41-08:00,
2014-12-09 10:59:47-08:00,
2014-12-10 14:45:47-08:00,
2014-12-13 20:04:02-08:00,
2014-12-13 23:12:58-05:00,
2014-12-14 06:37:06+01:00,
2014-12-15 13:49:45-08:00,
2014-12-20 11:26:06-07:00,
2014-12-21 14:37:34-08:00,
2014-12-21 14:42:32-08:00,
2014-12-21 17:48:45-08:00,
2014-12-21 17:55:42-08:00,
2014-12-21 17:58:31-08:00,
2014-12-29 11:51:17+01:00,
2014-12-29 23:34:34+00:00,
2015-01-03 21:48:04-10:00,
2015-01-03 21:50:16-10:00,
2015-01-03 21:58:26-10:00,
2015-01-03 22:03:15-10:00,
2015-01-06 18:41:02+01:00,
2015-01-06 18:57:00+01:00,
2015-01-08 22:36:36+08:00,
2015-01-09 11:09:56-08:00,
2015-01-09 11:10:53-08:00,
2015-01-09 11:12:33-08:00,
2015-01-09 14:15:28-08:00,
2015-01-13 08:56:12-08:00,
2015-01-24 11:20:48-08:00,
2015-01-24 11:21:50-08:00,
2015-01-24 11:42:41-08:00,
2015-01-24 11:49:32-08:00,
2015-01-24 15:11:20-08:00,
2015-01-25 09:53:13-08:00,
2015-01-27 16:20:00-08:00,
2015-01-27 16:52:27-08:00,
2015-01-27 17:02:06-08:00,
2015-01-27 17:03:38-08:00,
2015-01-27 17:06:07-08:00,
2015-01-27 17:16:24-08:00,
2015-01-27 17:17:50-08:00,
2015-01-27 17:25:24-08:00,
2015-01-27 17:47:43-08:00,
2015-01-28 10:46:24+01:00,
2015-01-29 07:20:59-08:00,
2015-01-29 08:22:27-08:00,39,35,40,38,
2015-01-29 08:22:37-08:00,
2015-01-29 08:33:48-08:00,
2015-01-29 08:34:28-08:00,
2015-01-29 08:39:02-08:00,
2015-01-29 08:42:56-08:00,
2015-01-29 08:57:09-08:00,
2015-01-29 08:57:57-08:00,
2015-01-29 09:02:10-08:00,
2015-01-30 12:55:55+09:00,
2015-01-30 13:12:15+09:00,
2015-01-30 13:15:42+09:00,
2015-01-30 08:21:12-08:00,
2015-01-30 08:21:13-08:00,
2015-01-30 09:36:14-08:00,
2015-02-02 13:38:01+00:00,35,
2015-02-05 02:54:22+01:00,
2015-02-09 04:19:45-08:00,
2015-02-14 13:56:01-08:00,
2015-02-14 14:34:00-08:00,
2015-02-14 14:37:50-08:00,
2015-02-14 16:41:15-08:00,41,42,43,
2015-02-14 16:45:52-08:00,41,42,43,
2015-02-14 16:48:52-08:00,
2015-02-14 16:50:04-08:00,
2015-02-14 17:05:04-08:00,
2015-02-14 17:05:16-08:00,
2015-02-17 15:04:23-08:00,
2015-02-18 08:44:33-08:00,
2015-02-27 12:23:25-08:00,
2015-02-27 12:50:13-08:00,
2015-03-02 08:09:16-08:00,
2015-03-10 18:50:48-07:00,
2015-03-11 02:36:59+00:00,
2015-03-11 08:51:17-07:00,
2015-03-12 16:56:22+02:00,
2015-03-13 07:34:37-07:00,
2015-03-13 07:35:52-07:00,
2015-03-13 07:47:32-07:00,
2015-03-13 07:48:33-07:00,
2015-03-13 07:59:47-07:00,
2015-03-22 18:56:15-07:00,
2015-03-25 10:49:06-07:00,
2015-03-25 11:01:18-07:00,
2015-03-26 13:13:34-07:00,
2015-03-26 13:13:56-07:00,
2015-03-26 13:19:53-07:00,
2015-03-26 13:27:22-07:00,
2015-03-26 13:40:03-07:00,
2015-03-30 18:22:34+07:00,
2015-04-01 19:48:46-07:00,
2015-04-05 13:22:25-05:00,
2015-04-05 21:55:44-05:00,
2015-04-08 03:16:39-04:00,
2015-04-08 11:43:27-07:00,
2015-04-09 07:35:16-07:00,
2015-04-09 07:35:41-07:00,
2015-04-09 07:36:49-07:00,
2015-04-09 07:39:16-07:00,
2015-04-09 07:51:50-07:00,
2015-04-09 08:02:10-07:00,
2015-04-09 08:11:33-07:00,
2015-04-09 08:13:54-07:00,
2015-04-09 08:18:53-07:00,
2015-04-09 08:19:20-07:00,
2015-04-09 08:28:44-07:00,
2015-04-09 08:34:49-07:00,
2015-04-09 09:32:58-07:00,
2015-04-10 22:26:35-07:00,
2015-04-21 08:00:46-07:00,
2015-04-21 08:13:23-07:00,
2015-04-21 08:26:57-07:00,
2015-04-21 08:27:16-07:00,
2015-04-21 08:33:02-07:00,
2015-04-21 08:36:26-07:00,
2015-04-23 08:41:21+02:00,
2015-04-23 05:28:16-07:00,
2015-04-23 23:48:32+02:00,
2015-04-26 13:01:43-07:00,
2015-04-26 13:01:43-07:00,
2015-05-02 12:16:35-07:00,
2015-05-02 12:16:35-07:00,
2015-05-02 12:16:35-07:00,
2015-05-02 12:22:11-07:00,
2015-05-02 12:23:54-07:00,
2015-05-02 12:25:02-07:00,
2015-05-02 12:29:20-07:00,
2015-05-02 12:33:29-07:00,
2015-05-02 12:39:40-07:00,
2015-05-02 12:41:59-07:00,
2015-05-03 11:21:32-07:00,
2015-05-03 11:44:36-07:00,
2015-05-03 15:15:34-07:00,
2015-05-04 22:10:32+09:00,
2015-05-04 08:42:10-07:00,
2015-05-04 08:54:08-07:00,
2015-05-04 22:39:44-07:00,
2015-05-04 22:54:43-07:00,
2015-05-04 22:54:43-07:00,
2015-05-04 23:22:53-07:00,
2015-05-04 23:25:15-07:00,
2015-05-04 23:36:27-07:00,
2015-05-04 23:38:49-07:00,
2015-05-04 23:43:06-07:00,
2015-05-04 23:45:56-07:00,
2015-05-04 23:50:56-07:00,
2015-05-04 23:57:06-07:00,
2015-05-04 23:59:12-07:00,
2015-05-05 01:00:10-07:00,
2015-05-05 01:03:01-07:00,
2015-05-05 01:15:33-07:00,
2015-05-05 08:52:17-07:00,
2015-05-05 08:54:23-07:00,
2015-05-05 19:45:22-07:00,
2015-05-05 20:56:05-07:00,
2015-05-05 21:12:13-07:00,
2015-05-05 22:51:38-07:00,
2015-05-06 08:15:55-07:00,
2015-05-10 22:08:23-07:00,
2015-05-11 06:15:13-07:00,
2015-05-11 23:01:30-07:00,
2015-05-11 23:17:27-07:00,
2015-05-11 23:17:52-07:00,
2015-05-12 00:48:30-07:00,
2015-05-13 00:05:21-07:00,
2015-05-13 11:50:42-07:00,
2015-05-13 13:09:19-07:00,
2015-05-13 23:21:37-07:00,
2015-05-17 17:08:37-07:00,
2015-05-17 17:12:35-07:00,
2015-05-17 20:45:55-07:00,
2015-05-17 21:17:23-07:00,
2015-05-18 13:52:14-07:00,
2015-05-19 21:48:44-07:00,
2015-05-19 23:00:10-07:00,
2015-05-20 11:05:44-07:00,
2015-05-29 10:04:30-07:00,
2015-05-30 16:25:57-07:00,
2015-05-31 17:20:11-07:00,
2015-05-31 22:28:59-07:00,
2015-05-31 22:29:16-07:00,
2015-05-31 22:29:16-07:00,
2015-05-31 22:29:16-07:00,
2015-05-31 22:29:16-07:00,
2015-05-31 22:29:16-07:00,
2015-05-31 22:45:42-07:00,
2015-05-31 23:22:11-07:00,
2015-06-02 08:50:18-07:00,
2015-06-02 08:51:55-07:00,
2015-06-02 17:14:52-07:00,
2015-06-02 17:16:23-07:00,
2015-06-02 17:16:23-07:00,
2015-06-02 17:16:39-07:00,
2015-06-02 17:16:39-07:00,
2015-06-03 08:42:50-07:00,
2015-06-03 10:22:27-07:00,
2015-06-04 00:03:53-07:00,
2015-06-05 23:09:02-07:00,
2015-06-10 17:29:34-04:00,
2015-06-11 14:22:43-07:00,
2015-06-11 16:54:24-07:00,
2015-06-11 16:54:24-07:00,
2015-06-11 16:54:24-07:00,
2015-06-11 16:54:24-07:00,
2015-06-11 16:54:24-07:00,
2015-06-11 17:11:06-07:00,
2015-06-12 17:55:19-07:00,
2015-06-12 17:55:41-07:00,
2015-06-12 18:48:20-07:00,
2015-06-12 23:31:53-07:00,
2015-06-13 00:06:22-07:00,
2015-06-13 00:06:22-07:00,
2015-06-13 00:23:29-07:00,
2015-06-15 16:29:14+02:00,
2015-06-15 07:41:30-07:00,
2015-06-15 07:45:44-07:00,
2015-06-17 20:37:40-07:00,
2015-06-17 21:05:26-07:00,
2015-06-17 23:20:48-07:00,
2015-06-18 08:00:45-07:00,
2015-06-18 08:17:53-07:00,
2015-06-18 08:19:43-07:00,
2015-06-20 12:16:11-07:00,
2015-06-21 13:10:08-07:00,
2015-06-21 13:12:12-07:00,
2015-06-21 16:38:34-07:00,
2015-06-21 16:39:05-07:00,
2015-06-22 10:33:31+10:00,
2015-06-21 18:23:22-07:00,
2015-06-21 18:36:08-07:00,
2015-06-21 18:37:46-07:00,
2015-06-22 09:03:42-07:00,
2015-06-22 12:20:43-07:00,
2015-06-25 20:41:53-07:00,
2015-07-06 19:02:49-07:00,
2015-07-07 07:45:48-07:00,
2015-07-09 07:56:44-07:00,
2015-07-11 00:26:31+09:00,
2015-07-10 15:26:49-07:00,
2015-07-10 16:18:47-07:00,
2015-07-10 16:19:57-07:00,
2015-07-11 15:33:29+05:18,
2015-07-11 08:09:30-07:00,
2015-07-13 22:17:46-07:00,
2015-07-14 08:03:35-07:00,
2015-07-15 08:14:36-07:00,
2015-07-15 08:15:09-07:00,
2015-07-15 08:15:53-07:00,
2015-07-15 08:16:06-07:00,
2015-07-15 18:45:25-07:00,
2015-07-15 18:46:01-07:00,
2015-07-15 18:46:01-07:00,
2015-07-15 19:33:56-07:00,
2015-07-15 23:57:04-07:00,
2015-07-15 23:57:58-07:00,
2015-07-16 00:35:36-07:00,
2015-07-16 00:38:36-07:00,
2015-07-16 21:44:17-07:00,
2015-07-16 21:44:17-07:00,
2015-07-16 22:19:19-07:00,
2015-07-16 22:19:19-07:00,72,
2015-07-16 22:19:19-07:00,
2015-07-16 23:06:14-07:00,
2015-07-17 16:00:46-07:00,
2015-07-17 16:01:39-07:00,
2015-07-18 11:43:54-07:00,
2015-07-18 13:36:31-07:00,
2015-07-18 14:47:03-07:00,
2015-07-18 15:38:30-07:00,
2015-07-18 18:21:43-07:00,
2015-07-18 18:24:33-07:00,
2015-07-18 20:00:35-07:00,
2015-07-18 20:02:38-07:00,
2015-07-19 11:20:30-07:00,
2015-07-19 11:22:04-07:00,
2015-07-19 11:42:08-07:00,
2015-07-19 11:51:00-07:00,
2015-07-19 11:54:36-07:00,
2015-07-19 11:54:51-07:00,
2015-07-19 13:22:19-07:00,
2015-07-19 13:23:35-07:00,
2015-07-20 22:20:44-07:00,
2015-07-21 07:35:04-07:00,
2015-07-21 08:05:29-07:00,
2015-07-24 10:25:55+08:00,
2015-07-23 20:47:50-07:00,
2015-07-23 20:48:49-07:00,
2015-07-23 20:49:47-07:00,
2015-07-23 20:51:45-07:00,
2015-07-23 20:52:40-07:00,
2015-07-23 20:55:46-07:00,
2015-07-23 20:58:34-07:00,
2015-07-23 21:46:54-07:00,
2015-07-23 21:49:36-07:00,27,
2015-07-23 21:49:48-07:00,
2015-07-23 21:59:45-07:00,
2015-07-23 22:03:17-07:00,
2015-07-23 22:39:44-07:00,
2015-07-23 22:39:55-07:00,
2015-07-23 23:23:37-07:00,
2015-07-23 23:26:30-07:00,
2015-07-23 23:31:02-07:00,
2015-07-23 23:37:35-07:00,
2015-07-24 16:45:10-07:00,
2015-07-25 08:57:40-07:00,
2015-07-25 11:40:04-07:00,
2015-07-25 13:54:16-07:00,
2015-07-25 14:00:30-07:00,
2015-07-26 12:09:03-07:00,
2015-07-26 12:25:42-07:00,
2015-07-26 12:39:36-07:00,
2015-07-26 13:06:15-07:00,
2015-07-26 13:08:24-07:00,
2015-07-26 13:14:36-07:00,
2015-07-26 13:17:21-07:00,
2015-07-26 13:45:26-07:00,
2015-07-26 14:09:14-07:00,
2015-07-26 14:10:07-07:00,
2015-07-26 14:10:42-07:00,
2015-07-26 14:11:36-07:00,
2015-07-26 15:04:49-07:00,
2015-07-26 16:22:30-07:00,
2015-07-26 17:33:46-07:00,
2015-07-27 11:40:52+02:00,
2015-07-27 07:23:21-07:00,
2015-07-27 20:48:00-07:00,
2015-07-27 21:16:07-07:00,
2015-07-28 07:57:07-07:00,
2015-07-29 23:03:42-07:00,
2015-07-29 23:22:56-07:00,
2015-07-31 08:03:30-07:00,
2015-07-31 16:26:03-07:00,
2015-08-02 15:06:10+02:00,
2015-08-04 08:17:12-07:00,
2015-08-06 08:06:15-07:00,
2015-08-06 08:06:28-07:00,
2015-08-06 08:26:49-07:00,
2015-08-06 13:11:42-07:00,
2015-08-06 13:50:58-07:00,
2015-08-06 13:50:58-07:00,
2015-08-06 13:50:58-07:00,
2015-08-06 20:32:11-07:00,
2015-08-06 20:36:06-07:00,
2015-08-06 21:04:23-07:00,
2015-08-06 21:08:13-07:00,
2015-08-06 21:38:38-07:00,
2015-08-06 23:45:26-07:00,
2015-08-06 23:55:36-07:00,
2015-08-07 08:05:19-07:00,
2015-08-08 12:00:35-07:00,
2015-08-08 12:34:39-07:00,
2015-08-08 12:55:27-07:00,
2015-08-08 13:24:26-07:00,
2015-08-08 13:55:54-07:00,
2015-08-08 15:14:59-07:00,
2015-08-10 08:32:09-07:00,
2015-08-10 08:33:39-07:00,
2015-08-10 17:37:01-07:00,
2015-08-10 17:37:16-07:00,
2015-08-10 17:37:38-07:00,
2015-08-10 17:46:47-07:00,
2015-08-10 17:50:01-07:00,
2015-08-10 17:50:07-07:00,
2015-08-10 18:13:01-07:00,
2015-08-10 18:24:45-07:00,
2015-08-10 19:17:10-07:00,
2015-08-10 19:19:30-07:00,
2015-08-11 20:07:14-07:00,
2015-08-12 08:19:56-07:00,
2015-08-12 08:39:01-07:00,
2015-08-15 17:28:18-07:00,
2015-08-15 19:14:28-07:00,
2015-08-15 19:14:51-07:00,
2015-08-15 19:18:44-07:00,
2015-08-16 09:49:30-07:00,
2015-08-17 07:31:01-07:00,
2015-08-17 08:08:09-07:00,
2015-08-18 07:59:07-07:00,
2015-08-20 11:06:59-07:00,
2015-08-20 11:07:16-07:00,
2015-08-21 08:28:51-07:00,
2015-08-21 08:29:40-07:00,
2015-08-21 08:31:03-07:00,
2015-08-21 08:31:03-07:00,
2015-08-23 09:22:07-07:00,
2015-08-23 09:56:21-07:00,
2015-08-24 20:04:25-04:00,
2015-08-24 21:49:21-07:00,
2015-08-24 22:19:44-07:00,
2015-08-25 22:22:19-07:00,
2015-08-25 22:28:43-07:00,
2015-08-27 17:04:15+01:00,
2015-08-28 10:00:17+01:00,
2015-08-28 07:35:45-07:00,
2015-08-29 10:07:59-07:00,
2015-08-31 19:53:12-04:00,
2015-09-03 08:17:59-07:00,
2015-09-05 22:09:05-07:00,
2015-09-05 22:09:33-07:00,
2015-09-05 22:19:29-07:00,
2015-09-05 22:19:48-07:00,
2015-09-06 11:40:47-07:00,
2015-09-06 11:45:11-07:00,
2015-09-06 12:02:37-07:00,
2015-09-06 12:20:07-07:00,
2015-09-06 12:23:49-07:00,
2015-09-06 12:29:29-07:00,
2015-09-06 12:41:40-07:00,
2015-09-06 13:06:42-07:00,
2015-09-06 13:07:40-07:00,
2015-09-06 14:36:00-07:00,
2015-09-06 14:36:54-07:00,
2015-09-06 14:53:33-07:00,
2015-09-06 15:03:28-07:00,
2015-09-06 17:00:33-07:00,
2015-09-06 17:02:36-07:00,
2015-09-06 17:24:22-07:00,
2015-09-06 17:24:52-07:00,
2015-09-06 17:25:05-07:00,
2015-09-06 17:34:21-07:00,
2015-09-06 18:05:46-07:00,
2015-09-08 20:45:08-07:00,
2015-09-09 17:09:28-07:00,
2015-09-09 17:09:57-07:00,
2015-09-09 17:20:54-07:00,
2015-09-09 18:51:13-07:00,
2015-09-09 21:46:31-07:00,
2015-09-10 17:06:07+10:00,
2015-09-10 00:15:04-07:00,
2015-09-10 22:02:55-04:00,
2015-09-10 20:25:22-07:00,
2015-09-14 20:58:37-07:00,
2015-09-14 21:01:19-07:00,
2015-09-14 21:01:58-07:00,
2015-09-14 21:03:18-07:00,
2015-09-14 21:04:51-07:00,
2015-09-15 08:40:19-07:00,
2015-09-16 22:08:04-07:00,
2015-09-16 22:09:14-07:00,
2015-09-16 22:13:22-07:00,
2015-09-16 22:25:13-07:00,
2015-09-16 22:48:38-07:00,
2015-09-17 21:23:14+02:00,
2015-09-18 07:53:18-07:00,
2015-09-18 07:56:37-07:00,
2015-09-18 08:08:05-07:00,
2015-09-18 08:09:04-07:00,
2015-09-19 10:41:40-07:00,
2015-09-19 12:14:09-07:00,
2015-09-19 13:43:39-07:00,
2015-09-19 13:43:54-07:00,
2015-09-19 13:43:54-07:00,
2015-09-19 13:43:54-07:00,
2015-09-19 13:45:10-07:00,
2015-09-20 13:33:44-07:00,
2015-09-20 13:35:37-07:00,
2015-09-20 13:40:25-07:00,
2015-09-20 13:40:47-07:00,
2015-09-20 14:01:50-07:00,
2015-09-20 15:54:38-07:00,
2015-09-20 16:30:41-07:00,
2015-09-20 16:40:07-07:00,
2015-09-21 20:08:05-07:00,
2015-09-21 20:20:56-07:00,
2015-09-21 20:21:54-07:00,
2015-09-21 20:21:54-07:00,
2015-09-21 20:23:51-07:00,
2015-09-21 20:42:50-07:00,
2015-09-21 20:49:29-07:00,
2015-09-21 21:28:52-07:00,
2015-09-22 21:40:36-07:00,
2015-09-23 21:47:18-07:00,
2015-09-23 21:48:57-07:00,
2015-09-23 22:05:25-07:00,
2015-09-26 11:02:05-07:00,
2015-09-26 11:02:21-07:00,
2015-09-26 11:19:10-07:00,
2015-09-26 11:20:08-07:00,
2015-09-26 11:54:21-07:00,
2015-09-26 11:58:10-07:00,
2015-09-26 12:40:57-07:00,
2015-09-26 13:04:29-07:00,
2015-09-26 14:01:17-07:00,
2015-09-27 16:57:33-07:00,
2015-09-27 17:29:30-07:00,
2015-09-30 15:39:54+02:00,
2015-09-30 08:00:02-07:00,
2015-10-03 11:27:34-07:00,
2015-10-03 11:32:15-07:00,
2015-10-04 17:08:54-07:00,
2015-10-04 17:16:25-07:00,
2015-10-04 17:16:54-07:00,
2015-10-05 08:06:45-07:00,
2015-10-05 08:07:27-07:00,
2015-10-05 08:08:17-07:00,
2015-10-05 20:27:01-07:00,
2015-10-05 20:27:12-07:00,
2015-10-07 10:28:28+11:00,
2015-10-06 20:00:35-07:00,
2015-10-07 17:55:36-07:00,
2015-10-10 09:58:39-07:00,
2015-10-10 10:44:56-07:00,
2015-10-10 10:45:49-07:00,
2015-10-10 10:50:33-07:00,
2015-10-10 11:11:01-07:00,
2015-10-10 13:50:29-07:00,
2015-10-19 18:56:33-07:00,
2015-10-19 19:16:17-07:00,
2015-10-21 21:33:31-07:00,
2015-10-22 20:30:19-07:00,
2015-10-22 20:45:00-07:00,
2015-10-22 20:46:12-07:00,
2015-10-25 02:00:05+09:00,
2015-10-25 12:14:18-07:00,
2015-10-25 14:33:46-07:00,
2015-10-25 15:49:34-07:00,
2015-10-25 16:24:30-07:00,
2015-10-25 16:34:32-07:00,
2015-10-25 16:36:43-07:00,
2015-10-26 13:44:32+01:00,
2015-10-26 08:07:30-07:00,
2015-10-26 08:11:33-07:00,
2015-10-26 21:20:50-07:00,
2015-10-31 14:15:17-07:00,30,31,
2015-10-31 14:29:56-07:00,
2015-10-31 14:30:25-07:00,
2015-10-31 14:34:52-07:00,
2015-10-31 15:55:40-07:00,
2015-10-31 16:17:17-07:00,
2015-10-31 16:20:39-07:00,
2015-11-01 13:00:31-08:00,
2015-11-01 13:00:42-08:00,
2015-11-06 07:57:37-08:00,
2015-11-06 08:12:15-08:00,
2015-11-10 16:18:33+09:00,
2015-11-10 09:59:18+00:00,
2015-11-10 18:32:10+01:00,
2015-11-15 20:53:39-08:00,
2015-11-22 13:04:48-08:00,
2015-11-22 13:40:15-08:00,
2015-11-25 06:49:16-08:00,
2015-12-08 11:28:04-08:00,
2015-12-08 12:04:08-08:00,
2015-12-09 17:23:28+03:00,
2015-12-09 21:33:58-08:00,
2015-12-10 21:39:38-08:00,
2015-12-10 21:39:52-08:00,
2015-12-10 21:59:40-08:00,
2015-12-10 22:12:12-08:00,
2015-12-15 21:35:16-08:00,
2015-12-15 21:39:08-08:00,
2015-12-15 21:39:42-08:00,
2015-12-16 20:20:59-08:00,
2015-12-16 20:39:01-08:00,
2015-12-16 21:16:24-08:00,
2015-12-16 21:17:22-08:00,
2015-12-16 21:43:15-08:00,
2015-12-25 18:55:32+00:00,
2016-01-02 17:35:04-07:00,
2016-01-02 17:55:38-08:00,
2016-01-02 17:57:09-08:00,
2016-01-02 18:06:59-08:00,
2016-01-02 18:14:05-08:00,
2016-01-02 22:27:22-08:00,
2016-01-02 22:27:37-08:00,
2016-01-17 16:21:53-08:00,
2016-01-24 23:43:11-05:00,
2016-01-29 13:21:34+05:00,
2016-02-03 22:04:32-08:00,
2016-02-06 14:18:07-08:00,
2016-02-06 14:55:45-08:00,
2016-02-06 15:15:40-08:00,
2016-02-06 15:17:50-08:00,
2016-02-06 15:35:34-08:00,
2016-02-06 18:00:07-08:00,
2016-02-06 18:02:43-08:00,
2016-02-06 18:19:17-08:00,
2016-02-06 19:32:31-08:00,
2016-02-06 19:32:52-08:00,
2016-02-06 21:06:57-08:00,
2016-02-06 21:07:20-08:00,
2016-02-07 10:03:34-08:00,
2016-02-07 12:46:54-08:00,
2016-02-07 12:55:12-08:00,
2016-02-07 13:58:21-08:00,
2016-02-07 13:58:56-08:00,
2016-02-07 14:01:08-08:00,
2016-02-07 14:12:56-08:00,
2016-02-07 14:14:34-08:00,
2016-02-07 14:27:38-08:00,
2016-02-07 14:46:34-08:00,
2016-02-07 14:47:29-08:00,
2016-02-07 14:48:58-08:00,
2016-02-07 15:26:24-08:00,103,
2016-02-07 15:26:43-08:00,
2016-02-07 16:07:19-08:00,
2016-02-07 16:11:03-08:00,
2016-02-07 16:12:45-08:00,
2016-02-07 16:45:54-08:00,
2016-02-07 16:47:54-08:00,
2016-02-07 17:05:52-08:00,
2016-02-07 17:06:16-08:00,
2016-02-07 17:41:01-08:00,
2016-02-07 17:52:09-08:00,
2016-02-07 19:45:32-08:00,
2016-02-07 19:50:01-08:00,
2016-02-10 13:43:35-08:00,
2016-02-11 07:01:05-08:00,
2016-02-22 19:53:07-08:00,
2016-02-27 12:38:43-05:00,
2016-02-27 09:43:06-08:00,
2016-02-27 11:21:05-08:00,
2016-02-27 11:24:51-08:00,
2016-02-27 11:34:12-08:00,
2016-03-06 12:29:26-08:00,
2016-03-10 16:16:37+09:00,
2016-03-10 19:25:48+01:00,
2016-03-15 15:07:43-04:00,
2016-03-19 09:58:41-07:00,
2016-03-19 10:36:36-07:00,
2016-03-19 10:40:31-07:00,
2016-03-19 11:10:44-07:00,
2016-03-19 12:08:30-07:00,
2016-03-19 12:25:26-07:00,
2016-03-23 13:31:56-07:00,
2016-03-23 13:54:17-07:00,
2016-03-23 13:57:59-07:00,
2016-03-23 15:55:38-07:00,
2016-03-24 07:40:57-07:00,
2016-03-25 14:33:12-05:00,
2016-03-25 14:38:29-05:00,
2016-03-26 13:45:57-05:00,
2016-04-03 13:42:36-07:00,
2016-04-03 13:44:56-07:00,
2016-04-03 13:59:38-07:00,
2016-04-03 14:13:39-07:00,
2016-04-03 14:34:50-07:00,
2016-04-03 14:39:16-07:00,
2016-04-05 22:40:43-07:00,
2016-04-05 22:46:16-07:00,
2016-04-05 22:47:28-07:00,
2016-04-05 23:26:01-07:00,
2016-04-05 23:38:47-07:00,
2016-04-05 23:45:32-07:00,
2016-04-05 23:58:23-07:00,
2016-04-06 22:12:31-07:00,
2016-04-06 22:46:57-07:00,
2016-04-06 22:47:02-07:00,
2016-04-06 23:03:33-07:00,
2016-04-07 23:23:05+02:00,
2016-04-09 15:54:57-07:00,
2016-04-09 16:04:25-07:00,
2016-04-09 17:04:14-07:00,
2016-04-09 17:15:18-07:00,
2016-04-09 17:56:15-07:00,
2016-04-09 18:21:52-07:00,
2016-04-10 18:43:23+02:00,
2016-04-10 10:27:17-07:00,
2016-04-10 10:45:56-07:00,
2016-04-12 07:31:01-07:00,
2016-04-14 23:03:38+02:00,
2016-04-19 11:08:44-07:00,
2016-05-08 11:27:56-07:00,
2016-05-08 11:39:40-07:00,
2016-05-08 12:05:52-07:00,
2016-05-08 12:12:09-07:00,
2016-05-08 12:16:26-07:00,
2016-05-08 12:22:29-07:00,
2016-05-08 12:23:42-07:00,
2016-05-08 14:32:27-07:00,
2016-05-08 14:50:52-07:00,
2016-05-08 15:41:44-07:00,
2016-05-08 16:09:57-07:00,
2016-05-08 16:46:23-07:00,
2016-05-10 22:51:44+08:00,
2016-05-11 07:04:19-07:00,
2016-05-15 11:54:58-07:00,
2016-06-02 12:57:42+01:00,
2016-06-03 21:31:49-07:00,
2016-06-12 14:55:53-07:00,
2016-06-12 15:00:31-07:00,
2016-06-12 15:03:11-07:00,
2016-06-12 15:08:28-07:00,
2016-06-12 15:11:01-07:00,
2016-06-12 15:54:59-07:00,
2016-06-12 15:54:59-07:00,
2016-06-12 15:56:10-07:00,
2016-06-12 16:00:15-07:00,
2016-06-12 16:07:19-07:00,
2016-06-12 16:38:46-07:00,
2016-06-12 16:55:00-07:00,
2016-06-12 16:56:06-07:00,
2016-06-12 17:18:00-07:00,
2016-06-12 17:27:29-07:00,
2016-06-12 18:06:10-07:00,
2016-06-12 18:06:17-07:00,
2016-06-17 09:06:58-07:00,
2016-06-17 10:13:56-07:00,
2016-06-17 13:41:46-07:00,
2016-06-17 14:52:34-07:00,
2016-07-05 20:02:36-04:00,
2016-07-18 22:43:22-04:00,
2016-07-24 12:35:57-07:00,
2016-07-24 12:44:04-07:00,
2016-07-24 12:49:41-07:00,
2016-07-24 13:28:26-07:00,
2016-07-24 13:29:29-07:00,
2016-07-24 13:31:46-07:00,
2016-07-24 17:05:32-07:00,
2016-07-24 17:05:46-07:00,
2016-07-24 17:16:12-07:00,
2016-07-24 17:17:45-07:00,
2016-07-24 17:17:45-07:00,
2016-07-24 17:17:45-07:00,
2016-07-24 17:21:48-07:00,
2016-07-24 17:22:20-07:00,
2016-07-24 17:29:12-07:00,
2016-07-24 17:31:44-07:00,
2016-07-24 18:47:50-07:00,87,
2016-07-24 18:50:47-07:00,
2016-07-24 19:09:15-07:00,
2016-07-24 19:13:33-07:00,
2016-07-24 19:33:57-07:00,
2016-07-24 19:34:31-07:00,
2016-07-24 20:36:14-07:00,
2016-08-01 20:57:23-04:00,
2016-08-01 23:12:46-07:00,
2016-08-01 23:53:20-07:00,
2016-08-06 17:57:19-07:00,
2016-08-06 17:57:32-07:00,
2016-08-06 18:21:05-07:00,
2016-08-06 18:21:40-07:00,
2016-08-07 11:23:21-07:00,49,85,50,
2016-08-07 16:48:29-07:00,
2016-08-08 22:10:12-07:00,
2016-08-08 22:26:12-07:00,
2016-08-08 22:38:16-07:00,
2016-08-08 22:41:32-07:00,
2016-08-08 22:42:43-07:00,
2016-08-08 22:45:03-07:00,
2016-08-10 09:30:29-05:00,
2016-08-10 07:31:38-07:00,
2016-08-10 15:48:27-07:00,
2016-08-11 11:19:07-05:00,
2016-08-11 11:46:08-07:00,
2016-08-13 17:05:12-07:00,
2016-08-16 07:35:17-07:00,
2016-08-16 23:30:43-07:00,
2016-08-21 16:14:52-07:00,
2016-08-21 16:53:25-07:00,
2016-08-21 17:23:14-07:00,
2016-08-21 19:49:42-07:00,
2016-08-28 17:18:55-07:00,
2016-08-28 17:28:28-07:00,
2016-08-28 17:29:49-07:00,
2016-08-28 18:42:38-07:00,
2016-08-28 18:46:58-07:00,
2016-08-28 18:55:56-07:00,
2016-08-28 21:57:39-04:00,
2016-08-28 19:12:12-07:00,
2016-08-28 23:11:27-04:00,
2016-08-29 07:30:38-07:00,115,
2016-08-29 07:36:11-07:00,
2016-08-29 16:58:41-07:00,
2016-09-04 09:38:11-07:00,
2016-09-04 09:39:17-07:00,
2016-09-04 09:39:17-07:00,
2016-09-04 09:39:17-07:00,
2016-09-04 09:39:17-07:00,
2016-09-04 09:39:17-07:00,
2016-09-05 20:51:32-07:00,
2016-09-05 20:57:50-07:00,
2016-09-05 20:59:57-07:00,
2016-09-05 21:01:39-07:00,
2016-09-05 21:01:39-07:00,
2016-09-05 21:01:39-07:00,
2016-09-05 21:01:39-07:00,
2016-09-05 21:01:39-07:00,
2016-09-05 21:01:39-07:00,
2016-09-05 21:01:39-07:00,
2016-09-05 22:10:07-07:00,
2016-09-05 22:20:12-07:00,
2016-09-05 22:25:07-07:00,
2016-09-05 22:32:13-07:00,
2016-09-05 22:36:03-07:00,
2016-09-05 22:38:08-07:00,
2016-09-05 22:40:55-07:00,
2016-09-05 22:40:55-07:00,
2016-09-05 22:40:55-07:00,
2016-09-05 22:40:55-07:00,
2016-09-05 22:40:55-07:00,
2016-09-05 22:40:55-07:00,
2016-09-05 22:40:55-07:00,
2016-09-05 22:40:55-07:00,
2016-09-05 22:52:26-07:00,
2016-09-05 22:53:16-07:00,
2016-09-05 22:54:37-07:00,
2016-09-05 22:54:37-07:00,
2016-09-05 22:54:37-07:00,
2016-09-05 23:00:11-07:00,
2016-09-05 23:01:17-07:00,
2016-09-05 23:02:24-07:00,
2016-09-05 23:02:24-07:00,
2016-09-05 23:02:24-07:00,
2016-09-05 23:02:24-07:00,
2016-09-05 23:02:24-07:00,
2016-09-05 23:02:24-07:00,
2016-09-05 23:02:24-07:00,
2016-09-05 23:06:00-07:00,
2016-09-05 23:09:03-07:00,
2016-09-05 23:11:19-07:00,
2016-09-05 23:13:23-07:00,
2016-09-05 23:14:24-07:00,
2016-09-06 09:17:05-07:00,
2016-09-06 10:40:25-07:00,
2016-09-06 21:14:22-07:00,
2016-09-07 18:04:32-07:00,
2016-09-07 18:09:04-07:00,
2016-09-07 18:09:04-07:00,
2016-09-07 18:09:04-07:00,
2016-09-07 18:09:04-07:00,
2016-09-07 18:09:04-07:00,
2016-09-07 18:09:04-07:00,
2016-09-07 18:35:03-07:00,
2016-09-07 18:36:43-07:00,
2016-09-07 18:38:49-07:00,
2016-09-07 18:40:02-07:00,
2016-09-07 19:02:51-07:00,
2016-09-07 19:02:51-07:00,
2016-09-07 19:02:51-07:00,
2016-09-07 19:02:51-07:00,
2016-09-07 19:03:43-07:00,
2016-09-07 19:03:43-07:00,
2016-09-07 19:03:43-07:00,
2016-09-07 19:23:59-07:00,
2016-09-07 19:24:18-07:00,
2016-09-07 19:24:45-07:00,
2016-09-07 23:55:52-07:00,
2016-09-08 18:52:07-07:00,
2016-09-08 18:59:00-07:00,
2016-09-08 19:49:41-07:00,
2016-09-08 19:50:56-07:00,
2016-09-08 22:19:59-07:00,
2016-09-09 13:08:40-07:00,
2016-09-09 15:55:32-07:00,
2016-09-09 15:56:35-07:00,
2016-09-10 00:43:22-07:00,
2016-09-10 00:43:59-07:00,
2016-09-10 00:44:17-07:00,
2016-09-10 00:45:50-07:00,
2016-09-10 00:45:58-07:00,
2016-09-10 01:40:15-07:00,
2016-09-10 01:46:31-07:00,
2016-09-10 02:00:53-07:00,
2016-09-10 02:03:49-07:00,
2016-09-10 02:29:35-07:00,
2016-09-10 03:35:43-07:00,
2016-09-10 12:41:03-07:00,
2016-09-10 13:36:29-07:00,
2016-09-10 13:37:08-07:00,
2016-09-10 14:15:26-07:00,
2016-09-10 15:03:25-07:00,
2016-09-10 15:11:45-07:00,
2016-09-10 17:51:34-07:00,
2016-09-10 17:52:14-07:00,
2016-09-10 18:49:24-07:00,
2016-09-10 18:53:14-07:00,
2016-09-10 19:22:09-07:00,
2016-09-10 19:22:48-07:00,
2016-09-10 19:51:49-07:00,
2016-09-10 22:08:42-07:00,
2016-09-10 22:10:23-07:00,
2016-09-10 22:10:42-07:00,
2016-09-10 22:41:52-07:00,
2016-09-10 22:52:34-07:00,
2016-09-10 23:07:24-07:00,
2016-09-10 23:42:13-07:00,
2016-09-10 23:50:18-07:00,
2016-09-11 00:20:50-07:00,
2016-09-11 00:51:00-07:00,
2016-09-11 00:51:34-07:00,
2016-09-11 02:49:13-07:00,
2016-09-11 04:00:48-07:00,
2016-09-12 11:49:44-07:00,
2016-09-12 12:00:28-07:00,
2016-09-12 12:01:28-07:00,
2016-09-15 07:43:18-07:00,
2016-09-15 07:44:34-07:00,
2016-09-18 21:07:44-07:00,
2016-09-21 18:20:35-07:00,
2016-09-24 11:25:38-07:00,
2016-09-24 12:12:00-07:00,
2016-09-24 12:15:41-07:00,
2016-09-24 12:21:58-07:00,
2016-09-24 12:37:14-07:00,
2016-09-24 12:38:22-07:00,
2016-09-24 15:32:00-07:00,
2016-09-24 15:57:06-07:00,
2016-09-24 17:11:58-07:00,
2016-09-24 18:45:58-07:00,
2016-09-24 19:02:54-07:00,
2016-09-24 19:03:11-07:00,
2016-09-24 19:26:25-07:00,
2016-09-25 00:38:30-07:00,
2016-09-27 21:13:22-07:00,
2016-10-01 14:54:25-07:00,
2016-10-01 23:11:00-07:00,
2016-10-02 02:13:22-04:00,
2016-10-01 23:22:33-07:00,
2016-10-02 11:08:03-07:00,
2016-10-02 13:18:20-07:00,
2016-10-05 07:46:29-07:00,
2016-10-08 12:34:48-07:00,
2016-10-09 20:17:21-07:00,
2016-10-25 07:49:37-07:00,
2016-10-25 07:52:21-07:00,
2016-11-12 11:33:34-08:00,
2016-11-12 11:35:47-08:00,
2016-11-12 11:38:34-08:00,
2016-11-12 13:16:08-08:00,
2016-11-12 13:24:38-08:00,
2016-11-12 13:24:53-08:00,
2016-11-12 13:41:39-08:00,
2016-11-12 14:27:41-08:00,
2016-11-12 14:27:41-08:00,
2016-11-12 14:27:41-08:00,
2016-11-12 14:27:41-08:00,
2016-11-12 14:27:41-08:00,
2016-11-12 17:54:30-08:00,
2016-11-12 17:54:55-08:00,
2016-11-12 17:55:18-08:00,
2016-11-12 19:38:00-08:00,
2016-11-15 08:34:08-08:00,
2016-11-15 08:34:08-08:00,
2016-11-15 08:34:08-08:00,
2016-11-15 08:34:08-08:00,
2016-11-15 09:31:38-08:00,
2016-11-15 09:31:50-08:00,
2016-11-19 17:26:56-08:00,
2016-11-19 17:28:51-08:00,
2016-11-19 17:41:41-08:00,
2016-11-19 17:58:05-08:00,
2016-11-19 18:00:36-08:00,
2016-11-19 18:26:06-08:00,
2016-11-19 18:26:25-08:00,
2016-11-19 21:45:11-08:00,
2016-11-20 19:40:35-08:00,
2016-12-09 08:23:24-08:00,
2016-12-09 08:32:25-08:00,
2016-12-16 14:35:41-08:00,
2016-12-16 15:57:58-08:00,
2016-12-16 16:33:07-08:00,
2016-12-19 12:14:04-08:00,
2016-12-19 12:17:13-08:00,
2016-12-19 14:26:20-08:00,
2017-01-13 17:02:24-08:00,
2017-01-13 17:06:00-08:00,
2017-01-13 17:06:00-08:00,
2017-01-13 17:08:10-08:00,
2017-01-13 17:21:18-08:00,
2017-01-13 17:26:10-08:00,
2017-01-13 17:27:42-08:00,
2017-01-13 18:18:19-08:00,
2017-01-15 15:20:56-08:00,
2017-01-15 16:00:43-08:00,
2017-01-15 16:02:33-08:00,
2017-01-15 16:27:05-08:00,
2017-01-15 16:28:06-08:00,
2017-01-15 16:54:05-08:00,
2017-01-15 18:05:02-08:00,
2017-01-15 18:05:49-08:00,
2017-01-24 09:15:00-08:00,
2017-01-24 09:17:22-08:00,
2017-02-26 08:25:50-08:00,
2017-02-26 08:27:30-08:00,
2017-02-26 10:41:32-08:00,
2017-02-26 12:03:25-08:00,
2017-02-26 12:40:55-08:00,
2017-02-26 13:13:23-08:00,
2017-02-26 13:31:27-08:00,
2017-02-26 16:08:58-08:00,
2017-04-02 20:15:08-04:00,
2017-04-02 21:35:25-04:00,
2017-04-02 22:26:17-04:00,90,
2017-04-02 22:29:39-04:00,
2017-04-02 22:31:44-04:00,
2017-04-02 22:35:22-04:00,
2017-04-02 22:36:53-04:00,
2017-04-02 22:38:00-04:00,
2017-04-02 22:39:48-04:00,
2017-04-02 22:41:00-04:00,
2017-04-17 19:49:15-04:00,
2017-04-30 21:07:49-04:00,
2017-04-30 21:09:24-04:00,
2017-05-11 10:43:14-07:00,
2017-05-19 09:03:01-07:00,
2017-05-19 09:09:12-07:00,
2017-05-19 09:12:36-07:00,
2017-05-19 09:43:00-07:00,
2017-06-03 21:55:17-04:00,
2017-06-16 14:00:29-07:00,
2017-06-16 14:22:37-07:00,
2017-06-16 14:30:21-07:00,
2017-06-16 14:52:02-07:00,
2017-06-16 15:16:19-07:00,
2017-06-16 16:29:46-07:00,
2017-06-16 16:29:46-07:00,
2017-06-16 16:29:46-07:00,
2017-06-16 16:29:46-07:00,
2017-06-16 16:31:37-07:00,
2017-06-16 16:31:37-07:00,
2017-06-16 16:31:37-07:00,
2017-06-16 16:31:37-07:00,130,
2017-06-16 16:31:37-07:00,
2017-06-16 16:34:56-07:00,
2017-06-16 16:40:45-07:00,
2017-06-16 16:46:42-07:00,
2017-06-16 17:42:50-07:00,
2017-06-27 07:45:11-07:00,
2017-06-27 07:45:11-07:00,
2017-06-27 07:45:11-07:00,
2017-07-19 07:33:54-07:00,
2017-07-19 07:33:54-07:00,
2017-08-21 22:11:20-07:00,
2017-08-21 22:42:34-07:00,
2017-08-21 22:49:37-07:00,
2017-08-21 23:17:24-07:00,
2017-08-22 18:21:02-04:00,
2017-08-22 16:33:11-07:00,
2017-08-22 16:34:54-07:00,
2017-08-25 14:09:49-04:00,
2017-08-25 14:14:00-04:00,
2017-08-25 14:17:11-04:00,
2017-09-01 13:33:35-04:00,
2017-09-05 21:23:40-07:00,
2017-09-06 10:30:18-07:00,
2017-09-06 10:30:18-07:00,
2017-09-06 10:30:18-07:00,
2017-09-06 10:30:18-07:00,
2017-09-06 10:30:18-07:00,
2017-09-06 10:30:18-07:00,
2017-09-06 10:30:18-07:00,
2017-09-06 10:30:18-07:00,
2017-09-06 10:30:18-07:00,
2017-09-06 10:30:18-07:00,
2017-09-06 10:33:43-07:00,
2017-10-03 23:20:36-04:00,
2017-10-29 21:42:27-04:00,
2017-10-29 21:43:23-04:00,
2017-10-29 21:43:43-04:00,
2017-10-30 00:00:09-04:00,
2017-11-12 23:34:30-05:00,
2017-11-26 23:51:49-05:00,
2017-11-27 00:09:19-05:00,
2017-12-03 20:51:37-05:00,
2017-12-03 23:16:59-05:00,
2017-12-20 19:48:12-05:00,
2018-02-17 21:22:48-05:00,
2018-02-17 21:24:20-05:00,
2018-02-17 21:25:01-05:00,
2018-02-17 23:06:46-05:00,
2018-02-17 23:08:11-05:00,
2018-02-17 23:39:15-05:00,
2018-02-17 23:48:06-05:00,
2018-02-20 18:28:02-05:00,
2018-02-21 15:45:15-05:00,
2018-02-25 22:50:58-05:00,
2018-02-25 23:13:59-05:00,
2018-03-04 23:40:42-05:00,
2018-03-05 00:22:16-05:00,
2018-03-05 00:38:39-05:00,
2018-03-20 19:29:13-04:00,
2018-03-31 18:42:01-04:00,
2018-03-31 18:49:45-04:00,
2018-03-31 19:10:59-04:00,
2018-04-07 20:05:16-07:00,
2018-04-15 18:01:18-04:00,
2018-04-15 18:28:35-04:00,
2018-06-16 18:06:14-04:00,
2018-06-16 18:06:48-04:00,
2018-07-07 18:27:48-04:00,
2018-07-08 21:31:09-04:00,
2018-07-08 22:42:50-04:00,
2018-07-08 22:45:12-04:00,
2018-07-08 22:46:35-04:00,
2018-07-31 13:44:11-07:00,
2018-07-31 13:44:11-07:00,
2018-08-20 00:57:32-04:00,
2018-08-20 01:16:56-04:00,
2018-11-24 18:35:29-05:00,
2018-11-24 18:36:02-05:00,
2018-11-24 18:58:13-05:00,
2018-11-24 19:05:44-05:00,
2018-11-24 21:22:04-05:00,
2018-11-24 21:34:07-05:00,
2018-11-24 21:38:03-05:00,
2018-12-05 19:28:17-05:00,
2018-12-06 20:45:00-05:00,92,61,112,47,113,104,150,162,166,185,281,210,222,226,245,283,284,285,
2018-12-07 16:53:04-05:00,
2018-12-09 20:37:40-05:00,
2019-01-29 14:08:36-08:00,
2019-02-07 09:40:08-08:00,
2019-02-07 09:40:08-08:00,
2019-02-07 09:40:08-08:00,
2019-02-07 09:40:08-08:00,
2019-02-07 09:43:35-08:00,
2019-02-07 09:43:35-08:00,
2019-02-07 09:43:35-08:00,
2019-02-07 09:43:35-08:00,
2019-02-07 10:02:03-08:00,304,
2019-02-07 10:02:03-08:00,
2019-02-07 10:02:03-08:00,
2019-02-07 10:02:03-08:00,
2019-02-07 10:02:03-08:00,
2019-02-07 10:02:03-08:00,
2019-02-07 10:02:03-08:00,
2019-02-07 10:02:03-08:00,
2019-02-07 10:05:16-08:00,
2019-02-07 14:02:29-08:00,
2019-02-11 09:39:42-08:00,
2019-02-14 17:38:12-08:00,
2019-02-21 09:31:34-08:00,
2019-03-05 22:11:58-05:00,
2019-03-05 22:12:27-05:00,
2019-03-07 11:09:40-05:00,
2019-03-07 11:13:15-05:00,
2019-03-07 11:23:49-05:00,
2019-03-07 15:59:50-05:00,
2019-03-07 18:39:16-05:00,
2019-03-07 18:46:40-05:00,
2019-03-07 19:13:45-05:00,
2019-03-07 20:08:38-05:00,
2019-03-23 21:49:43-04:00,
2019-03-26 18:04:53-07:00,
2019-03-27 09:53:00-07:00,
2019-03-27 10:06:42-07:00,
2019-03-27 10:08:29-07:00,
2019-03-27 10:19:43-07:00,
2019-03-27 10:19:43-07:00,
2019-03-27 19:30:28-04:00,129,
2019-03-28 17:29:00-07:00,81,
2019-03-28 17:29:00-07:00,
2019-03-28 17:29:00-07:00,
2019-03-28 17:29:00-07:00,83,
2019-03-28 17:29:00-07:00,
2019-03-29 10:17:27-07:00,122,123,
2019-03-29 11:07:15-07:00,
2019-04-01 12:24:22-07:00,
2019-04-06 09:54:15-07:00,
2019-04-06 09:55:04-07:00,
2019-04-12 09:38:13-07:00,295,403,294,
2019-04-12 16:39:50-07:00,
2019-04-12 16:50:28-07:00,
2019-04-12 16:51:24-07:00,
2019-04-12 16:52:51-07:00,
2019-04-12 16:55:34-07:00,
2019-04-12 17:19:26-07:00,
2019-04-12 22:43:38-04:00,
2019-04-15 21:15:29-04:00,
2019-04-15 21:15:49-04:00,
2019-04-15 21:16:50-04:00,
2019-04-23 13:57:16-07:00,
2019-04-23 19:23:34-04:00,
2019-04-23 17:14:39-07:00,
2019-05-05 21:04:30-04:00,
2019-05-07 13:59:38-04:00,
2019-06-13 20:56:40-04:00,
2019-06-29 18:48:03-04:00,
2019-07-06 21:01:21-04:00,
2019-07-08 14:49:23-04:00,
2019-07-09 09:39:41-07:00,
2019-07-15 17:15:38-04:00,
2019-07-29 23:34:08-04:00,
2019-07-29 23:44:22-04:00,
2019-07-31 19:29:33-04:00,16,
2019-08-07 12:17:11-04:00,
2019-08-09 16:11:48-04:00,
2019-08-11 13:14:26-04:00,
2019-08-11 13:20:08-04:00,
2019-08-13 14:24:20-04:00,
2019-08-14 16:00:46-04:00,
2019-08-14 16:17:42-04:00,
2019-08-21 20:15:12-04:00,
2019-08-25 17:53:07-04:00,
2019-08-25 17:53:39-04:00,
2019-08-29 18:18:26-04:00,
2019-08-29 18:18:45-04:00,111,
2019-09-03 15:03:32-04:00,
2019-09-03 15:03:55-04:00,
2019-09-03 15:04:47-04:00,
2019-09-03 15:09:52-04:00,
2019-09-03 15:49:42-04:00,
2019-09-04 00:26:53-04:00,
2019-09-08 18:04:14-04:00,
2019-09-08 18:46:34-04:00,
2019-09-09 18:06:53-04:00,
2019-09-09 18:08:21-04:00,
2019-09-09 18:09:27-04:00,
2019-09-09 18:15:49-04:00,
2019-09-09 18:17:09-04:00,
2019-09-09 18:19:02-04:00,
2019-09-09 18:24:42-04:00,
2019-09-09 18:28:19-04:00,
2019-09-09 18:32:08-04:00,
2019-09-09 18:42:25-04:00,
2019-09-27 10:54:20-04:00,
2019-10-19 19:00:50-04:00,36,
2019-10-19 19:20:48-04:00,
2019-10-19 19:21:43-04:00,
2019-10-21 19:54:41-04:00,
2019-10-21 19:55:45-04:00,
2019-10-26 20:54:44-04:00,
2019-11-17 18:01:56-05:00,
2019-11-17 18:03:11-05:00,
2019-11-29 19:33:01-08:00,
2019-12-10 09:03:32-08:00,
2020-01-04 17:58:36-05:00,
2020-01-04 17:59:09-05:00,
2020-01-16 16:22:49-05:00,
2020-01-21 20:42:55-05:00,
2020-01-25 14:38:38-05:00,
2020-01-29 20:25:05-05:00,
2020-02-14 13:59:29-05:00,
2020-02-14 14:05:22-05:00,
2020-02-14 14:28:40-05:00,
2020-02-14 18:25:32-05:00,
2020-02-14 23:57:00-05:00,
2020-02-22 18:04:51-05:00,
2020-02-23 00:07:07-05:00,
2020-02-23 00:28:20-05:00,
2020-02-23 16:33:33-05:00,
2020-02-23 16:43:29-05:00,
2020-02-23 16:46:13-05:00,
2020-02-24 14:31:18-05:00,
2020-02-27 10:18:06-05:00,
2020-03-02 11:57:50-05:00,
2020-03-05 15:39:28-05:00,
2020-03-05 15:40:02-05:00,
2020-03-07 22:02:23-05:00,
2020-03-08 17:16:16-04:00,
2020-03-08 19:05:46-04:00,
2020-03-11 16:35:44-04:00,
2020-03-14 19:22:12-04:00,
2020-03-14 19:22:49-04:00,
2020-03-14 22:04:44-04:00,
2020-03-14 22:48:18-04:00,
2020-03-15 18:08:00-04:00,
2020-03-15 18:30:32-04:00,
2020-03-15 18:31:44-04:00,
2020-03-15 18:35:34-04:00,
2020-03-15 20:12:15-04:00,
2020-03-17 16:15:35-04:00,
2020-03-21 21:22:43-04:00,
2020-03-23 14:47:28-04:00,
2020-03-23 23:13:09-04:00,
2020-03-30 13:48:08-04:00,
2020-03-31 19:14:59-04:00,
2020-03-31 19:33:47-04:00,
2020-03-31 20:56:52-04:00,
2020-04-04 21:18:28-04:00,
2020-04-04 21:33:51-04:00,
2020-04-04 21:58:54-04:00,
2020-05-04 11:08:56-04:00,
2020-05-15 17:39:59-04:00,
2020-05-15 17:51:55-04:00,
2020-05-16 14:24:03-07:00,
2020-05-16 17:26:05-04:00,
2020-05-16 17:26:44-04:00,
2020-05-16 17:27:19-04:00,
2020-05-16 17:27:51-04:00,
2020-05-16 17:28:31-04:00,
2020-05-16 18:23:11-04:00,
2020-05-21 12:36:40-04:00,
2020-05-25 20:34:05-04:00,
2020-05-25 20:34:42-04:00,
2020-05-25 22:37:08-04:00,
2020-06-01 17:00:44-04:00,
2020-06-04 17:40:33-04:00,
2020-06-18 14:28:48-04:00,
2020-06-27 12:38:02-04:00,
2020-06-27 14:47:54-04:00,
2020-07-17 12:21:54-04:00,
2020-07-17 12:23:09-04:00,
2020-07-17 15:59:22-04:00,
2020-07-27 11:55:47-04:00,
2020-08-15 14:03:39-04:00,
2020-08-15 14:04:23-04:00,
2020-08-15 17:58:39-04:00,
2020-08-22 15:22:48-04:00,
2020-08-23 17:20:16-04:00,
2020-08-23 17:59:20-04:00,
2020-09-02 14:00:33-04:00,
2020-09-20 01:02:07-04:00,22,
2020-09-20 19:04:20-04:00,
2020-09-21 14:41:44-04:00,
2020-10-03 16:10:48-04:00,
2020-10-03 16:32:35-04:00,
2020-10-03 17:09:45-04:00,
2020-10-03 17:41:24-04:00,
2020-10-04 20:19:42-04:00,
2020-10-14 23:30:13-04:00,
2020-10-17 21:04:45-04:00,
2020-10-25 19:48:10-04:00,
2020-10-27 11:22:54-04:00,
2020-11-04 16:27:42-05:00,
2020-11-04 16:38:08-05:00,
2020-12-19 20:29:26-05:00,
2020-12-20 21:07:21-05:00,
2020-12-20 21:16:04-05:00,
2021-02-01 00:05:07-05:00,311,
2021-02-28 22:59:19-05:00,
2021-02-28 23:01:06-05:00,
2021-02-28 23:02:46-05:00,
2021-02-28 23:03:07-05:00,
2021-02-28 23:03:35-05:00,131,
2021-02-28 23:04:08-05:00,
2021-02-28 23:04:29-05:00,548,
2021-02-28 23:05:48-05:00,
2021-02-28 23:07:32-05:00,
2021-03-07 20:59:27-05:00,
2021-03-07 21:38:03-05:00,
2021-03-14 22:20:03-04:00,
2021-04-03 17:45:03-04:00,
2021-04-07 22:36:40-04:00,
2021-04-17 00:17:57-04:00,
2021-04-21 22:49:02-04:00,
2021-05-01 19:08:29-04:00,
2021-05-02 19:20:49-04:00,
2021-05-02 19:22:15-04:00,
2021-05-13 10:10:28-04:00,
2021-06-07 18:47:00-04:00,
2021-06-22 16:09:31-04:00,
2021-07-05 18:39:41-04:00,
2021-07-09 16:50:13-04:00,
2021-08-10 23:52:19-04:00,
2021-09-08 17:58:01-04:00,
2021-09-13 14:18:48-04:00,
2021-09-20 19:33:29-04:00,
2021-09-20 19:46:54-04:00,
2021-09-24 11:47:02-04:00,
2021-10-02 21:00:29-04:00,
2021-10-03 22:20:57-04:00,
2021-10-04 12:07:20-04:00,
2021-10-13 20:45:59-04:00,
2021-10-19 11:51:42-07:00,
2021-11-03 13:22:06-04:00,
2021-11-03 13:38:41-04:00,
2021-11-03 16:09:42-04:00,
2021-11-04 23:30:47-04:00,
2021-11-04 23:41:43-04:00,
2021-11-05 00:09:06-04:00,
2021-11-12 01:23:28-05:00,
2021-11-15 19:34:51-05:00,
2021-12-13 17:28:25-05:00,
2021-12-13 18:54:48-05:00,
2022-01-08 02:43:01-05:00,
2022-01-15 13:30:02-05:00,
2022-01-17 18:51:54-05:00,
2022-01-19 21:50:48-05:00,
2022-01-24 11:57:11-05:00,
2022-01-29 22:24:54-05:00,
2022-01-29 22:57:21-05:00,
2022-01-30 20:59:08-05:00,
2022-02-01 17:17:25-05:00,
2022-02-01 17:18:46-05:00,
2022-03-03 11:18:08-05:00,
2022-03-03 13:07:56-05:00,
2022-03-12 07:54:52-05:00,
2022-03-12 07:56:00-05:00,
2022-03-13 15:23:17-04:00,
2022-03-13 16:21:52-04:00,
2022-04-07 21:30:09-04:00,
2022-04-07 21:30:32-04:00,
2022-04-08 12:43:06-04:00,
2022-04-13 17:42:03-04:00,
2022-04-13 19:55:39-04:00,
2022-04-17 14:27:33-04:00,
2022-04-17 16:20:41-04:00,
2022-04-18 12:15:40-04:00,
2022-04-23 11:47:54-04:00,
2022-04-28 11:48:51-04:00,
2022-04-28 12:30:09-04:00,
2022-04-28 15:36:49-04:00,
2022-05-06 12:07:20-04:00,
2022-05-16 11:22:14-04:00,
2022-05-26 19:35:48-04:00,
2022-05-26 19:36:49-04:00,
2022-06-10 19:40:21-04:00,
2022-06-12 00:32:02-04:00,
2022-06-12 00:32:32-04:00,
