2021-03-27 22:27:20+08:00,
2021-03-27 22:29:29+08:00,
2021-03-27 22:49:36+08:00,
2021-03-27 22:58:55+08:00,5,
2021-03-28 10:24:30+08:00,
2021-03-28 13:37:13+08:00,
2021-03-29 13:55:55+08:00,159,23,36,
2021-04-03 00:57:13+08:00,26,64,
2021-04-04 23:25:50+08:00,170,
2021-04-09 10:26:49+08:00,
2021-04-13 11:35:48+08:00,
2021-04-13 12:05:45+08:00,
2021-04-13 12:10:42+08:00,
2021-04-13 14:43:44+08:00,
2021-04-13 17:12:16+08:00,
2021-04-28 18:28:34+08:00,
2021-04-28 18:40:43+08:00,
2021-04-29 10:25:00+08:00,
2021-04-29 16:49:14+08:00,
2021-04-29 19:50:40+08:00,
2021-05-07 15:24:09+08:00,
2021-05-07 16:38:17+08:00,
2021-05-10 13:59:50+08:00,
2021-05-11 16:51:24+08:00,
2021-05-11 19:04:20+08:00,68,
2021-05-11 19:29:49+08:00,
2021-05-13 17:40:25+08:00,
2021-05-14 15:13:05+08:00,
2021-05-17 13:35:01+08:00,3,4,161,6,162,
2021-05-17 19:47:45+08:00,
2021-05-17 20:20:14+08:00,
2021-05-17 21:12:12+08:00,
2021-05-26 17:47:46+08:00,35,69,70,74,75,76,78,79,80,81,82,83,84,85,86,89,90,92,94,96,98,99,100,102,103,104,105,107,109,110,111,113,114,115,116,118,119,120,121,122,123,124,125,126,128,129,130,132,133,134,135,136,138,139,140,141,142,144,146,147,151,157,
2021-05-27 13:08:45+08:00,67,
2021-05-27 19:14:45+08:00,
2021-05-27 20:50:41+08:00,
2021-05-31 11:36:22+08:00,
2021-06-01 13:59:11+08:00,237,137,286,
2021-06-03 13:12:37+08:00,331,
2021-06-03 13:47:21+08:00,
2021-06-03 15:32:01+08:00,
2021-06-03 16:21:54+08:00,
2021-06-03 18:43:33+08:00,
2021-06-03 20:06:59+08:00,
2021-06-03 20:29:11+08:00,
2021-06-03 20:54:31+08:00,
2021-06-03 23:15:22+08:00,
2021-06-04 10:01:45+08:00,
2021-06-04 15:55:42+08:00,
2021-06-04 22:24:02+08:00,
2021-06-04 23:32:00+08:00,
2021-06-05 00:27:49+08:00,
2021-06-05 00:47:59+08:00,
2021-06-05 09:55:12+08:00,
2021-06-05 11:42:18+08:00,
2021-06-05 17:03:57+08:00,53,
2021-06-05 17:10:01+08:00,
2021-06-05 22:31:52+08:00,148,
2021-06-06 09:29:14+08:00,
2021-06-06 09:57:43+08:00,
2021-06-06 10:23:25+08:00,
2021-06-06 10:26:48+08:00,
2021-06-06 11:04:27+08:00,
2021-06-07 14:55:12+08:00,
2021-06-07 15:08:03+08:00,
2021-06-07 17:00:57+08:00,
2021-06-07 17:07:11+08:00,
2021-06-07 22:54:26+08:00,
2021-06-08 10:25:32+08:00,
2021-06-08 11:36:16+08:00,
2021-06-08 14:58:36+08:00,373,
2021-06-08 17:11:23+08:00,
2021-06-09 10:33:29+08:00,
2021-06-09 16:35:40+08:00,56,
2021-06-09 21:49:17+08:00,359,360,
2021-06-10 10:40:01+08:00,
2021-06-10 13:33:24+08:00,201,
2021-06-10 15:16:47+08:00,
2021-06-10 16:24:01+08:00,
2021-06-10 17:22:58+08:00,
2021-06-10 18:40:32+08:00,
2021-06-11 19:12:15+08:00,
2021-06-12 01:34:25+08:00,
2021-06-15 18:53:48+08:00,
2021-06-17 14:15:44+08:00,
2021-06-17 14:47:20+08:00,
2021-06-17 14:57:10+08:00,
2021-06-17 19:45:40+08:00,
2021-06-17 20:20:27+08:00,
2021-06-21 15:47:11+08:00,
2021-06-21 16:12:56+08:00,334,335,336,337,344,345,378,379,361,362,
2021-06-21 19:57:33+08:00,202,
2021-06-21 21:01:36+08:00,
2021-06-22 19:29:39+08:00,
2021-06-23 15:16:37+08:00,40,
2021-06-24 11:05:13+08:00,
2021-06-24 11:30:01+08:00,298,
2021-06-29 17:25:30+08:00,
2021-06-29 17:35:23+08:00,
2021-06-29 17:44:22+08:00,37,
2021-06-29 17:47:17+08:00,
2021-07-06 20:56:10+08:00,72,395,
2021-07-07 13:50:00+08:00,
2021-07-08 19:25:01+08:00,
2021-07-08 20:49:03+08:00,
2021-07-08 21:00:12+08:00,
2021-07-08 21:05:33+08:00,
2021-07-08 21:30:44+08:00,
2021-07-09 10:14:34+08:00,
2021-07-09 11:21:32+08:00,
2021-07-09 13:41:31+08:00,
2021-07-09 14:13:38+08:00,
2021-07-09 16:12:35+08:00,
2021-07-09 16:38:31+08:00,676,
2021-07-09 16:43:15+08:00,
2021-07-15 13:38:04+08:00,381,182,329,352,353,354,
2021-07-15 15:49:19+08:00,
2021-07-15 18:30:31+08:00,
2021-07-15 19:00:23+08:00,
2021-07-17 08:35:46+08:00,
2021-07-17 09:01:15+08:00,
2021-07-17 09:03:47+08:00,
2021-07-17 09:05:47+08:00,
2021-07-17 09:10:02+08:00,
2021-07-17 15:23:20+08:00,2,369,370,382,
2021-07-17 18:02:38+08:00,
2021-07-17 18:24:46+08:00,
2021-07-19 16:35:15+08:00,
2021-07-21 16:30:54+08:00,
2021-07-21 19:11:34+08:00,
2021-07-21 19:38:37+08:00,
2021-07-22 11:10:46+08:00,
2021-07-22 11:27:49+08:00,478,480,485,488,491,495,500,574,585,608,614,624,630,642,
2021-07-23 10:04:49+08:00,
2021-07-23 10:04:49+08:00,
2021-07-23 12:48:28+08:00,197,
2021-07-23 22:24:28+08:00,22,29,32,62,377,
2021-07-23 22:45:32+08:00,42,44,45,13,48,49,52,56,57,63,
2021-07-23 23:09:54+08:00,9,10,11,172,12,15,16,18,19,20,51,
2021-07-24 08:09:58+08:00,
2021-07-24 09:20:32+08:00,
2021-07-24 09:36:42+08:00,
2021-07-24 13:43:37+08:00,43,
2021-07-24 14:20:25+08:00,
2021-07-24 14:36:41+08:00,
2021-07-24 15:22:41+08:00,
2021-07-24 22:37:42+08:00,8,165,166,
2021-07-26 22:29:14+08:00,187,
2021-07-26 22:45:37+08:00,
2021-07-27 13:20:19+08:00,
2021-07-27 14:08:33+08:00,
2021-07-27 15:21:09+08:00,
2021-07-27 19:01:23+08:00,
2021-07-27 20:31:57+08:00,
2021-07-27 21:22:18+08:00,
2021-07-27 21:44:00+08:00,
2021-07-27 23:20:31+08:00,
2021-07-28 14:03:01+08:00,
2021-07-28 14:27:53+08:00,709,
2021-07-28 15:18:50+08:00,
2021-07-28 16:04:51+08:00,
2021-07-29 19:16:02+08:00,741,188,
2021-07-29 19:25:51+08:00,
2021-07-30 10:21:51+08:00,
2021-07-30 10:38:20+08:00,
2021-07-30 11:31:09+08:00,
2021-07-30 15:44:03+08:00,
2021-08-01 13:42:17+08:00,
2021-08-01 14:23:49+08:00,
2021-08-01 14:34:27+08:00,
2021-08-01 14:56:07+08:00,
2021-08-01 16:30:38+08:00,
2021-08-01 17:38:20+08:00,
2021-08-01 17:38:50+08:00,
2021-08-01 18:52:49+08:00,
2021-08-01 19:00:05+08:00,
2021-08-01 19:04:05+08:00,
2021-08-01 20:13:41+08:00,212,
2021-08-01 20:47:31+08:00,
2021-08-01 21:09:30+08:00,
2021-08-01 21:23:29+08:00,
2021-08-02 10:17:03+08:00,
2021-08-02 10:28:42+08:00,
2021-08-02 10:29:52+08:00,
2021-08-02 10:39:30+08:00,
2021-08-02 13:58:59+08:00,
2021-08-02 14:05:19+08:00,421,511,482,497,505,506,508,521,527,551,564,565,575,604,605,609,610,611,612,716,615,645,646,649,
2021-08-02 15:47:32+08:00,434,
2021-08-02 15:58:23+08:00,
2021-08-02 16:02:26+08:00,
2021-08-02 16:05:39+08:00,
2021-08-02 16:07:24+08:00,703,
2021-08-02 16:12:07+08:00,
2021-08-02 16:45:44+08:00,
2021-08-02 17:00:02+08:00,
2021-08-02 17:11:38+08:00,
2021-08-02 17:12:53+08:00,
2021-08-02 17:21:01+08:00,24,
2021-08-02 17:28:08+08:00,
2021-08-02 17:44:20+08:00,
2021-08-02 20:32:14+08:00,
2021-08-03 13:27:59+08:00,
2021-08-03 13:41:13+08:00,
2021-08-03 13:48:42+08:00,
2021-08-03 14:58:19+08:00,
2021-08-03 15:49:34+08:00,
2021-08-03 17:02:44+08:00,
2021-08-03 19:46:34+08:00,
2021-08-03 20:22:07+08:00,
2021-08-03 20:34:35+08:00,
2021-08-03 21:50:56+08:00,
2021-08-03 22:59:58+08:00,
2021-08-03 23:18:22+08:00,
2021-08-04 00:22:13+08:00,
2021-08-04 11:44:57+08:00,
2021-08-04 11:46:20+08:00,
2021-08-04 12:57:10+08:00,
2021-08-04 13:23:59+08:00,168,169,183,171,
2021-08-04 13:26:36+08:00,
2021-08-04 14:21:35+08:00,
2021-08-04 14:52:34+08:00,
2021-08-04 16:28:10+08:00,640,
2021-08-04 16:38:33+08:00,198,462,463,
2021-08-04 16:40:59+08:00,
2021-08-04 16:56:28+08:00,
2021-08-04 20:25:16+08:00,190,
2021-08-06 11:31:09+08:00,17,164,25,211,363,374,152,
2021-08-06 11:57:47+08:00,
2021-08-06 13:15:46+08:00,
2021-08-07 21:55:10+08:00,813,819,392,215,
2021-08-07 22:16:28+08:00,
2021-08-09 10:26:51+08:00,
2021-08-09 16:05:09+08:00,
2021-08-09 18:38:10+08:00,
2021-08-10 15:46:23+08:00,
2021-08-10 15:58:00+08:00,
2021-08-10 18:57:42+08:00,
2021-08-10 20:23:37+08:00,373,375,
2021-08-11 14:32:40+08:00,
2021-08-11 16:08:04+08:00,
2021-08-11 16:40:41+08:00,
2021-08-11 17:03:48+08:00,
2021-08-11 21:01:38+08:00,
2021-08-11 22:42:27+08:00,
2021-08-12 10:12:49+08:00,559,
2021-08-12 12:23:52+08:00,
2021-08-12 12:52:56+08:00,
2021-08-12 15:25:59+08:00,
2021-08-12 15:31:01+08:00,
2021-08-12 15:33:12+08:00,
2021-08-12 15:43:40+08:00,
2021-08-12 16:39:08+08:00,
2021-08-12 16:43:05+08:00,
2021-08-12 17:30:41+08:00,
2021-08-13 13:13:30+08:00,
2021-08-14 12:19:00+08:00,
2021-08-14 14:12:32+08:00,
2021-08-14 16:17:28+08:00,
2021-08-14 16:28:33+08:00,
2021-08-15 13:27:32+08:00,150,
2021-08-15 13:39:51+08:00,
2021-08-15 14:16:45+08:00,
2021-08-15 14:31:22+08:00,
2021-08-15 15:02:14+08:00,
2021-08-15 15:07:47+08:00,
2021-08-15 15:45:38+08:00,
2021-08-15 16:05:42+08:00,
2021-08-15 16:18:43+08:00,
2021-08-16 10:41:23+08:00,
2021-08-16 15:04:42+08:00,
2021-08-16 20:58:03+08:00,
2021-08-16 21:09:56+08:00,
2021-08-17 10:29:11+08:00,
2021-08-17 11:12:00+08:00,
2021-08-17 11:23:48+08:00,
2021-08-17 14:50:17+08:00,
2021-08-17 15:45:39+08:00,
2021-08-17 19:24:00+08:00,
2021-08-17 19:32:04+08:00,
2021-08-18 13:38:05+08:00,
2021-08-18 14:06:38+08:00,
2021-08-18 15:46:22+08:00,
2021-08-18 16:43:28+08:00,
2021-08-18 17:14:36+08:00,
2021-08-18 18:09:33+08:00,
2021-08-18 18:37:04+08:00,
2021-08-18 18:39:20+08:00,
2021-08-18 19:29:09+08:00,
2021-08-18 21:09:20+08:00,
2021-08-18 21:43:54+08:00,
2021-08-18 22:19:30+08:00,651,652,654,655,656,658,659,660,661,662,663,664,665,666,667,668,673,674,
2021-08-19 12:41:19+08:00,
2021-08-19 13:05:37+08:00,
2021-08-19 13:34:31+08:00,
2021-08-19 14:52:14+08:00,
2021-08-19 15:01:59+08:00,
2021-08-19 15:36:09+08:00,
2021-08-19 17:11:52+08:00,
2021-08-19 17:24:32+08:00,
2021-08-19 17:47:54+08:00,
2021-08-19 18:53:33+08:00,
2021-08-19 19:28:41+08:00,
2021-08-19 23:25:17+08:00,
2021-08-20 13:27:37+08:00,
2021-08-20 15:01:04+08:00,
2021-08-20 15:06:35+08:00,
2021-08-20 15:19:03+08:00,
2021-08-20 15:39:58+08:00,
2021-08-20 18:39:21+08:00,
2021-08-21 00:00:54+08:00,
2021-08-21 09:06:09+08:00,
2021-08-21 09:19:59+08:00,
2021-08-21 10:01:47+08:00,
2021-08-21 10:14:46+08:00,
2021-08-21 10:37:44+08:00,
2021-08-21 10:45:45+08:00,
2021-08-21 11:04:10+08:00,
2021-08-21 15:11:23+08:00,
2021-08-21 19:36:07+08:00,
2021-08-21 20:23:49+08:00,
2021-08-21 20:56:29+08:00,
2021-08-22 16:08:31+08:00,
2021-08-22 16:19:24+08:00,
2021-08-22 17:00:27+08:00,
2021-08-22 18:03:09+08:00,
2021-08-22 20:49:59+08:00,
2021-08-23 16:37:43+08:00,
2021-08-23 17:40:10+08:00,
2021-08-23 19:26:56+08:00,
2021-08-23 19:41:58+08:00,
2021-08-23 21:08:45+08:00,
2021-08-23 21:14:12+08:00,653,657,671,
2021-08-23 21:18:40+08:00,431,675,
2021-08-23 22:53:40+08:00,
2021-08-24 10:12:39+08:00,
2021-08-24 14:48:59+08:00,
2021-08-24 14:52:16+08:00,
2021-08-24 14:52:55+08:00,
2021-08-24 15:59:39+08:00,
2021-08-24 17:02:23+08:00,
2021-08-24 18:46:57+08:00,
2021-08-24 18:51:46+08:00,
2021-08-24 21:02:26+08:00,
2021-08-25 10:35:17+08:00,
2021-08-25 14:05:03+08:00,
2021-08-26 14:04:20+08:00,
2021-08-26 14:12:05+08:00,
2021-08-26 15:23:42+08:00,
2021-08-26 17:16:54+08:00,
2021-08-26 17:46:14+08:00,
2021-08-26 18:55:19+08:00,
2021-08-26 19:11:17+08:00,
2021-08-26 21:05:19+08:00,
2021-08-27 10:16:10+08:00,
2021-08-27 11:46:07+08:00,
2021-08-27 13:47:54+08:00,
2021-08-27 14:41:12+08:00,
2021-08-27 15:06:53+08:00,
2021-08-27 15:12:53+08:00,
2021-08-27 15:56:00+08:00,
2021-08-27 16:44:19+08:00,
2021-08-27 23:10:04+08:00,
2021-08-28 09:11:06+08:00,
2021-08-29 11:44:24+08:00,
2021-08-29 18:02:46+08:00,
2021-08-29 19:21:08+08:00,
2021-08-29 20:02:39+08:00,
2021-08-30 10:26:59+08:00,
2021-08-30 13:07:54+08:00,
2021-08-30 13:37:38+08:00,
2021-08-30 15:57:17+08:00,
2021-08-31 11:25:37+08:00,
2021-08-31 17:41:18+08:00,
2021-09-01 17:31:57+08:00,
2021-09-02 16:04:31+08:00,
2021-09-03 00:08:50+08:00,
2021-09-03 00:14:59+08:00,
2021-09-03 00:56:54+08:00,384,385,391,386,389,
2021-09-03 10:45:16+08:00,
2021-09-03 13:09:48+08:00,684,685,244,245,250,
2021-09-03 13:14:36+08:00,
2021-09-03 13:23:18+08:00,
2021-09-03 13:24:02+08:00,
2021-09-03 14:43:45+08:00,
2021-09-03 17:30:27+08:00,
2021-09-03 18:38:25+08:00,
2021-09-03 19:42:45+08:00,
2021-09-03 19:51:05+08:00,
2021-09-03 20:13:47+08:00,
2021-09-03 20:30:57+08:00,393,394,
2021-09-03 20:39:29+08:00,
2021-09-03 20:57:02+08:00,
2021-09-03 22:17:58+08:00,
2021-09-04 00:18:00+08:00,
2021-09-05 11:00:07+08:00,861,14,
2021-09-06 10:51:57+08:00,
2021-09-06 15:10:42+08:00,
2021-09-07 15:38:29+08:00,831,827,832,856,
2021-09-07 16:13:08+08:00,
2021-09-07 17:12:53+08:00,
2021-09-07 17:29:48+08:00,
2021-09-07 19:18:08+08:00,
2021-09-07 19:47:02+08:00,
2021-09-07 20:10:51+08:00,
2021-09-07 20:20:54+08:00,368,707,
2021-09-08 15:44:32+08:00,
2021-09-08 16:14:38+08:00,
2021-09-08 19:43:40+08:00,
2021-09-08 21:14:15+08:00,
2021-09-08 23:18:35+08:00,
2021-09-09 13:36:42+08:00,
2021-09-09 13:45:25+08:00,
2021-09-09 14:01:01+08:00,
2021-09-09 19:01:27+08:00,
2021-09-09 19:27:19+08:00,
2021-09-09 19:41:08+08:00,
2021-09-09 19:50:06+08:00,
2021-09-09 20:20:09+08:00,
2021-09-09 20:37:42+08:00,
2021-09-09 21:15:54+08:00,
2021-09-09 22:48:33+08:00,
2021-09-09 23:03:34+08:00,
2021-09-09 23:10:01+08:00,
2021-09-10 08:37:25+08:00,
2021-09-10 13:45:20+08:00,
2021-09-10 14:12:45+08:00,
2021-09-10 14:17:41+08:00,
2021-09-10 15:10:14+08:00,
2021-09-10 16:17:51+08:00,
2021-09-10 17:27:36+08:00,
2021-09-11 14:53:46+08:00,
2021-09-11 15:23:24+08:00,
2021-09-13 14:25:48+08:00,
2021-09-13 20:31:50+08:00,520,597,598,600,
2021-09-14 10:59:32+08:00,
2021-09-14 21:10:16+08:00,
2021-09-15 13:08:53+08:00,
2021-09-15 17:19:14+08:00,
2021-09-15 17:34:41+08:00,591,
2021-09-15 20:30:52+08:00,
2021-09-15 21:12:39+08:00,
2021-09-16 13:24:53+08:00,
2021-09-16 14:02:52+08:00,711,713,717,
2021-09-16 14:04:53+08:00,
2021-09-16 16:34:56+08:00,
2021-09-17 11:01:13+08:00,
2021-09-17 12:48:43+08:00,
2021-09-17 12:51:54+08:00,
2021-09-17 13:11:47+08:00,
2021-09-17 13:58:00+08:00,
2021-09-17 14:48:58+08:00,
2021-09-17 23:03:43+08:00,
2021-09-17 23:10:40+08:00,
2021-09-17 23:14:04+08:00,
2021-09-18 10:03:21+08:00,
2021-09-18 13:17:56+08:00,179,
2021-09-18 13:51:16+08:00,
2021-09-18 14:55:19+08:00,
2021-09-18 15:30:00+08:00,
2021-09-18 17:51:14+08:00,
2021-09-19 21:22:21+08:00,
2021-09-19 21:43:03+08:00,
2021-09-19 21:50:46+08:00,
2021-09-19 21:53:50+08:00,
2021-09-22 14:40:31+08:00,
2021-09-22 14:55:21+08:00,
2021-09-22 15:52:06+08:00,
2021-09-22 15:56:34+08:00,
2021-09-22 16:33:25+08:00,
2021-09-22 16:42:35+08:00,
2021-09-22 17:14:26+08:00,
2021-09-23 10:44:29+08:00,867,
2021-09-23 13:15:06+08:00,
2021-09-23 14:37:03+08:00,408,548,
2021-09-23 14:56:49+08:00,
2021-09-23 16:14:52+08:00,
2021-09-23 20:54:35+08:00,
2021-09-24 21:38:40+08:00,
2021-09-25 12:30:07+08:00,
2021-09-25 13:22:01+08:00,
2021-09-25 22:28:31+08:00,
2021-09-25 22:29:19+08:00,
2021-09-26 11:28:15+08:00,
2021-09-26 12:07:48+08:00,
2021-09-26 12:22:15+08:00,
2021-09-26 15:11:47+08:00,
2021-09-26 17:03:35+08:00,
2021-09-26 17:21:44+08:00,
2021-09-26 21:48:14+08:00,
2021-09-27 12:43:35+08:00,
2021-09-27 13:08:11+08:00,
2021-09-27 15:36:41+08:00,
2021-09-28 20:50:11+08:00,880,
2021-09-28 13:06:16+00:00,
2021-09-28 21:36:32+08:00,
2021-09-30 03:43:24+00:00,
2021-09-30 04:36:57+00:00,
2021-09-30 05:05:16+00:00,
2021-09-30 05:09:45+00:00,
2021-09-30 05:24:26+00:00,
2021-10-01 20:46:44+08:00,454,455,456,457,458,459,460,461,
2021-10-02 16:04:06+08:00,
2021-10-02 09:41:09+00:00,
2021-10-02 12:08:50+00:00,
2021-10-03 02:58:20+00:00,
2021-10-08 10:38:19+08:00,327,
2021-10-08 10:55:27+08:00,216,231,232,108,233,131,239,251,252,253,254,127,255,256,257,299,300,807,808,809,810,301,302,303,304,305,306,307,308,309,310,311,312,313,91,314,315,316,317,318,319,320,143,321,322,323,324,325,326,
2021-10-08 03:07:05+00:00,
2021-10-08 11:11:52+08:00,
2021-10-08 03:44:19+00:00,
2021-10-08 14:31:01+08:00,
2021-10-08 15:46:18+08:00,
2021-10-08 16:15:21+08:00,
2021-10-08 16:36:56+08:00,
2021-10-08 17:34:06+08:00,
2021-10-08 13:37:10+00:00,
2021-10-09 11:01:13+08:00,
2021-10-09 14:46:23+08:00,
2021-10-09 16:06:35+08:00,
2021-10-11 14:35:30+08:00,689,690,691,692,694,702,
2021-10-11 18:58:14+08:00,
2021-10-12 16:03:39+08:00,
2021-10-12 09:34:58+00:00,
2021-10-13 14:42:56+08:00,
2021-10-13 08:25:16+00:00,
2021-10-13 17:46:36+08:00,
2021-10-13 18:35:47+08:00,
2021-10-14 11:15:15+08:00,
2021-10-14 11:33:13+08:00,
2021-10-14 14:06:15+08:00,
2021-10-14 07:00:31+00:00,
2021-10-14 15:05:32+08:00,
2021-10-14 18:52:41+08:00,
2021-10-15 11:40:13+08:00,
2021-10-15 13:30:32+08:00,
2021-10-15 15:54:15+08:00,
2021-10-15 15:55:54+08:00,
2021-10-15 16:19:53+08:00,
2021-10-18 11:36:23+08:00,
2021-10-18 12:06:58+08:00,
2021-10-18 04:13:58+00:00,402,405,437,440,464,470,476,760,504,549,554,558,563,780,590,596,607,618,620,627,720,722,634,637,726,
2021-10-18 13:30:39+08:00,
2021-10-18 13:49:41+08:00,
2021-10-18 15:58:12+08:00,
2021-10-18 19:35:37+08:00,
2021-10-19 03:52:47+00:00,
2021-10-20 10:01:15+08:00,
2021-10-20 02:10:48+00:00,
2021-10-20 17:42:57+08:00,
2021-10-21 10:50:57+08:00,
2021-10-21 12:50:49+08:00,
2021-10-21 12:52:58+08:00,
2021-10-21 16:41:26+08:00,
2021-10-21 18:41:13+08:00,
2021-10-22 14:13:24+08:00,517,
2021-10-22 18:17:10+08:00,
2021-10-25 11:03:11+08:00,721,723,724,
2021-10-25 11:35:58+08:00,
2021-10-25 11:49:37+08:00,
2021-10-25 13:06:53+08:00,
2021-10-25 13:15:52+08:00,
2021-10-25 13:26:49+08:00,
2021-10-25 15:57:12+08:00,
2021-10-25 17:01:36+08:00,
2021-10-25 17:04:08+08:00,
2021-10-25 19:43:14+08:00,
2021-10-25 20:27:50+08:00,
2021-10-26 19:28:10+08:00,
2021-10-27 20:05:23+08:00,
2021-10-27 20:44:31+08:00,
2021-10-28 10:56:32+08:00,
2021-10-28 13:11:57+08:00,
2021-11-11 21:13:04+08:00,
2021-11-13 12:48:04+08:00,
2021-11-17 15:52:38+08:00,
2021-11-17 15:58:11+08:00,327,
2021-11-17 16:25:46+08:00,
2021-12-29 13:22:59+08:00,
2022-01-07 10:59:49+08:00,
2022-02-11 21:57:45+08:00,
2022-02-12 15:21:35+08:00,
2022-02-12 15:32:08+08:00,
2022-02-15 11:29:56+08:00,
2022-02-18 15:05:05+08:00,
2022-02-18 16:01:37+08:00,
2022-02-20 20:59:58+08:00,
2022-02-20 21:02:58+08:00,
2022-02-21 11:34:46+08:00,
2022-02-21 13:15:56+08:00,
2022-02-21 13:16:57+08:00,
2022-03-10 11:27:40+08:00,
2022-03-10 19:19:33+08:00,
2022-03-21 15:40:36+08:00,
2022-03-21 19:38:14+08:00,
2022-04-06 17:09:08+08:00,
2022-05-20 17:01:16+08:00,407,409,412,413,414,419,420,422,424,425,427,441,442,444,445,452,453,479,756,757,494,759,762,516,519,764,534,540,550,767,568,570,572,571,578,582,779,587,837,838,839,593,594,595,599,601,602,603,606,954,613,616,617,619,621,791,889,804,793,792,622,623,859,794,718,625,626,799,784,785,629,631,800,632,719,628,635,927,939,940,929,941,801,636,806,786,638,639,640,896,641,732,643,1032,644,802,805,803,647,897,733,648,727,840,841,842,
2022-05-24 09:19:08+08:00,772,566,773,911,912,913,
2022-05-30 15:04:33+08:00,
2022-05-30 15:07:32+08:00,
2022-06-12 19:44:51+08:00,
2022-06-13 11:22:46+08:00,
2022-06-13 16:05:06+08:00,
2022-06-15 08:34:20+08:00,
2022-06-17 16:09:51+08:00,
2022-06-17 16:15:43+08:00,
2022-06-17 18:25:34+08:00,
2022-06-17 18:25:46+08:00,
2022-06-17 18:26:11+08:00,
2022-06-17 18:26:29+08:00,
2022-06-17 18:27:32+08:00,
2022-06-17 18:30:11+08:00,
2022-06-17 18:31:49+08:00,1034,
2022-06-18 04:44:51+08:00,
2022-06-18 04:45:13+08:00,
2022-06-18 04:47:00+08:00,
2022-06-18 04:47:40+08:00,
2022-06-18 04:52:34+08:00,
2022-06-18 04:57:06+08:00,
2022-06-18 05:11:40+08:00,
2022-06-18 05:22:03+08:00,
2022-06-18 05:28:48+08:00,327,
2022-06-18 05:29:30+08:00,
2022-06-18 07:21:00+08:00,1106,1109,1114,1115,1117,1118,1120,1122,1123,1125,1127,1135,1136,1096,1,905,7,814,21,328,387,388,185,173,174,26,27,28,740,30,679,36,33,680,35,816,34,828,176,177,178,187,834,853,747,180,817,167,181,38,40,41,46,704,737,204,862,706,47,205,206,210,860,50,160,54,55,739,58,60,61,734,735,736,682,380,749,738,65,66,789,364,214,71,864,865,866,367,868,869,870,365,189,191,844,852,872,931,820,932,821,845,854,748,193,192,194,836,851,898,826,843,184,156,195,879,858,846,215,871,847,855,824,857,366,812,73,217,218,219,220,97,333,112,221,258,259,222,223,224,225,117,226,227,88,87,228,229,145,230,101,234,235,236,338,339,340,341,342,343,77,238,106,742,743,744,745,240,241,242,243,246,247,248,249,930,260,261,262,263,264,265,266,267,93,268,942,943,874,875,876,877,269,270,271,686,687,944,945,693,946,272,273,347,348,349,350,274,275,276,277,346,355,356,357,358,278,279,280,281,282,283,284,285,697,698,947,948,701,696,695,949,351,688,95,287,288,289,290,291,292,293,294,295,296,297,699,700,149,795,878,833,830,822,823,848,849,850,158,863,196,372,371,
2022-06-18 07:43:32+08:00,198,199,
2022-06-18 07:45:36+08:00,
2022-06-18 07:45:48+08:00,
2022-06-18 08:03:05+08:00,
2022-06-18 11:03:25+08:00,
2022-06-18 11:05:45+08:00,
2022-06-18 11:34:06+08:00,
2022-06-18 11:36:00+08:00,
2022-06-18 12:02:45+08:00,677,
2022-06-18 12:37:16+08:00,
2022-06-18 18:33:55+08:00,
2022-06-19 09:36:55+08:00,
2022-06-19 13:58:03+08:00,
2022-06-19 17:36:32+08:00,
2022-06-19 17:43:01+08:00,
2022-06-20 13:54:58+08:00,
2022-06-20 14:45:51+08:00,
2022-06-21 00:25:42+08:00,
2022-06-21 00:28:46+08:00,
2022-06-21 19:22:33+08:00,
2022-06-22 19:50:22+08:00,
2022-06-22 20:16:33+08:00,
2022-06-22 23:25:06+08:00,
2022-06-22 23:37:43+08:00,
2022-06-22 23:39:46+08:00,1223,
2022-06-23 10:30:46+08:00,
2022-06-23 10:34:23+08:00,
2022-06-23 16:29:33+08:00,
2022-06-23 16:56:16+08:00,
2022-06-23 17:04:47+08:00,
2022-06-23 17:12:46+08:00,
2022-06-23 17:16:56+08:00,
2022-06-23 17:27:53+08:00,
2022-06-23 17:30:17+08:00,
2022-06-24 15:06:03+08:00,
2022-06-24 18:27:27+08:00,
2022-06-24 19:57:20+08:00,
2022-06-27 10:35:23+08:00,
2022-06-27 11:00:34+08:00,
2022-06-27 16:18:16+08:00,
2022-06-27 16:24:26+08:00,
2022-06-27 16:24:26+08:00,
2022-06-27 16:38:45+08:00,
2022-06-28 15:56:02+08:00,
2022-06-28 17:35:05+08:00,
2022-06-28 18:59:32+08:00,
2022-06-28 18:59:41+08:00,
2022-06-28 19:40:55+08:00,
2022-06-29 11:24:25+08:00,
2022-06-29 11:32:57+08:00,
