2021-04-24 16:33:34+02:00,
2021-05-04 11:43:24-07:00,
2021-05-04 11:50:51-07:00,
2021-05-04 11:52:55-07:00,
2021-05-04 11:54:48-07:00,
2021-05-04 11:56:53-07:00,
2021-05-04 11:59:42-07:00,
2021-05-04 12:02:31-07:00,
2021-05-04 12:04:17-07:00,
2021-05-04 12:06:10-07:00,804,805,807,808,809,810,811,812,813,814,816,817,818,819,821,822,823,824,825,829,830,831,832,833,834,835,836,837,844,845,846,847,848,849,850,851,852,853,955,987,988,989,990,991,992,993,994,995,996,997,998,999,1000,1001,1002,1003,1004,1005,1006,1007,1008,1009,1010,1011,1012,1013,1014,1015,1016,1017,1018,1019,1020,1021,1023,1024,1025,1026,1027,1032,1033,1040,1042,1044,1045,1047,1050,1052,1055,1057,1059,1062,1063,1065,1066,1068,1069,1071,1073,1075,1076,1077,1079,1080,1083,1087,1090,1092,1093,1095,1097,1098,1099,1101,1102,1103,1105,1106,1108,1110,1111,1113,1114,1115,1117,1118,1119,1121,1122,1123,1125,1126,1127,1129,1130,1131,1133,1134,1135,1137,1138,1139,1141,1142,1143,1145,1146,1147,1149,1150,1151,1152,1153,1155,1156,1662,2080,2158,2159,2162,2163,2164,2165,2166,2167,2168,2170,2172,2173,2174,2175,2176,2177,2200,2201,2202,2203,2205,2206,2207,2208,2209,2210,2211,2212,2213,2214,2215,2216,2217,2218,2219,2220,2221,2222,2223,2224,2225,2226,2227,2228,2229,2230,2231,2232,2233,2234,2235,2236,2237,2238,2239,2240,2241,2242,2243,2244,2245,2246,2247,2248,2249,2250,2251,2252,2253,2254,2255,2256,2257,2258,2259,2260,2261,2262,2263,2264,2265,2266,2267,2268,2269,2270,2271,2272,2273,2274,2275,2276,2277,2278,2279,2280,2281,2282,2283,2284,2285,2286,2287,2288,2289,2290,2291,2292,2293,2294,2295,2296,2297,2298,2299,2300,2301,2302,2303,2304,2305,2306,2307,2308,2309,2310,2311,2312,2313,2314,2315,2316,2317,2318,2319,2320,2321,2322,2323,2324,2325,2326,2327,2328,2329,2330,2331,2332,2333,2334,2335,2336,2337,2338,2339,2340,2341,2342,2343,2344,2345,2346,2347,2348,2349,2350,2351,2352,2353,2354,2355,2356,2357,2358,2359,2360,2361,2362,2363,2364,2365,2366,2367,2368,2369,2370,2371,2372,2373,2374,2375,2376,2377,2378,2379,2380,2381,2382,2383,2384,2385,2386,2387,2388,2389,2390,2391,2392,2393,2394,2395,2396,2397,2398,2399,2400,2401,2402,2403,2404,2405,2406,2407,2408,2409,2410,2411,2412,2413,2414,2415,2416,2417,2418,2419,2420,2421,2422,2423,2424,2425,2426,2427,2428,2429,2430,2431,2432,2433,2434,2435,2436,2437,2438,2439,2440,2441,2442,2443,2444,2445,2446,2447,2448,2449,2450,2451,2452,2453,2454,2455,2456,2457,2458,2459,2460,2461,2462,2463,2464,2465,2466,2467,2468,2469,2470,2471,2472,2473,2475,2477,2478,2479,2480,2481,2482,2483,2484,
2021-05-04 12:14:29-07:00,
2021-05-04 12:22:32-07:00,
2021-05-04 12:23:33-07:00,
2021-05-04 12:24:17-07:00,
2021-05-04 12:25:11-07:00,
2021-05-04 12:26:27-07:00,
2021-05-04 12:28:27-07:00,
2021-05-04 12:29:36-07:00,
2021-05-04 13:10:18-07:00,2564,2565,2566,2567,2568,2569,2571,2572,2573,2574,2575,2576,2577,2597,2598,2599,2601,2603,2605,2607,2608,2609,2610,2612,2613,2615,2616,2617,2618,2619,2620,2621,2622,2624,2629,2630,2631,2632,2633,2634,524,823,831,832,987,1001,1025,1032,2176,2484,629,2639,2640,2641,2642,2643,2644,2645,2646,634,636,639,2489,645,2537,2538,2539,2540,2541,2558,2559,2560,2561,2562,
2021-05-04 15:30:40-07:00,
2021-05-04 15:42:31-07:00,
2021-05-04 15:43:18-07:00,2734,
2021-05-04 15:44:10-07:00,
2021-05-04 15:46:24-07:00,
2021-05-04 16:03:22-07:00,
2021-05-05 07:39:27-07:00,2625,
2021-05-05 07:43:38-07:00,
2021-05-05 07:46:56-07:00,
2021-05-05 07:49:55-07:00,
2021-05-05 07:59:41-07:00,
2021-05-05 08:07:01-07:00,
2021-05-05 08:39:07-07:00,
2021-05-05 08:41:45-07:00,
2021-05-05 09:32:26-07:00,
2021-05-05 09:36:50-07:00,
2021-05-05 09:42:42-07:00,
2021-05-05 09:46:17-07:00,2735,
2021-05-05 09:51:36-07:00,
2021-05-05 10:07:51-07:00,
2021-05-05 10:11:51-07:00,
2021-05-05 13:31:05-07:00,
2021-05-05 13:47:37-07:00,
2021-05-05 15:31:06-07:00,
2021-05-05 15:49:19-07:00,
2021-05-05 15:59:26-07:00,
2021-05-06 08:23:12-07:00,
2021-05-06 08:48:57-07:00,
2021-05-06 08:58:52-07:00,
2021-05-06 09:03:56-07:00,
2021-05-06 09:11:25-07:00,
2021-05-06 09:26:58-07:00,
2021-05-06 09:48:52-07:00,
2021-05-06 10:18:35-07:00,
2021-05-06 10:30:59-07:00,
2021-05-06 11:51:21-07:00,812,
2021-05-06 11:55:05-07:00,
2021-05-06 12:02:34-07:00,
2021-05-06 12:32:01-07:00,
2021-05-06 12:36:51-07:00,
2021-05-06 13:09:50-07:00,
2021-05-06 13:24:44-07:00,
2021-05-06 13:34:11-07:00,
2021-05-06 13:49:50-07:00,
2021-05-06 14:04:03-07:00,
2021-05-06 15:10:12-07:00,
2021-05-06 15:20:19-07:00,
2021-05-06 15:32:35-07:00,
2021-05-06 15:40:06-07:00,
2021-05-06 16:12:00-07:00,
2021-05-07 07:38:33-07:00,
2021-05-07 08:10:35-07:00,
2021-05-07 08:18:12-07:00,
2021-05-07 08:20:45-07:00,
2021-05-07 08:26:31-07:00,
2021-05-07 08:35:17-07:00,
2021-05-07 08:45:02-07:00,
2021-05-08 11:22:37-07:00,
2021-05-08 11:54:00-07:00,2594,
2021-05-08 12:12:05-07:00,
2021-05-08 12:25:14-07:00,2714,
2021-05-08 12:35:20-07:00,
2021-05-08 12:41:33-07:00,
2021-05-08 12:57:17-07:00,
2021-05-08 13:48:36-07:00,2738,
2021-05-09 09:39:18-07:00,
2021-05-09 09:48:52-07:00,
2021-05-09 10:23:15-07:00,
2021-05-09 10:30:18-07:00,
2021-05-09 11:03:50-07:00,
2021-05-09 11:12:10-07:00,
2021-05-09 12:05:38-07:00,
2021-05-09 12:19:31-07:00,
2021-05-09 12:42:31-07:00,
2021-05-09 13:11:42-07:00,
2021-05-09 13:20:53-07:00,
2021-05-09 13:38:21-07:00,784,786,792,762,802,
2021-05-10 09:25:07-07:00,
2021-05-10 09:42:53-07:00,
2021-05-10 14:30:38-03:00,
2021-05-11 10:10:48-03:00,
2021-05-11 10:14:53-03:00,
2021-05-11 10:17:01-03:00,
2021-05-11 10:22:55-03:00,
2021-05-11 10:23:15-03:00,
2021-05-11 10:24:26-03:00,
2021-05-11 10:25:41-03:00,
2021-05-11 10:26:33-03:00,
2021-05-11 10:33:07-03:00,
2021-05-11 10:35:42-03:00,
2021-05-11 10:36:40-03:00,
2021-05-11 10:37:44-03:00,
2021-05-11 10:38:43-03:00,
2021-05-11 10:42:29-03:00,
2021-05-11 13:41:18-03:00,
2021-05-11 13:43:22-03:00,
2021-05-11 11:55:44-07:00,
2021-05-11 12:07:33-07:00,
2021-05-11 12:17:44-07:00,
2021-05-11 12:28:31-07:00,
2021-05-11 12:42:06-07:00,
2021-05-11 12:56:42-07:00,
2021-05-11 13:18:36-07:00,
2021-05-11 13:26:36-07:00,
2021-05-11 15:38:31-07:00,
2021-05-11 15:42:26-07:00,
2021-05-11 16:43:42-06:00,
2021-05-11 16:48:30-06:00,
2021-05-11 15:53:06-07:00,
2021-05-11 16:53:19-06:00,
2021-05-11 16:00:15-07:00,
2021-05-11 16:05:06-07:00,
2021-05-11 16:06:17-07:00,
2021-05-11 16:08:49-07:00,
2021-05-12 08:18:51-03:00,
2021-05-12 08:33:07-03:00,
2021-05-12 08:41:46-03:00,
2021-05-12 08:50:28-03:00,
2021-05-12 08:53:16-03:00,
2021-05-12 08:55:49-03:00,
2021-05-12 08:58:20-03:00,
2021-05-12 09:00:25-03:00,
2021-05-12 09:05:04-03:00,
2021-05-12 09:07:52-03:00,
2021-05-12 09:13:34-03:00,
2021-05-12 09:15:32-03:00,
2021-05-12 09:20:23-03:00,
2021-05-12 09:22:47-03:00,
2021-05-12 08:20:45-07:00,
2021-05-12 08:51:32-07:00,
2021-05-12 13:28:02-07:00,
2021-05-12 13:48:38-07:00,
2021-05-12 13:58:34-07:00,2200,2201,
2021-05-12 14:50:04-07:00,
2021-05-13 07:44:38-07:00,2743,
2021-05-13 07:53:11-07:00,
2021-05-13 07:58:29-07:00,
2021-05-13 08:03:52-07:00,
2021-05-13 08:45:09-07:00,
2021-05-13 08:45:54-07:00,
2021-05-13 08:47:50-07:00,
2021-05-13 08:54:18-07:00,
2021-05-13 11:54:56-07:00,
2021-05-13 12:56:47-07:00,
2021-05-13 13:02:06-07:00,
2021-05-13 15:30:38-07:00,
2021-05-13 15:40:55-07:00,
2021-05-14 00:38:42+01:00,
2021-05-14 10:35:20-03:00,
2021-05-14 10:55:30-03:00,
2021-05-14 08:04:21-07:00,
2021-05-14 08:57:55-07:00,2754,
2021-05-14 09:03:15-07:00,
2021-05-14 15:41:35-03:00,
2021-05-14 14:25:49-07:00,
2021-05-14 14:34:14-07:00,
2021-05-15 10:36:43+02:00,
2021-05-15 10:38:29+02:00,783,785,787,788,789,790,791,793,
2021-05-15 10:06:02-03:00,
2021-05-15 10:20:49-03:00,
2021-05-15 10:39:23-03:00,
2021-05-15 07:43:10-07:00,
2021-05-15 07:44:27-07:00,
2021-05-15 08:20:28-07:00,
2021-05-15 08:22:12-07:00,
2021-05-15 08:32:42-07:00,
2021-05-15 08:42:32-07:00,
2021-05-15 09:05:15-07:00,
2021-05-15 09:10:22-07:00,
2021-05-15 09:38:39-07:00,
2021-05-15 09:40:10-07:00,
2021-05-15 18:10:07+01:00,
2021-05-15 10:31:29-07:00,
2021-05-15 10:33:00-07:00,
2021-05-15 10:33:19-07:00,
2021-05-15 20:37:46+02:00,
2021-05-15 20:41:39+02:00,
2021-05-15 20:46:05+02:00,
2021-05-15 12:46:17-07:00,
2021-05-15 13:03:46-07:00,
2021-05-15 17:17:39-07:00,
2021-05-15 17:45:52-07:00,
2021-05-15 18:11:02-07:00,
2021-05-15 18:15:23-07:00,
2021-05-16 11:09:18+02:00,
2021-05-16 11:09:49+02:00,
2021-05-16 11:13:35+02:00,
2021-05-16 12:11:55+01:00,
2021-05-16 09:04:46-03:00,
2021-05-16 09:11:16-03:00,
2021-05-16 07:55:45-07:00,
2021-05-16 08:00:39-07:00,
2021-05-16 16:58:05+01:00,
2021-05-16 09:02:02-07:00,
2021-05-16 17:03:31+01:00,
2021-05-16 09:03:47-07:00,
2021-05-16 17:12:13+01:00,
2021-05-16 09:19:04-07:00,2721,2722,2723,
2021-05-16 09:19:54-07:00,
2021-05-16 17:49:07+01:00,
2021-05-16 17:58:12+01:00,
2021-05-16 10:13:43-07:00,
2021-05-16 10:22:42-07:00,
2021-05-16 11:42:25-07:00,
2021-05-16 11:43:58-07:00,
2021-05-16 11:54:26-07:00,
2021-05-16 12:01:11-07:00,
2021-05-16 14:36:38-07:00,
2021-05-16 23:05:23+01:00,
2021-05-16 23:16:06+01:00,
2021-05-16 23:41:53+01:00,
2021-05-16 16:02:55-07:00,2698,2699,2700,2701,2702,2703,2704,2705,
2021-05-16 16:25:48-07:00,
2021-05-16 16:46:33-07:00,
2021-05-16 19:29:14-07:00,
2021-05-17 12:04:26+01:00,
2021-05-17 16:54:55+01:00,
2021-05-17 16:59:35+01:00,
2021-05-17 17:05:23+01:00,
2021-05-17 09:36:45-07:00,2728,
2021-05-17 09:58:07-07:00,
2021-05-17 12:00:21-07:00,2758,
2021-05-17 12:18:17-07:00,
2021-05-17 13:14:54-07:00,
2021-05-17 13:35:55-07:00,
2021-05-17 13:53:01-07:00,
2021-05-17 17:46:28-06:00,
2021-05-17 17:54:39-06:00,
2021-05-17 16:59:42-07:00,
2021-05-17 18:05:48-06:00,
2021-05-17 18:10:59-06:00,
2021-05-17 18:14:03-06:00,
2021-05-17 18:16:54-06:00,
2021-05-17 18:22:47-06:00,
2021-05-18 11:48:10+02:00,
2021-05-18 14:33:38+01:00,
2021-05-18 15:59:10+01:00,
2021-05-18 08:06:57-07:00,
2021-05-18 08:18:25-07:00,
2021-05-18 08:51:34-07:00,
2021-05-18 16:59:00+01:00,
2021-05-18 17:00:07+01:00,
2021-05-18 09:04:47-07:00,2744,
2021-05-18 09:05:37-07:00,
2021-05-18 09:20:13-07:00,
2021-05-18 17:44:37+01:00,
2021-05-18 19:06:31+01:00,
2021-05-18 11:37:18-07:00,
2021-05-18 19:43:58+01:00,
2021-05-18 19:53:59+01:00,
2021-05-18 12:10:51-07:00,
2021-05-18 16:54:11-07:00,
2021-05-18 16:58:40-07:00,
2021-05-18 17:50:22-07:00,
2021-05-18 17:50:44-07:00,
2021-05-19 12:05:34+02:00,
2021-05-19 12:15:30+02:00,
2021-05-19 12:17:14+02:00,
2021-05-19 12:18:17+02:00,
2021-05-19 12:23:17+02:00,
2021-05-19 12:26:13+02:00,
2021-05-19 09:27:17-07:00,
2021-05-19 09:40:18-07:00,
2021-05-19 12:40:57-07:00,
2021-05-19 15:08:39-07:00,
2021-05-19 15:13:38-07:00,
2021-05-20 12:28:38+01:00,
2021-05-20 12:29:42+01:00,
2021-05-20 12:34:43+01:00,
2021-05-20 12:52:10+01:00,
2021-05-20 12:55:51+01:00,
2021-05-20 13:00:15+01:00,
2021-05-20 09:43:30-03:00,
2021-05-20 10:17:05-03:00,
2021-05-20 07:48:40-07:00,
2021-05-20 07:48:45-07:00,
2021-05-20 07:52:09-07:00,2636,
2021-05-20 08:51:55-07:00,
2021-05-20 08:52:26-07:00,
2021-05-20 12:47:46-07:00,2739,2740,
2021-05-20 21:13:19-05:00,
2021-05-21 09:00:26-03:00,
2021-05-21 10:41:13-03:00,
2021-05-21 13:09:31-07:00,
2021-05-21 13:21:07-07:00,
2021-05-21 20:06:18-07:00,
2021-05-22 06:23:48-07:00,
2021-05-22 06:50:10-07:00,
2021-05-22 13:16:44-07:00,
2021-05-22 13:19:34-07:00,
2021-05-22 13:25:24-07:00,
2021-05-23 08:38:40-03:00,
2021-05-23 09:01:04-03:00,
2021-05-23 10:18:33-03:00,
2021-05-23 13:31:36-03:00,
2021-05-23 11:08:12-07:00,
2021-05-24 09:49:32-03:00,
2021-05-24 10:52:48-03:00,
2021-05-24 11:38:29-07:00,
2021-05-24 11:48:16-07:00,
2021-05-24 11:53:01-07:00,
2021-05-24 12:12:45-07:00,
2021-05-24 12:23:49-07:00,
2021-05-24 12:50:22-07:00,
2021-05-24 12:56:37-07:00,
2021-05-24 13:00:33-07:00,
2021-05-24 13:07:34-07:00,
2021-05-24 15:30:04-07:00,
2021-05-24 21:51:27-06:00,
2021-05-24 21:15:18-07:00,
2021-05-25 10:03:29-03:00,
2021-05-25 10:08:43-03:00,
2021-05-25 10:27:46-03:00,
2021-05-25 08:41:59-07:00,2769,2770,
2021-05-25 12:07:06-07:00,
2021-05-25 12:13:03-07:00,
2021-05-25 15:00:33-07:00,
2021-05-25 16:17:24-07:00,
2021-05-25 16:18:50-07:00,
2021-05-25 17:24:05-07:00,
2021-05-25 17:26:09-07:00,
2021-05-25 18:12:52-07:00,
2021-05-25 18:18:11-07:00,
2021-05-25 18:37:22-07:00,
2021-05-26 20:12:19+02:00,656,
2021-05-26 20:12:24+02:00,763,
2021-05-27 09:00:34-03:00,
2021-05-27 09:14:51-03:00,
2021-05-27 08:26:52-07:00,
2021-05-27 08:57:28-07:00,
2021-05-27 12:19:36-07:00,
2021-05-27 12:46:08-07:00,
2021-05-27 12:46:46-07:00,2756,
2021-05-27 13:24:30-07:00,
2021-05-27 13:26:28-07:00,
2021-05-27 13:29:32-07:00,
2021-05-27 13:30:00-07:00,
2021-05-27 13:30:46-07:00,
2021-05-27 14:32:36-07:00,2768,
2021-05-27 14:41:06-07:00,
2021-05-27 14:45:10-07:00,
2021-05-27 14:49:48-07:00,
2021-05-27 14:51:16-07:00,
2021-05-27 14:56:31-07:00,
2021-05-27 15:54:59-07:00,
2021-05-28 11:23:00+01:00,
2021-05-28 09:00:22-07:00,
2021-05-28 09:22:22-07:00,
2021-05-28 09:41:16-07:00,
2021-05-29 09:24:13-03:00,
2021-05-29 09:38:11-03:00,
2021-05-30 10:08:50-07:00,
2021-05-30 13:27:51-07:00,
2021-06-01 08:25:04-07:00,
2021-06-03 07:59:29-07:00,
2021-06-09 13:29:15-07:00,
2021-06-09 16:10:48-07:00,
2021-06-10 06:59:50-07:00,
2021-06-13 11:37:21+02:00,
2021-06-13 08:40:40-03:00,
2021-06-13 08:43:31-03:00,
2021-06-13 08:45:10-03:00,
2021-06-13 08:49:25-03:00,
2021-06-13 08:54:22-03:00,
2021-06-13 09:00:08-03:00,
2021-06-13 09:04:40-03:00,
2021-06-13 18:43:42+02:00,
2021-06-13 09:54:49-07:00,
2021-06-13 10:23:24-07:00,
2021-06-13 10:30:15-07:00,655,657,
2021-06-14 07:06:10-07:00,
2021-06-15 10:15:44-03:00,
2021-06-15 10:21:00-03:00,
2021-06-15 10:57:15-03:00,
2021-06-15 10:59:20-03:00,
2021-06-15 13:55:50-03:00,
2021-06-16 15:18:39-07:00,
2021-06-16 20:27:25-05:00,
2021-06-16 21:20:52-05:00,
2021-06-17 10:09:31+02:00,
2021-06-17 10:11:38+02:00,
2021-06-17 10:14:23+02:00,
2021-06-17 10:19:32+02:00,
2021-06-17 12:22:34+01:00,
2021-06-17 17:42:43+01:00,
2021-06-17 17:46:05+01:00,
2021-06-19 07:30:13-05:00,
2021-06-21 09:32:54-03:00,
2021-06-21 09:34:04-03:00,
2021-06-21 09:39:08-03:00,
2021-06-21 09:39:57-03:00,
2021-06-21 09:41:00-03:00,
2021-06-23 20:51:19+01:00,
2021-06-25 10:16:18-05:00,
2021-07-03 12:47:27-07:00,
2021-07-04 09:50:56-03:00,
2021-07-11 10:21:20-03:00,
2021-07-11 10:22:53-03:00,
2021-07-11 10:34:37-03:00,
2021-07-11 10:36:38-03:00,
2021-07-11 10:39:07-03:00,
2021-07-11 10:42:11-03:00,
2021-07-11 10:44:38-03:00,
2021-07-11 10:48:19-03:00,
2021-07-12 10:04:50-03:00,
2021-07-12 10:19:29-03:00,
2021-07-12 12:27:12-07:00,2725,2731,2732,2733,
2021-07-14 08:03:27-03:00,
2021-07-14 08:11:06-03:00,
2021-07-14 13:39:17+01:00,
2021-07-15 13:07:32-07:00,2774,2730,
2021-07-15 22:41:41+01:00,
2021-07-16 14:50:07-07:00,
2021-07-16 15:11:05-07:00,
2021-07-16 15:17:00-07:00,
2021-07-16 23:51:16+01:00,2772,
2021-07-17 12:27:14-07:00,
2021-07-17 12:28:54-07:00,
2021-07-18 11:53:15-07:00,
2021-07-18 11:57:15-07:00,
2021-07-18 12:09:46-07:00,
2021-07-18 12:15:52-07:00,
2021-07-18 20:12:31-05:00,
2021-07-19 09:03:29-07:00,
2021-07-21 11:37:33+02:00,
2021-07-21 05:51:27-05:00,
2021-07-21 06:44:45-05:00,
2021-07-21 06:45:01-05:00,
2021-07-25 11:35:51+01:00,
2021-07-25 20:40:21-05:00,
2021-07-25 20:49:24-05:00,
2021-07-25 20:53:21-05:00,
2021-07-25 21:49:38-05:00,
2021-07-27 13:03:14-07:00,
2021-07-31 00:56:54-06:00,
2021-08-11 10:49:48-07:00,
2021-08-11 12:44:56-07:00,
2021-08-12 08:49:13-03:00,
2021-08-12 16:36:58-07:00,
2021-08-14 10:36:27-03:00,
2021-08-15 06:43:28-03:00,
2021-08-15 08:38:21-03:00,
2021-08-16 16:13:46-07:00,
2021-08-17 10:38:02-03:00,
2021-08-17 14:59:52+01:00,
2021-08-17 20:30:19+01:00,
2021-08-17 20:59:36+01:00,
2021-08-18 10:45:45+01:00,
2021-08-18 11:42:13+01:00,
2021-08-18 11:44:04+01:00,
2021-08-18 13:42:13+01:00,
2021-08-18 13:55:55+01:00,
2021-08-18 14:03:23+01:00,
2021-08-19 08:18:07-03:00,
2021-08-27 09:47:23-03:00,
2021-08-27 10:09:49-03:00,
2021-08-27 10:37:44-03:00,
2021-08-27 11:25:16-03:00,
2021-08-27 10:08:07-07:00,
2021-08-27 10:23:15-07:00,
2021-08-27 10:40:15-07:00,
2021-08-27 11:08:41-07:00,
2021-08-27 11:42:41-07:00,
2021-08-27 15:56:16-03:00,
2021-08-27 15:57:31-03:00,
2021-08-27 15:58:51-03:00,
2021-08-27 15:16:20-07:00,
2021-08-27 23:33:58+01:00,
2021-08-27 23:50:44+01:00,
2021-08-29 12:57:16+01:00,
2021-08-29 09:17:39-03:00,
2021-08-29 09:23:02-03:00,
2021-08-29 09:30:30-03:00,
2021-08-29 09:39:52-03:00,
2021-08-30 17:16:00-05:00,
2021-08-31 08:19:39-06:00,
2021-08-31 08:23:25-06:00,
2021-08-31 08:24:18-06:00,
2021-08-31 11:25:33-03:00,
2021-08-31 08:26:19-06:00,
2021-08-31 11:27:49-03:00,
2021-08-31 11:30:04-03:00,
2021-09-01 09:16:51-07:00,
2021-09-01 12:02:42-07:00,
2021-09-01 13:48:53-07:00,
2021-09-03 09:43:52-03:00,
2021-09-03 16:36:01-07:00,
2021-09-03 16:36:12-07:00,
2021-09-04 12:56:04+01:00,
2021-09-04 14:20:06+01:00,
2021-09-04 09:04:07-05:00,
2021-09-04 09:04:41-05:00,
2021-09-05 10:54:18+01:00,
2021-09-05 11:11:43-07:00,
2021-09-05 11:17:21-07:00,
2021-09-05 11:28:56-07:00,
2021-09-05 16:05:48-07:00,
2021-09-05 16:11:39-07:00,
2021-09-06 11:11:04+01:00,1017,
2021-09-07 12:45:07-07:00,
2021-09-07 14:25:59-07:00,
2021-09-08 08:43:09-04:00,
2021-09-08 09:54:55-03:00,
2021-09-09 13:09:03+01:00,
2021-09-09 08:46:29-04:00,
2021-09-09 09:52:31-03:00,
2021-09-09 14:01:34+01:00,
2021-09-09 14:01:34+01:00,
2021-09-09 14:28:30+01:00,
2021-09-09 14:37:35+01:00,
2021-09-09 10:43:34-03:00,
2021-09-09 10:45:47-03:00,
2021-09-09 10:48:45-03:00,
2021-09-09 10:49:37-03:00,
2021-09-09 10:50:53-03:00,
2021-09-09 10:52:54-03:00,
2021-09-09 10:55:17-03:00,
2021-09-09 10:56:18-03:00,
2021-09-09 10:57:30-03:00,
2021-09-09 10:59:22-03:00,
2021-09-09 11:01:51-03:00,
2021-09-09 15:06:24+01:00,
2021-09-09 11:23:55-03:00,
2021-09-09 15:38:36+01:00,
2021-09-09 11:44:28-03:00,
2021-09-09 17:23:38+01:00,
2021-09-09 20:28:06+01:00,
2021-09-09 20:46:24+01:00,
2021-09-09 21:14:16+01:00,
2021-09-09 21:53:29+01:00,
2021-09-09 22:03:32+01:00,
2021-09-09 22:05:09+01:00,
2021-09-09 17:14:37-05:00,
2021-09-10 09:20:56-04:00,
2021-09-10 10:47:36-03:00,
2021-09-10 14:03:46-05:00,
2021-09-10 14:03:58-05:00,
2021-09-11 08:28:50-03:00,
2021-09-11 15:21:03+01:00,
2021-09-12 15:31:20-07:00,
2021-09-13 10:06:00-07:00,
2021-09-14 12:36:30+01:00,
2021-09-15 17:17:19-06:00,
2021-09-15 17:24:03-06:00,
2021-09-17 11:06:20-03:00,
2021-09-17 11:10:23-03:00,
2021-09-20 22:50:51+01:00,
2021-09-20 18:01:49-05:00,
2021-09-20 18:09:18-05:00,
2021-09-20 18:13:23-05:00,
2021-09-20 18:17:46-05:00,
2021-09-20 19:29:40-05:00,
2021-09-23 08:58:35+02:00,
2021-09-23 12:19:21+01:00,
2021-09-23 10:34:21-07:00,
2021-09-23 10:38:56-07:00,811,
2021-09-23 20:11:33+01:00,
2021-09-23 19:53:58-04:00,
2021-10-05 14:34:48-07:00,
2021-10-12 16:59:55-03:00,
2021-10-12 17:02:32-03:00,
2021-10-12 17:03:32-03:00,
2021-10-12 17:04:09-03:00,2796,
2021-10-13 08:54:06-03:00,
2021-10-13 09:06:42-03:00,
2021-10-13 09:16:51-03:00,
2021-10-13 09:47:42-03:00,
2021-10-14 00:08:29+02:00,
2021-10-14 09:04:15-04:00,
2021-10-14 10:44:54-03:00,
2021-10-22 15:55:32+02:00,
2021-10-22 15:59:50+02:00,
2021-10-23 16:59:52+02:00,
2021-11-01 14:00:40-03:00,
2021-11-01 14:01:07-03:00,
2021-11-01 14:11:39-03:00,
2021-11-01 14:20:39-03:00,
2021-11-01 14:34:08-03:00,
2021-11-01 14:43:39-03:00,
2021-11-01 14:50:20-03:00,
2021-11-01 15:08:47-03:00,
2021-11-01 15:10:39-03:00,
2021-11-01 15:18:42-03:00,
2021-11-01 21:49:42-05:00,
2021-11-01 22:03:25-05:00,
2021-11-01 22:18:30-05:00,
2021-11-02 10:10:06-05:00,
2021-11-02 16:26:47-05:00,
2021-11-05 16:46:43+00:00,
2021-11-05 16:55:00+00:00,
2021-11-12 15:57:25-06:00,
2021-11-12 16:02:30-06:00,
2021-11-15 04:54:00-06:00,
2021-11-20 09:46:18-04:00,
2021-11-21 08:37:16-04:00,
2021-11-21 08:58:30-04:00,
2021-11-21 08:59:38-04:00,
2021-11-21 09:10:02-04:00,
2021-11-21 09:16:17-04:00,
2021-11-21 09:59:19-04:00,
2021-11-21 10:03:19-04:00,
2021-11-21 20:27:35+00:00,
2021-11-21 21:31:17+00:00,811,
2021-11-21 21:32:09+00:00,
2021-11-22 09:38:00-04:00,
2021-11-23 13:42:57-08:00,
2021-12-16 10:51:12-04:00,
2021-12-16 11:00:43-04:00,
2021-12-16 11:39:10-04:00,
2021-12-16 18:44:37+01:00,
2021-12-17 07:09:04-04:00,
2021-12-17 14:33:13-04:00,
2021-12-17 14:37:10-04:00,
2021-12-18 08:58:14-04:00,
2022-01-03 15:11:46-04:00,
2022-01-03 15:20:33-04:00,
2022-01-04 09:20:48+00:00,
2022-01-04 09:22:26+00:00,
2022-01-05 11:01:40+02:00,
2022-01-07 15:43:43-08:00,
2022-01-10 17:34:29-06:00,
2022-01-10 17:38:53-06:00,
2022-01-11 20:17:50-05:00,
2022-01-11 22:30:58-06:00,
2022-01-12 14:03:05-08:00,
2022-01-14 11:39:11+00:00,
2022-01-14 13:22:44+00:00,
2022-01-20 11:17:17+01:00,
2022-01-20 11:26:49+01:00,
2022-01-23 05:28:30+01:00,
2022-02-02 10:10:28-04:00,
2022-02-08 14:32:20-07:00,
2022-02-12 09:29:19-05:00,
2022-02-14 10:00:57-04:00,
2022-02-14 14:13:09+00:00,
2022-02-14 14:15:35+00:00,
2022-02-14 14:23:33+00:00,
2022-02-15 15:58:43+01:00,
2022-03-01 22:14:17-06:00,
2022-03-03 13:00:47+00:00,
2022-03-04 20:46:43+09:00,
2022-03-04 10:05:26-08:00,
2022-03-04 15:05:21-05:00,
2022-03-07 17:03:15+08:00,
2022-03-07 19:39:19+08:00,
2022-03-08 18:16:45+08:00,
2022-03-08 18:18:09+08:00,
2022-03-08 07:20:39-06:00,
2022-03-09 07:44:22+08:00,
2022-03-11 15:31:52+05:18,
2022-03-16 03:25:33+01:00,
2022-03-16 14:33:19+00:00,
2022-03-19 18:45:51+01:00,
2022-03-19 18:50:23+01:00,
2022-03-19 18:59:18+01:00,
2022-03-21 01:08:50+00:00,
2022-03-23 16:00:07+01:00,
2022-03-25 10:26:19+08:00,
2022-03-26 22:18:33+01:00,
2022-03-27 12:32:50-07:00,
2022-03-27 12:34:26-07:00,
2022-03-27 16:26:42-07:00,
2022-03-27 16:34:43-07:00,
2022-03-29 12:22:27-07:00,
2022-03-30 17:13:48+02:00,
2022-03-30 14:29:02-05:00,
2022-03-31 08:59:16+08:00,
2022-03-31 09:00:13+08:00,
2022-03-31 09:31:16+08:00,
2022-03-31 12:53:54+05:18,
2022-03-31 12:08:45+02:00,
2022-03-31 12:09:11+02:00,
2022-03-31 16:37:20+02:00,
2022-03-31 17:18:26+02:00,
2022-03-31 17:19:37+02:00,
2022-03-31 20:24:33+02:00,
2022-03-31 20:27:59+02:00,
2022-03-31 20:35:32+02:00,
2022-03-31 22:13:26+02:00,
2022-03-31 22:40:10+01:00,
2022-03-31 22:42:45+01:00,
2022-04-01 08:40:53+08:00,
2022-04-01 11:47:49+08:00,
2022-04-02 15:15:51+02:00,
2022-04-03 17:41:42-07:00,
2022-04-03 17:44:01-07:00,
2022-04-03 17:46:08-07:00,
2022-04-04 10:42:19+02:00,
2022-04-04 10:44:23+02:00,
2022-04-04 16:20:25+02:00,
2022-04-05 12:12:01+02:00,
2022-04-05 07:21:24-07:00,
2022-04-05 18:22:21-05:00,
2022-04-06 16:34:31+08:00,
2022-04-06 09:37:20-04:00,
2022-04-06 09:37:37-04:00,
2022-04-06 09:37:57-04:00,
2022-04-07 00:52:45+01:00,
2022-04-07 18:47:32-04:00,
2022-04-08 14:00:20+01:00,
2022-04-09 10:00:09-07:00,
2022-04-09 22:21:41+01:00,
2022-04-10 23:05:53+01:00,
2022-04-12 11:25:31+08:00,
2022-04-12 06:15:53+02:00,
2022-04-13 09:49:47+01:00,
2022-04-14 15:46:45+01:00,
2022-04-16 14:17:40-03:00,
2022-04-18 09:38:29-03:00,
2022-04-18 09:43:47-03:00,
2022-04-18 09:46:12-03:00,
2022-04-18 09:57:20-03:00,
2022-04-18 15:07:16+02:00,
2022-04-18 15:47:53+02:00,
2022-04-18 17:53:39+02:00,
2022-04-18 17:57:12+02:00,
2022-04-18 18:06:46+02:00,
2022-04-18 18:17:23+02:00,
2022-04-18 18:19:12+02:00,
2022-04-18 19:21:37+02:00,
2022-04-18 19:25:59+02:00,
2022-04-19 10:25:53-03:00,
2022-04-19 10:30:55-03:00,366,
2022-04-19 21:37:12-05:00,
2022-04-21 08:43:24+01:00,
2022-04-21 22:14:46+02:00,
2022-04-23 18:17:06+02:00,
2022-04-23 18:31:26+02:00,
2022-04-26 08:50:43-03:00,
2022-04-26 08:52:31-03:00,
2022-04-26 08:54:52-03:00,
2022-04-26 08:57:34-03:00,
2022-04-26 08:58:34-03:00,
2022-04-26 08:59:00-03:00,
2022-04-26 10:30:00-03:00,
2022-04-26 10:34:55-03:00,
2022-04-26 10:37:58-03:00,
2022-04-26 10:44:01-03:00,
2022-04-26 11:21:08-03:00,
2022-04-26 11:22:28-03:00,
2022-04-26 11:26:21-03:00,
2022-04-26 14:04:52-03:00,
2022-04-26 14:07:05-03:00,
2022-04-26 14:14:44-03:00,
2022-04-26 14:19:33-03:00,
2022-04-26 14:42:29-03:00,
2022-04-26 14:59:41-03:00,
2022-04-26 15:14:08-03:00,
2022-04-26 15:14:54-03:00,
2022-04-26 15:16:59-03:00,
2022-04-26 15:19:07-03:00,
2022-04-26 15:20:40-03:00,
2022-04-26 15:52:21-03:00,
2022-04-26 18:26:14-03:00,
2022-04-26 18:27:26-03:00,
2022-04-26 18:30:14-03:00,
2022-04-26 18:31:54-03:00,
2022-04-27 09:37:20-03:00,
2022-04-27 09:38:17-03:00,
2022-04-27 09:40:52-03:00,
2022-04-27 09:44:30-03:00,
2022-04-27 09:46:09-03:00,
2022-04-27 09:49:01-03:00,
2022-04-27 09:49:59-03:00,
2022-04-27 09:51:31-03:00,
2022-04-27 10:01:06-03:00,
2022-04-27 10:02:17-03:00,
2022-04-27 10:04:44-03:00,
2022-04-27 10:06:04-03:00,
2022-04-27 10:11:54-03:00,
2022-04-27 10:13:21-03:00,
2022-04-27 10:14:57-03:00,
2022-04-27 10:16:29-03:00,
2022-04-27 10:18:37-03:00,
2022-04-27 10:19:58-03:00,
2022-04-27 10:21:48-03:00,
2022-04-27 10:23:27-03:00,
2022-04-27 10:25:01-03:00,
2022-04-27 10:26:02-03:00,
2022-04-27 10:42:39-03:00,
2022-04-27 10:44:23-03:00,
2022-04-28 06:54:05-03:00,
2022-04-28 06:55:53-03:00,
2022-04-28 06:57:09-03:00,
2022-04-28 06:57:48-03:00,
2022-04-28 06:59:56-03:00,
2022-04-28 07:01:32-03:00,
2022-04-28 07:03:06-03:00,
2022-04-28 07:05:17-03:00,
2022-04-28 07:07:01-03:00,
2022-04-28 07:09:47-03:00,
2022-04-28 09:05:22-03:00,
2022-04-28 13:00:53-03:00,
2022-04-28 13:02:16-03:00,
2022-04-28 13:17:43-03:00,
2022-04-28 13:19:39-03:00,
2022-04-28 13:44:27-03:00,
2022-04-28 13:46:20-03:00,
2022-04-28 13:49:14-03:00,
2022-04-28 13:51:11-03:00,
2022-04-29 15:49:54+08:00,
2022-04-29 12:13:52+01:00,
2022-04-29 19:37:28+08:00,
2022-04-29 08:54:55-03:00,
2022-04-29 08:58:01-03:00,
2022-04-29 09:00:23-03:00,
2022-04-29 09:17:48-03:00,
2022-04-29 09:19:52-03:00,
2022-04-29 09:21:31-03:00,
2022-04-29 09:22:39-03:00,
2022-04-29 09:23:29-03:00,
2022-04-29 09:24:38-03:00,
2022-04-29 09:24:53-03:00,
2022-04-29 09:26:42-03:00,
2022-04-29 09:27:23-03:00,
2022-04-29 09:28:01-03:00,
2022-04-29 09:28:42-03:00,
2022-04-29 09:31:44-03:00,
2022-04-30 10:44:15+08:00,
2022-04-30 08:22:29-03:00,
2022-04-30 08:23:46-03:00,
2022-04-30 08:25:27-03:00,
2022-04-30 08:31:49-03:00,
2022-04-30 08:33:51-03:00,
2022-04-30 08:35:31-03:00,
2022-04-30 08:37:29-03:00,
2022-04-30 08:39:54-03:00,
2022-04-30 08:41:58-03:00,
2022-04-30 08:57:29-03:00,
2022-05-02 10:20:02-03:00,
2022-05-02 10:20:49-03:00,
2022-05-02 10:26:55-03:00,
2022-05-02 10:29:23-03:00,
2022-05-02 10:31:00-03:00,
2022-05-02 10:32:18-03:00,
2022-05-02 10:32:56-03:00,
2022-05-02 10:33:59-03:00,
2022-05-02 10:34:31-03:00,
2022-05-02 10:41:46-03:00,
2022-05-02 10:43:12-03:00,
2022-05-02 10:43:27-03:00,
2022-05-02 10:44:59-03:00,
2022-05-02 10:45:57-03:00,
2022-05-02 10:47:05-03:00,
2022-05-02 10:47:28-03:00,
2022-05-02 11:03:02-03:00,
2022-05-02 11:03:38-03:00,
2022-05-02 11:05:05-03:00,
2022-05-02 11:09:13-03:00,
2022-05-02 11:12:13-03:00,
2022-05-02 11:13:11-03:00,
2022-05-02 11:14:40-03:00,
2022-05-02 11:15:54-03:00,
2022-05-02 11:25:54-03:00,
2022-05-02 11:26:47-03:00,
2022-05-02 11:27:42-03:00,
2022-05-02 11:28:37-03:00,
2022-05-02 11:29:03-03:00,
2022-05-02 11:29:49-03:00,
2022-05-02 11:30:17-03:00,
2022-05-02 11:30:46-03:00,
2022-05-02 11:31:18-03:00,
2022-05-02 11:32:09-03:00,
2022-05-02 22:11:31+02:00,
2022-05-02 15:40:54-05:00,
2022-05-02 22:30:18+01:00,
2022-05-03 11:53:36+01:00,
2022-05-03 08:56:55-03:00,
2022-05-03 08:58:24-03:00,
2022-05-03 09:00:31-03:00,
2022-05-03 09:06:39-03:00,
2022-05-03 09:24:55-03:00,
2022-05-03 09:26:27-03:00,
2022-05-03 09:28:04-03:00,
2022-05-03 09:31:14-03:00,
2022-05-04 18:21:07-07:00,
2022-05-06 15:43:55-05:00,
2022-05-06 15:48:51-05:00,
2022-05-12 21:31:38+12:00,
2022-05-20 10:03:22+02:00,
2022-05-27 12:23:13+01:00,
2022-05-27 11:51:57-07:00,
2022-05-28 13:38:04-07:00,
2022-05-29 10:08:13-03:00,
2022-06-03 12:32:22+05:18,
2022-06-03 09:32:15-03:00,
2022-06-03 09:38:55-03:00,
2022-06-03 09:40:20-03:00,
2022-06-03 09:42:48-03:00,
2022-06-03 09:46:24-03:00,
2022-06-03 09:57:08-03:00,
2022-06-03 10:03:10-03:00,
2022-06-07 19:30:30+01:00,
2022-06-09 10:34:51-03:00,
2022-06-14 09:42:25-03:00,
2022-06-27 09:52:26+02:00,
2022-06-28 13:37:14-05:00,
2022-06-28 13:49:38-05:00,
2022-06-28 14:00:57-05:00,
