2021-03-27 22:27:20+08:00,57,17,84,140,22,145,92,122,40,153,129,65,148,52,4,99,47,152,151,5,139,89,141,64,37,123,59,19,126,117,10,131,143,61,15,54,27,2,43,75,119,73,142,87,132,1,44,78,135,85,49,68,128,32,48,34,0,29,12,138,35,62,50,18,38,106,91,13,74,116,90,9,149,114,118,95,45,66,71,58,108,14,105,24,42,121,23,67,30,101,98,28,69,63,120,81,33,93,100,77,125,82,8,133,6,146,51,134,39,113,136,55,97,80,72,94,86,103,147,3,70,56,137,109,79,20,31,53,25,144,102,36,104,16,96,150,124,21,154,11,112,130,127,83,7,26,111,76,46,107,60,41,110,88,115
2021-03-27 22:29:29+08:00,155
2021-03-27 22:49:36+08:00,157,1,73,158,149,6,156,7
2021-03-27 22:58:55+08:00,6,34,159,4,1
2021-03-28 10:24:30+08:00,1
2021-03-28 13:37:13+08:00,4,17,160,1,72,7,34,38
2021-03-29 13:55:55+08:00,162,66,165,161,27,163,38,164,46,55,28,22,34,166,4,6,72,21,167
2021-04-03 00:57:13+08:00,66,125,79,71,135,179,37,138,74,50,45,95,161,69,170,44,99,2,34,168,123,141,126,127,21,89,101,115,84,91,27,93,103,122,85,92,152,83,167,119,80,140,120,40,96,28,112,3,118,82,169,109,182,38,173,114,33,97,98,65,111,24,129,100,87,77,137,177,1,7,136,86,145,35,104,178,81,105,156,116,88,174,108,181,94,106,102,144,110,6,90,176,121,75,131,162,128,139,41,180,171,117,113,78,107,42,172,148,134,133,4,73,142,143,175,132,160,124,149,19,76
2021-04-04 23:25:50+08:00,183,171,168,169
2021-04-09 10:26:49+08:00,38
2021-04-13 11:35:48+08:00,16,15,17,44,52,66,55,54,160,9,42,20,10,156,18,53,172
2021-04-13 12:05:45+08:00,184,34
2021-04-13 12:10:42+08:00,34
2021-04-13 14:43:44+08:00,34
2021-04-13 17:12:16+08:00,34,65,66,154
2021-04-28 18:28:34+08:00,154,163,44,186,162,177,176,180,181,38,187,65,174,21,46,47,60,63,37,41,40,66,178,34,188,50,45,17,39,167,175,13,185
2021-04-28 18:40:43+08:00,21,180,34,187
2021-04-29 10:25:00+08:00,176,167,55,162,189,34,21,38
2021-04-29 16:49:14+08:00,191,192,34,189,180,174,35,167,21,190,193
2021-04-29 19:50:40+08:00,21,167,50,180
2021-05-07 15:24:09+08:00,82,88,114,127,180,92,85,107,123,190,125,140,137,139,96,142,103,79,113,144,77,81,112,134,76,120,1,132,102,34,136,7,149,118,74,86,105,110,126,162,115,98,143,109,106,83,95,104,186,97,167,141,108,93,80,100,131,94,138,99,133,89,111,193,122,90,87,116,78,101,84,117,121,135,91,189,75,119,128,124,66,145,129
2021-05-07 16:38:17+08:00,189,194,38,190,55,195,162
2021-05-10 13:59:50+08:00,183
2021-05-11 16:51:24+08:00,55,33
2021-05-11 19:04:20+08:00,47,174,28,16,44,34,32,172,48,71,177,181,190,46,9,59,63,42,66,53,62,165,29,176,40,154,27,184,60,187,179,156,51,21,188,162,30,8,57,20,13,18,67,196,70,61,186,41,173,24,12,35,6,158,11,15,197,166,153,185,189,31,56,38,178,22,152,55,25,192,151,10,54,37,193,33,157,180,160,175,50,58,19,49,150,161,1,167,39,17,164,195,43,191,69,182,45,14,4,52,163,65
2021-05-11 19:29:49+08:00,155
2021-05-13 17:40:25+08:00,168,198
2021-05-14 15:13:05+08:00,1,198,168,73
2021-05-17 13:35:01+08:00,198,171,21,196,1
2021-05-17 19:47:45+08:00,1
2021-05-17 20:20:14+08:00,155
2021-05-17 21:12:12+08:00,198
2021-05-26 17:47:46+08:00,280,143,320,282,210,186,220,256,266,234,246,40,1,235,295,43,97,300,226,65,108,63,55,290,224,31,127,181,273,237,41,258,61,274,93,242,241,272,236,154,209,297,203,39,299,298,257,248,321,317,199,316,34,213,287,318,311,37,193,269,285,276,227,250,208,302,305,72,214,158,239,112,185,222,229,324,322,304,216,310,244,167,254,38,275,201,87,238,204,212,46,221,42,245,60,296,156,277,101,219,291,217,323,294,225,88,309,21,265,263,232,7,292,230,271,247,145,288,284,207,240,301,261,218,223,228,117,180,175,278,260,293,211,325,315,206,286,189,264,71,95,44,314,106,268,131,313,182,243,233,231,202,289,267,270,303,259,33,308,255,91,249,205,326,307,252,283,215,262,306,137,200,279,327,281,312,66,319,77,253,251
2021-05-27 13:08:45+08:00,167,177,329,55,21,34,328,176,215,66,178,65
2021-05-27 19:14:45+08:00,14,167,46,329,21,212,201,41
2021-05-27 20:50:41+08:00,212,34,329,154
2021-05-31 11:36:22+08:00,21,180,154,46,215,329,47,34,210,40,214,167,185,181
2021-06-01 13:59:11+08:00,342,261,97,332,350,293,330,334,66,333,340,274,217,241,292,356,353,38,185,355,339,246,267,347,291,348,180,282,329,335,265,240,223,222,167,336,361,279,283,278,345,338,327,290,247,227,359,214,266,358,341,289,34,344,357,40,346,354,360,352,260,275,288,218,331,337,351,215,343,349,362
2021-06-03 13:12:37+08:00,7,180,160,46,50,332,215,167,184,158,66,329,43,202,44,41,33,214,365,182,154,185,65,34,197,176,330,40,38,71,149,210,363,364
2021-06-03 13:47:21+08:00,1
2021-06-03 15:32:01+08:00,366,7,154,365
2021-06-03 16:21:54+08:00,214,160,330,364,66
2021-06-03 18:43:33+08:00,329,215,66,38
2021-06-03 20:06:59+08:00,197,66,38,214,160,34
2021-06-03 20:29:11+08:00,202,197,33
2021-06-03 20:54:31+08:00,196,66,330,215,33,34
2021-06-03 23:15:22+08:00,364,66,38,34,160,65
2021-06-04 10:01:45+08:00,364,34,329,330,72
2021-06-04 15:55:42+08:00,332,214,180,282,66,283,261,217,112,197,160,329,215,33,364,342,260,34,327,218,330,365,343
2021-06-04 22:24:02+08:00,330,202,66,34,329,65,201,215
2021-06-04 23:32:00+08:00,368,330,34,367,364,365
2021-06-05 00:27:49+08:00,182,34
2021-06-05 00:47:59+08:00,34
2021-06-05 09:55:12+08:00,369,2,370,1
2021-06-05 11:42:18+08:00,1,154,149,50,34
2021-06-05 17:03:57+08:00,66,176,181,34,45,160,177,40,371,205,329,1,180,33,204,213,152,154,60,164,369,182,167,42
2021-06-05 17:10:01+08:00,205,34
2021-06-05 22:31:52+08:00,0,1
2021-06-06 09:29:14+08:00,371,372,1,154,196
2021-06-06 09:57:43+08:00,34,180,21
2021-06-06 10:23:25+08:00,167
2021-06-06 10:26:48+08:00,167
2021-06-06 11:04:27+08:00,180,34,167
2021-06-07 14:55:12+08:00,261,327,267,1,180,266,215
2021-06-07 15:08:03+08:00,2,180,149,1,73,7,167
2021-06-07 17:00:57+08:00,215,34,154
2021-06-07 17:07:11+08:00,34,373
2021-06-07 22:54:26+08:00,34,46,180,208,368,38,30,167,187
2021-06-08 10:25:32+08:00,34,368,374,46,187,367
2021-06-08 11:36:16+08:00,374,368,38,34,363,154
2021-06-08 14:58:36+08:00,375,50,34,38,187
2021-06-08 17:11:23+08:00,34,43,154
2021-06-09 10:33:29+08:00,187,180,167,185,34
2021-06-09 16:35:40+08:00,1,34,66,182,47,63,38,377,60,65,33,376,154,55
2021-06-09 21:49:17+08:00,260,34,346,355,356,379,261,38,265,327,351,361,362,297,352,378,296
2021-06-10 10:40:01+08:00,153,176,34
2021-06-10 13:33:24+08:00,329,215,380,66,202,33,34
2021-06-10 15:16:47+08:00,381,65,66
2021-06-10 16:24:01+08:00,7,2,382
2021-06-10 17:22:58+08:00,34
2021-06-10 18:40:32+08:00,34
2021-06-11 19:12:15+08:00,21,176,177,383
2021-06-12 01:34:25+08:00,164,384,389,386,21,165,387,385,388
2021-06-15 18:53:48+08:00,210,38,41
2021-06-17 14:15:44+08:00,21,205,46,390
2021-06-17 14:47:20+08:00,7
2021-06-17 14:57:10+08:00,1,371
2021-06-17 19:45:40+08:00,41
2021-06-17 20:20:27+08:00,389,384
2021-06-21 15:47:11+08:00,384,391
2021-06-21 16:12:56+08:00,260,348,350,261,327,357,356,349,358,347,346,355,265
2021-06-21 19:57:33+08:00,65,33,160,66,389,184,34,391,38,384,167
2021-06-21 21:01:36+08:00,392,33,190
2021-06-22 19:29:39+08:00,389,393,394,384
2021-06-23 15:16:37+08:00,190,38,34,39,55,47,71,167,181
2021-06-24 11:05:13+08:00,395,1
2021-06-24 11:30:01+08:00,210,218,260,38,167,346,261,215,296,297,181,277,282,327,275,276,283,227,34,258,217,180,338,339,259,274
2021-06-29 17:25:30+08:00,33,38,391,174,66,214,65,180,384,388,47,34,389,167,186
2021-06-29 17:35:23+08:00,167,34,389,37
2021-06-29 17:44:22+08:00,167,389,39,34,38
2021-06-29 17:47:17+08:00,38
2021-07-06 20:56:10+08:00,7,2,1
2021-07-07 13:50:00+08:00,149,73,7,2,1
2021-07-08 19:25:01+08:00,650,413,569,633,434,562,411,390,417,539,498,643,560,515,551,663,614,517,536,477,495,508,544,590,567,659,469,497,574,585,543,507,473,474,556,579,615,476,570,427,564,662,601,488,410,464,479,462,461,402,467,485,523,576,602,438,605,532,519,571,407,405,459,640,443,545,671,441,651,589,463,656,561,636,503,504,501,595,648,594,660,534,629,609,492,669,493,428,655,581,499,460,444,645,418,647,555,578,549,397,566,603,430,415,398,673,604,622,452,419,406,634,577,455,449,538,404,528,458,440,403,641,575,553,674,408,657,491,554,426,591,628,414,611,533,618,652,424,613,514,568,572,620,557,432,548,451,442,666,435,627,610,547,598,587,468,588,400,456,390,596,416,522,599,625,676,450,425,472,580,409,422,616,524,480,658,582,573,487,421,617,559,453,521,542,661,668,475,642,471,429,483,624,649,638,530,482,446,667,626,457,489,447,670,637,399,565,644,558,454,623,535,675,506,390,631,665,502,592,513,431,541,546,537,531,448,437,396,612,494,550,466,518,439,540,496,632,639,635,423,597,600,509,593,478,445,654,465,621,505,511,646,619,586,552,401,520,481,583,664,653,525,608,563,516,486,500,412,527,510,607,470,630,584,433,512,436,529,606,672,484,526,490,420
2021-07-08 20:49:03+08:00,587,576
2021-07-08 21:00:12+08:00,677
2021-07-08 21:05:33+08:00,677
2021-07-08 21:30:44+08:00,595
2021-07-09 10:14:34+08:00,432
2021-07-09 11:21:32+08:00,677
2021-07-09 13:41:31+08:00,397,638,677
2021-07-09 14:13:38+08:00,155
2021-07-09 16:12:35+08:00,397
2021-07-09 16:38:31+08:00,678
2021-07-09 16:43:15+08:00,677
2021-07-15 13:38:04+08:00,176,34,55,686,38,355,71,699,46,364,392,65,180,297,177,189,687,694,367,31,296,683,338,692,327,680,197,693,261,684,33,689,695,679,701,14,21,214,30,691,178,63,681,210,1,181,688,187,698,215,682,696,384,389,36,700,66,185,690,702,368,167,339,390,356,390,265,697,195,60,351,685
2021-07-15 15:49:19+08:00,679,54,40,38,55
2021-07-15 18:30:31+08:00,38,368,187,680,367,55
2021-07-15 19:00:23+08:00,645,550,555,703,487
2021-07-17 08:35:46+08:00,365,33,187,203,41,210,704,680,46,707,705,706,167,38
2021-07-17 09:01:15+08:00,38,706,187
2021-07-17 09:03:47+08:00,38
2021-07-17 09:05:47+08:00,38
2021-07-17 09:10:02+08:00,680
2021-07-17 15:23:20+08:00,7,1
2021-07-17 18:02:38+08:00,177,55,389,384,167,176,14,38,680,34,21,393
2021-07-17 18:24:46+08:00,43,38,203
2021-07-19 16:35:15+08:00,38,707,706
2021-07-21 16:30:54+08:00,677
2021-07-21 19:11:34+08:00,260,327,697,698,297,261,296
2021-07-21 19:38:37+08:00,214,708,389,38,680,47,71,167,180,709,40
2021-07-22 11:10:46+08:00,677
2021-07-22 11:27:49+08:00,722,452,538,565,564,563,628,724,715,621,629,713,512,569,627,397,606,479,582,721,522,429,725,636,644,531,723,556,626,559,513,648,601,412,489,592,583,496,716,507,504,545,625,712,579,619,726,719,453,503,603,600,432,486,536,711,727,476,465,501,516,678,607,717,471,573,537,581,419,595,575,591,511,620,558,506,493,568,639,637,553,602,720,714,524,487,586,589,552,718,523,481,562,502,571,710,622,475,640,557,555,492,580
2021-07-23 10:04:49+08:00,728,581,412,568,569,729,563
2021-07-23 10:04:49+08:00,411,731,732,725,633,397,636,730,728,713,568,475,733,711,410,567,390,717,617
2021-07-23 12:48:28+08:00,154,700,210,215,180,189,176,1,7,178,699,46,66,680,364,36,65,261,60,27,25,63,47,187,38,389,185,327,214,177,40,167,71,708,34
2021-07-23 22:24:28+08:00,389,384,38,736,51,187,178,25,40,177,189,156,180,735,195,376,34,55,679,60,17,167,31,21,54,193,680,30,176,154,50,734
2021-07-23 22:45:32+08:00,50,737,41,38,46
2021-07-23 23:09:54+08:00,393,54,683,384,66,738,389
2021-07-24 08:09:58+08:00,167,38,389,680,180
2021-07-24 09:20:32+08:00,41,30,38,680,31,66
2021-07-24 09:36:42+08:00,54,389,34,38,36,167
2021-07-24 13:43:37+08:00,154,38,737
2021-07-24 14:20:25+08:00,38,176,54,34
2021-07-24 14:36:41+08:00,38
2021-07-24 15:22:41+08:00,38,177,739,680
2021-07-24 22:37:42+08:00,187,680,178,38,740,28,180,177,27,189,164,34,390,167,176
2021-07-26 22:29:14+08:00,164,214,178,176,709,177,180,38,167,741,47,186,185,708,680
2021-07-26 22:45:37+08:00,180,176
2021-07-27 13:20:19+08:00,176,167,21,741
2021-07-27 14:08:33+08:00,167,741,21,176
2021-07-27 15:21:09+08:00,34,176,741,178,21,167
2021-07-27 19:01:23+08:00,180,176
2021-07-27 20:31:57+08:00,680
2021-07-27 21:22:18+08:00,741,383,167,737,178,176,180,177
2021-07-27 21:44:00+08:00,180
2021-07-27 23:20:31+08:00,180
2021-07-28 14:03:01+08:00,267,21,680,744,296,327,259,167,210,283,245,180,297,266,743,291,38,290,46,265,261,282,742,244,745,384,258,260,55
2021-07-28 14:27:53+08:00,210,680,181,214,266,368,47,180,261,71,327,741,205,706,296,267,297,260,38,46,383,707,708
2021-07-28 15:18:50+08:00,65,34,180,66
2021-07-28 16:04:51+08:00,383,180,177,167
2021-07-29 19:16:02+08:00,743,178,177,384,385,176,387,167,50,383,742,680,180,327,389,261,391
2021-07-29 19:25:51+08:00,180,66,34,327,65,261,265,742,745,744,743
2021-07-30 10:21:51+08:00,180,178,746,177,167,748,747,389,34,680,36
2021-07-30 10:38:20+08:00,180
2021-07-30 11:31:09+08:00,680
2021-07-30 15:44:03+08:00,34,680,153,167
2021-08-01 13:42:17+08:00,389,707,46,680,163,180,167,737,176,181
2021-08-01 14:23:49+08:00,167,41,38,181
2021-08-01 14:34:27+08:00,180
2021-08-01 14:56:07+08:00,55,38,180
2021-08-01 16:30:38+08:00,178,187,389,176,680,38,167,177,180
2021-08-01 17:38:20+08:00,180,680,167,38,41,55,46,210
2021-08-01 17:38:50+08:00,178
2021-08-01 18:52:49+08:00,380,683,215,180,33,187,681
2021-08-01 19:00:05+08:00,180
2021-08-01 19:04:05+08:00,180
2021-08-01 20:13:41+08:00,749,180,683,681,21,55,380,750,215,33,384,707
2021-08-01 20:47:31+08:00,195,35,40,739,178
2021-08-01 21:09:30+08:00,167,189
2021-08-01 21:23:29+08:00,21,167
2021-08-02 10:17:03+08:00,174
2021-08-02 10:28:42+08:00,38
2021-08-02 10:29:52+08:00,38
2021-08-02 10:39:30+08:00,38
2021-08-02 13:58:59+08:00,736,21,734,38,384,55
2021-08-02 14:05:19+08:00,550,606,780,155,503,762,580,534,537,441,524,636,769,779,767,413,755,774,759,598,600,771,552,582,752,586,562,644,788,538,778,753,772,476,576,620,513,758,766,622,518,475,763,411,776,439,784,603,764,512,781,607,525,601,756,626,569,496,627,452,402,479,770,409,481,775,782,579,773,453,638,536,648,438,414,494,492,584,445,566,507,573,447,504,563,785,545,783,595,768,640,581,583,765,757,561,760,787,446,587,761,777,786,754,498,407,572,571,442,531,637,522,597,523,420,549,751,448,427
2021-08-02 15:47:32+08:00,567,531,155,758,410,731,513
2021-08-02 15:58:23+08:00,789,380,50,679,749,707,681
2021-08-02 16:02:26+08:00,641,155,635,598,616,515,520,490,622,477,539,625,526,623
2021-08-02 16:05:39+08:00,790
2021-08-02 16:07:24+08:00
2021-08-02 16:12:07+08:00,677
2021-08-02 16:45:44+08:00,791,619
2021-08-02 17:00:02+08:00,384,21
2021-08-02 17:11:38+08:00,191,21,174,167
2021-08-02 17:12:53+08:00,21
2021-08-02 17:21:01+08:00
2021-08-02 17:28:08+08:00,792,498,619,419
2021-08-02 17:44:20+08:00,479
2021-08-02 20:32:14+08:00,794,619,636,486,475,501,498,793,792,562
2021-08-03 13:27:59+08:00,21,1,38,789,47,55,795,180,167,160,682,7,384
2021-08-03 13:41:13+08:00,765,619,644,797,595,524,798,768,784,626,648,800,636,799,763,507,503,796,475,525,561,397
2021-08-03 13:48:42+08:00,327,297,296,260
2021-08-03 14:58:19+08:00,210,41,680,55,54,46,38
2021-08-03 15:49:34+08:00,204,41,680,210,38
2021-08-03 17:02:44+08:00,327,38,260,46,297,707,296,210,680
2021-08-03 19:46:34+08:00,648,579,640,427,571,578,581,639,802,772,588,562,568,573,412,413,572,637,801,569,583,803,636,414,582,563,415,577,570
2021-08-03 20:22:07+08:00,537,619,804
2021-08-03 20:34:35+08:00,792,793
2021-08-03 21:50:56+08:00,805,636
2021-08-03 22:59:58+08:00,805
2021-08-03 23:18:22+08:00,805,571
2021-08-04 00:22:13+08:00,806,636
2021-08-04 11:44:57+08:00,809,327,261,807,265,810,808
2021-08-04 11:46:20+08:00,180
2021-08-04 12:57:10+08:00,680,38
2021-08-04 13:23:59+08:00
2021-08-04 13:26:36+08:00,811,812,0
2021-08-04 14:21:35+08:00,389,167,680,190,189,180,193,38
2021-08-04 14:52:34+08:00,775,778
2021-08-04 16:28:10+08:00,583,644,561,636,777,573,781,775
2021-08-04 16:38:33+08:00
2021-08-04 16:40:59+08:00,678
2021-08-04 16:56:28+08:00,714,718,712
2021-08-04 20:25:16+08:00,189,737,50,180,392,167,193,813,195,1
2021-08-06 11:31:09+08:00,734,31,681,58,179,679,191,186,822,196,185,823,177,789,375,180,153,207,30,708,184,819,750,65,749,380,364,214,386,34,189,330,193,385,209,21,814,187,174,1,149,387,393,373,35,740,747,367,746,705,59,820,66,748,195,150,156,208,384,332,175,194,821,173,795,389,158,26,683,61,739,680,391,392,14,368,213,36,41,394,160,682,167,738,178,33,735,704,203,28,813,817,71,210,47,707,205,50,40,55,816,206,176,215,163,154,204,192,54,736,388,200,815,46,38,328,737,27,365,706,366,818,60,181
2021-08-06 11:57:47+08:00,683,66,680,738,364,818
2021-08-06 13:15:46+08:00,680,204
2021-08-07 21:55:10+08:00,817,680,707,30,384,821,21,184,40,824,389,1,55,820,154,195,214,156,194,167,191,189,364,33,38,739,193,192,54
2021-08-07 22:16:28+08:00,38
2021-08-09 10:26:51+08:00,680,167
2021-08-09 16:05:09+08:00,707,368,680,167,365,328,811,38,21,55
2021-08-09 18:38:10+08:00,680,55,21,38
2021-08-10 15:46:23+08:00,38,680,707,704,21,367,167,706,194,736,175
2021-08-10 15:58:00+08:00,817
2021-08-10 18:57:42+08:00,193,167,680,817
2021-08-10 20:23:37+08:00,178,364,680,332,21,55,214,167,163,34,38,193,14,389,200
2021-08-11 14:32:40+08:00,31,38,54,332,30,680,21,384,50,55
2021-08-11 16:08:04+08:00,817,680
2021-08-11 16:40:41+08:00,167
2021-08-11 17:03:48+08:00,680,167
2021-08-11 21:01:38+08:00,748,746,193,817
2021-08-11 22:42:27+08:00,55,21
2021-08-12 10:12:49+08:00,825,397,557,635,601,417,507,493,573
2021-08-12 12:23:52+08:00,817,34
2021-08-12 12:52:56+08:00,817,680,38
2021-08-12 15:25:59+08:00,707
2021-08-12 15:31:01+08:00,680
2021-08-12 15:33:12+08:00,680
2021-08-12 15:43:40+08:00,680
2021-08-12 16:39:08+08:00,817
2021-08-12 16:43:05+08:00,368,707
2021-08-12 17:30:41+08:00,680,38
2021-08-13 13:13:30+08:00,55,817,1
2021-08-14 12:19:00+08:00,47,746,30,181,210,739,160,40,205,214,380,149,27,7,332,738,393,187,31,71,707,179,708,706,364,167,817,387,389,330,33,680,28,60,1,795,38,177,41,818,175,178,204,200,34,174,185,208,209,176,789,46,683,66,736,391,173,328
2021-08-14 14:12:32+08:00,34,389,7,707,789,177,683,181,38,1,160,817,167,187,738,680,176,40,178
2021-08-14 16:17:28+08:00,7,1
2021-08-14 16:28:33+08:00,7,1
2021-08-15 13:27:32+08:00,149,1,154
2021-08-15 13:39:51+08:00,811
2021-08-15 14:16:45+08:00,817
2021-08-15 14:31:22+08:00,364,34,817
2021-08-15 15:02:14+08:00,155,1
2021-08-15 15:07:47+08:00,1
2021-08-15 15:45:38+08:00,38,55,173,1,34,21
2021-08-15 16:05:42+08:00,34,816,680,33
2021-08-15 16:18:43+08:00,680
2021-08-16 10:41:23+08:00,680
2021-08-16 15:04:42+08:00,817
2021-08-16 20:58:03+08:00,818,696,695,332,693,680,261,327,694,275,700,702,699,701,364,278,274,279,167
2021-08-16 21:09:56+08:00,389,55,192,21,193,194,38,736,167,817,384
2021-08-17 10:29:11+08:00,55,180,817,815,21
2021-08-17 11:12:00+08:00,38
2021-08-17 11:23:48+08:00,817,38,389,193,55,194,384,21,192,167,736
2021-08-17 14:50:17+08:00,7,737,38
2021-08-17 15:45:39+08:00,34,816
2021-08-17 19:24:00+08:00,389,177,181,789,167,178,187,176,683,680,7,34,811,707,738,38,1,160,817,40
2021-08-17 19:32:04+08:00,380,750
2021-08-18 13:38:05+08:00,680
2021-08-18 14:06:38+08:00,167,34
2021-08-18 15:46:22+08:00,41,38,149
2021-08-18 16:43:28+08:00,34,66
2021-08-18 17:14:36+08:00,453,452
2021-08-18 18:09:33+08:00,35,680,55,384,65,178,38,389,167,66,21,34
2021-08-18 18:37:04+08:00,46
2021-08-18 18:39:20+08:00,46
2021-08-18 19:29:09+08:00,637,558
2021-08-18 21:09:20+08:00,178,1
2021-08-18 21:43:54+08:00,189,194,195,820,149
2021-08-18 22:19:30+08:00,554,496,563,464,622,596,475,402,558,507,504,503,481,476
2021-08-19 12:41:19+08:00,368,41,824,826
2021-08-19 13:05:37+08:00,817,680
2021-08-19 13:34:31+08:00,177,178,181,817,680,167,176
2021-08-19 14:52:14+08:00,811
2021-08-19 15:01:59+08:00,811
2021-08-19 15:36:09+08:00,811
2021-08-19 17:11:52+08:00,7,811,34,1
2021-08-19 17:24:32+08:00,34
2021-08-19 17:47:54+08:00,167
2021-08-19 18:53:33+08:00,817,167,38,389,680
2021-08-19 19:28:41+08:00,811,827
2021-08-19 23:25:17+08:00,747,177,180,828,817,167,36,192
2021-08-20 13:27:37+08:00,34,830,829,1
2021-08-20 15:01:04+08:00,1
2021-08-20 15:06:35+08:00,817,167
2021-08-20 15:19:03+08:00,1
2021-08-20 15:39:58+08:00,680
2021-08-20 18:39:21+08:00,73,1
2021-08-21 00:00:54+08:00,38
2021-08-21 09:06:09+08:00,38
2021-08-21 09:19:59+08:00,38
2021-08-21 10:01:47+08:00,38,680,194,40,167,389
2021-08-21 10:14:46+08:00,194,21,38,192,736,817,384,389,193,167,55
2021-08-21 10:37:44+08:00,680,38
2021-08-21 10:45:45+08:00,38,73,1,149,7
2021-08-21 11:04:10+08:00,811
2021-08-21 15:11:23+08:00,38
2021-08-21 19:36:07+08:00,812,827,831,811,829,817,832
2021-08-21 20:23:49+08:00,817,149,833
2021-08-21 20:56:29+08:00,193,180,817,167
2021-08-22 16:08:31+08:00,389,824,704,680,706,679,38,384,187,194,167,835,834,365,193,817
2021-08-22 16:19:24+08:00,33,817
2021-08-22 17:00:27+08:00,210,364,38,167,41,817,705,706,156,380,204,33
2021-08-22 18:03:09+08:00,210,680,706,46,38,817,682,368,707
2021-08-22 20:49:59+08:00,167,180,680,193,389,38,817,834
2021-08-23 16:37:43+08:00,817,38,707,167,708,836,824,71,367,181,194,40
2021-08-23 17:40:10+08:00,707,705,187,706,680,38,368
2021-08-23 19:26:56+08:00,38,817
2021-08-23 19:41:58+08:00,155
2021-08-23 21:08:45+08:00,419,581,639,0,588,427,407,757,432,507,562,837,441,840,494,756,647,503,481,420,415,561,841,839,569,838,576,525,579,524,587,577,773,496,479,842,802,786,768
2021-08-23 21:14:12+08:00
2021-08-23 21:18:40+08:00
2021-08-23 22:53:40+08:00,829,789,154,204,817,34,371,1
2021-08-24 10:12:39+08:00,680,817,167,187,34
2021-08-24 14:48:59+08:00,38,828,816,680,21,34,747,789,35,817,388
2021-08-24 14:52:16+08:00,34
2021-08-24 14:52:55+08:00,567,712
2021-08-24 15:59:39+08:00,828,167,47,38
2021-08-24 17:02:23+08:00,34,38,35,65,817,816
2021-08-24 18:46:57+08:00,817,38,192,163,193,167
2021-08-24 18:51:46+08:00,622,481,496,562,443,479,825
2021-08-24 21:02:26+08:00,189,192,156,821,843,680,820,817,824,826,193,194,50,167,738,681,389,38,836,195
2021-08-25 10:35:17+08:00,509,569
2021-08-25 14:05:03+08:00,55,846,192,389,167,384,189,194,680,154,845,193,844,824,38,33,817,21,834
2021-08-26 14:04:20+08:00,371,816,849,846,180,795,38,158,160,824,380,848,680,847,193,34,153,167,822,192,789,1,194,850
2021-08-26 14:12:05+08:00,41
2021-08-26 15:23:42+08:00,149,41,34,154,213,65,1,59,737,7,824
2021-08-26 17:16:54+08:00,210
2021-08-26 17:46:14+08:00,210
2021-08-26 18:55:19+08:00,41,38
2021-08-26 19:11:17+08:00,368,707
2021-08-26 21:05:19+08:00,851,204
2021-08-27 10:16:10+08:00,816,851
2021-08-27 11:46:07+08:00,852,192,824,816,167
2021-08-27 13:47:54+08:00,817,193,853,748,167,854,824,192
2021-08-27 14:41:12+08:00,855,200
2021-08-27 15:06:53+08:00,829
2021-08-27 15:12:53+08:00,830,829
2021-08-27 15:56:00+08:00,706,38,187,707
2021-08-27 16:44:19+08:00,441
2021-08-27 23:10:04+08:00,857,856,34,366,680,707,38
2021-08-28 09:11:06+08:00,38,680,167
2021-08-29 11:44:24+08:00,858,736
2021-08-29 18:02:46+08:00,38
2021-08-29 19:21:08+08:00,816,35,680,178,852,38,34,820,14,679
2021-08-29 20:02:39+08:00,680,38,66,167,364
2021-08-30 10:26:59+08:00,680,844,30
2021-08-30 13:07:54+08:00,34,30,31,679
2021-08-30 13:37:38+08:00,167
2021-08-30 15:57:17+08:00,562,573,507,803,619,503,390,579,772,445,859,566,773,580,524,432
2021-08-31 11:25:37+08:00,816
2021-08-31 17:41:18+08:00,504,402
2021-09-01 17:31:57+08:00,683,747,680,210,828,38
2021-09-02 16:04:31+08:00,817,860,178,176,683,177
2021-09-03 00:08:50+08:00,817
2021-09-03 00:14:59+08:00,177
2021-09-03 00:56:54+08:00,1
2021-09-03 10:45:16+08:00,47,828
2021-09-03 13:09:48+08:00,214,247,845,240,296,687,267,275,216,844,260,681,193,228,279,55,38,273,21,229,287,261,192,297,707,264,209,338,346,246,258,241,236,299,167,272,680,227,278,686,371,339,824,300,274,266,95,259,327,235,817,33
2021-09-03 13:14:36+08:00,174,38,811
2021-09-03 13:23:18+08:00,21,55
2021-09-03 13:24:02+08:00,21
2021-09-03 14:43:45+08:00,47
2021-09-03 17:30:27+08:00,680,71,38,739,40,158,154
2021-09-03 18:38:25+08:00,40,71
2021-09-03 19:42:45+08:00,180,193,853,167,817,854,177,828,747
2021-09-03 19:51:05+08:00,817
2021-09-03 20:13:47+08:00,817
2021-09-03 20:30:57+08:00,193,34,192,36,707,816,680,852,35,834,817,33
2021-09-03 20:39:29+08:00,680
2021-09-03 20:57:02+08:00,167,817,21
2021-09-03 22:17:58+08:00,167,38,680,177,176,817
2021-09-04 00:18:00+08:00,862,860,34,33,167,857,824,707,817,680,185,371,834,66,861,387,50,38,203
2021-09-05 11:00:07+08:00,33,817,194,189,192,193,820,167,21,178,816,38,860,680,35,55,34
2021-09-06 10:51:57+08:00,681
2021-09-06 15:10:42+08:00,737,824,41,851
2021-09-07 15:38:29+08:00,7,1,811
2021-09-07 16:13:08+08:00,177,178,176
2021-09-07 17:12:53+08:00,178
2021-09-07 17:29:48+08:00,178
2021-09-07 19:18:08+08:00,863,829
2021-09-07 19:47:02+08:00,830
2021-09-07 20:10:51+08:00,155
2021-09-07 20:20:54+08:00,852,38,21,706,55,207,187,154,869,365,865,834,210,33,192,867,845,704,864,870,817,167,868,194,866,36,680,366,367,857,193
2021-09-08 15:44:32+08:00,857,187,817,870,167,38
2021-09-08 16:14:38+08:00,871,390,824
2021-09-08 19:43:40+08:00,872,41,1,826
2021-09-08 21:14:15+08:00,180,817,167
2021-09-08 23:18:35+08:00,178,176,177,860,817
2021-09-09 13:36:42+08:00,737,178,873,681
2021-09-09 13:45:25+08:00,873
2021-09-09 14:01:01+08:00,829,870
2021-09-09 19:01:27+08:00,236,265,700,258,264,297,222,38,699,874,223,876,877,875,296,21,824,95,260,235,259,261,112,145,697,230,155,327,698,680,227,175,181,228,167,194,691,692,287
2021-09-09 19:27:19+08:00,66,872,34,65,35,680
2021-09-09 19:41:08+08:00,680
2021-09-09 19:50:06+08:00,680
2021-09-09 20:20:09+08:00,680
2021-09-09 20:37:42+08:00,680
2021-09-09 21:15:54+08:00,680,33
2021-09-09 22:48:33+08:00,167,680,38
2021-09-09 23:03:34+08:00,680
2021-09-09 23:10:01+08:00,681
2021-09-10 08:37:25+08:00,1
2021-09-10 13:45:20+08:00,878,167,680
2021-09-10 14:12:45+08:00,680
2021-09-10 14:17:41+08:00,34
2021-09-10 15:10:14+08:00,372
2021-09-10 16:17:51+08:00,364
2021-09-10 17:27:36+08:00,177
2021-09-11 14:53:46+08:00,33,191,21,879,174,189,55,38
2021-09-11 15:23:24+08:00,167
2021-09-13 14:25:48+08:00,873
2021-09-13 20:31:50+08:00,805,639,498,412,778,531,518,644,413,786,782,767,781,771,633,569,570,444,443,799,766,596,571,803,432,568,583,603,538,880,507,512,573,783,445,763,784,601,777,453,715,648,768,572,586,579,779,582,765,513,775,552,537,523,442,773,562,452,451,515,441,758,802,525,543,414,481,800,764,524,806
2021-09-14 10:59:32+08:00,828
2021-09-14 21:10:16+08:00,38,55
2021-09-15 13:08:53+08:00,186
2021-09-15 17:19:14+08:00,817
2021-09-15 17:34:41+08:00,791,885,882,390,397,886,727,805,763,507,566,475,778,496,503,806,487,638,390,603,802,445,884,619,772,881,602,762,712,883,773,859,524,625,481,592,803,589,601,432
2021-09-15 20:30:52+08:00,828
2021-09-15 21:12:39+08:00,46,210,870,41,866,862
2021-09-16 13:24:53+08:00,828
2021-09-16 14:02:52+08:00,602,794,731,887,432,889,888,562,390,730,595,567,475,806,491,733,486,886,619
2021-09-16 14:04:53+08:00,680
2021-09-16 16:34:56+08:00,487
2021-09-17 11:01:13+08:00,817
2021-09-17 12:48:43+08:00,817,167
2021-09-17 12:51:54+08:00,817
2021-09-17 13:11:47+08:00,47
2021-09-17 13:58:00+08:00,680,38,834,817,167
2021-09-17 14:48:58+08:00,817,167
2021-09-17 23:03:43+08:00,894,562,803,897,413,891,639,568,892,895,768,414,524,805,412,579,896,802,890,570,806,525,893,636,648,507,572
2021-09-17 23:10:40+08:00,884
2021-09-17 23:14:04+08:00,562
2021-09-18 10:03:21+08:00,507
2021-09-18 13:17:56+08:00
2021-09-18 13:51:16+08:00,898,817
2021-09-18 14:55:19+08:00,900,38,899
2021-09-18 15:30:00+08:00,680
2021-09-18 17:51:14+08:00,680,38,817
2021-09-19 21:22:21+08:00,677
2021-09-19 21:43:03+08:00,677
2021-09-19 21:50:46+08:00,677
2021-09-19 21:53:50+08:00,677
2021-09-22 14:40:31+08:00,36,680,869,852,34,865
2021-09-22 14:55:21+08:00,865
2021-09-22 15:52:06+08:00,33
2021-09-22 15:56:34+08:00,817
2021-09-22 16:33:25+08:00,419,569,576,438,412,903,902,581,429,479,904,901,568,587,498,577,507
2021-09-22 16:42:35+08:00,639
2021-09-22 17:14:26+08:00,588,577,429
2021-09-23 10:44:29+08:00,857,870
2021-09-23 13:15:06+08:00,680
2021-09-23 14:37:03+08:00,427,543,579,522,556,474,492,423,777,425,533,407,710,524,894,583,759,416,417,753,882,414,578,547,539,529,541,546,562,601,885,773,883,525,410,530,584,390,588,586,545,751,536,839,490,888,528,518,489,397,880,496,569,762,714,538,445,526,540,537,531,570,544,582,519,636,494,764,766,573,765,499,420,581,572,779,411,603,418,523
2021-09-23 14:56:49+08:00,208
2021-09-23 16:14:52+08:00,775
2021-09-23 20:54:35+08:00,414,572
2021-09-24 21:38:40+08:00,7,1,149,73
2021-09-25 12:30:07+08:00,155
2021-09-25 13:22:01+08:00,7
2021-09-25 22:28:31+08:00,155,905,1,7
2021-09-25 22:29:19+08:00,905,73,7,149,1
2021-09-26 11:28:15+08:00,909,907,562,773,509,522,404,412,571,801,776,524,779,769,771,525,910,407,770,422,772,805,560,535,802,583,507,768,775,568,639,581,441,803,578,419,427,908,398,906,579,569,415,587,783,573,576,784,580
2021-09-26 12:07:48+08:00,525,524,507,768
2021-09-26 12:22:15+08:00,34
2021-09-26 15:11:47+08:00,66
2021-09-26 17:03:35+08:00,507
2021-09-26 17:21:44+08:00,778,775
2021-09-26 21:48:14+08:00,887,884,727,888,881
2021-09-27 12:43:35+08:00,66
2021-09-27 13:08:11+08:00,46
2021-09-27 15:36:41+08:00,727,884,881
2021-09-28 20:50:11+08:00,718,715,468,573,842,406,602,897,556,416,407,601,572,427,784,787,914,638,777,621,445,538,543,534,499,805,901,904,536,632,731,896,409,783,515,411,792,793,422,753,587,799,582,802,773,446,486,762,487,911,544,913,542,859,571,518,641,915,439,584,479,540,566,567,643,894,907,578,415,775,529,581,569,629,443,580,779,625,778,728,603,568,512,733,903,417,447,425,838,525,532,471,539,786,794,806,438,763,841,906,442,528,764,535,640,804,644,501,496,788,891,472,489,839,774,547,912,419,771,477,507,889,732,772,639,579,428,752,448,519,492,577,583,756,785,768,493,410,781,570,724,890,441,588,491,552,562,766,474,623,418,449,776,791,429,770,524
2021-09-28 13:06:16+00:00,775
2021-09-28 21:36:32+08:00,442,573,507
2021-09-30 03:43:24+00:00,443,445,492,507,441
2021-09-30 04:36:57+00:00,507
2021-09-30 05:05:16+00:00,507
2021-09-30 05:09:45+00:00,507
2021-09-30 05:24:26+00:00,509
2021-10-01 20:46:44+08:00,453,648,918,629,515,452,451,450,562,537,919,920,921,917,601,432,916
2021-10-02 16:04:06+08:00,925,919,507,920,928,916,929,443,926,924,918,923,922,927,917
2021-10-02 09:41:09+00:00,838,841,839
2021-10-02 12:08:50+00:00,825,509
2021-10-03 02:58:20+00:00,432
2021-10-08 10:38:19+08:00,199
2021-10-08 10:55:27+08:00,296,230,265,680,874,145,260,279,297,844,262,875,38,278,261,221,930,199,390,263,117,224,834
2021-10-08 03:07:05+00:00,579,582,562,581,451,571,443,769,583,522,452,573,569,453,507
2021-10-08 11:11:52+08:00,817
2021-10-08 03:44:19+00:00,799
2021-10-08 14:31:01+08:00,55,194,869,816,38,34
2021-10-08 15:46:18+08:00,1,931,681,820,30,932,31,826
2021-10-08 16:15:21+08:00,34,680
2021-10-08 16:36:56+08:00,680
2021-10-08 17:34:06+08:00,680,167,34
2021-10-08 13:37:10+00:00,939,936,940,916,933,937,935,941,934,938,927
2021-10-09 11:01:13+08:00,680
2021-10-09 14:46:23+08:00,155
2021-10-09 16:06:35+08:00,38,155
2021-10-11 14:35:30+08:00,946,265,699,845,192,824,696,948,680,167,701,698,844,194,943,944,261,327,949,945,872,942,700,38,66,351,687,686,35,947,34,688,693,65,697,695
2021-10-11 18:58:14+08:00,870,167,38,680
2021-10-12 16:03:39+08:00,34,167,192,46,834,680,210,870,817,36,33,852,193
2021-10-12 09:34:58+00:00,444,509,397
2021-10-13 14:42:56+08:00,579,552,538,452,768,525,512,507,524,562,537,397,453
2021-10-13 08:25:16+00:00,569
2021-10-13 17:46:36+08:00,862,38,167,192,817
2021-10-13 18:35:47+08:00,824,192
2021-10-14 11:15:15+08:00,680,71
2021-10-14 11:33:13+08:00,680,167
2021-10-14 14:06:15+08:00,834
2021-10-14 07:00:31+00:00,677
2021-10-14 15:05:32+08:00,677
2021-10-14 18:52:41+08:00,46
2021-10-15 11:40:13+08:00,870
2021-10-15 13:30:32+08:00,149,905,1,73,7
2021-10-15 15:54:15+08:00,680
2021-10-15 15:55:54+08:00,73,7,1,149,905
2021-10-15 16:19:53+08:00,101,265,263,297,262,279,278,261,948,327,947,296
2021-10-18 11:36:23+08:00,950,951
2021-10-18 12:06:58+08:00,721,916,914,555,566,763,503,516,839,445,427,935,552,474,543,641,728,725,406,837,783,647,729,719,577,771,918,510,773,758,793,414,404,567,910,571,757,465,472,923,502,417,650,752,804,912,629,515,926,541,730,429,425,939,556,540,428,889,801,588,779,483,545,761,921,466,796,778,782,538,842,561,840,535,954,715,902,509,825,892,415,420,410,764,446,633,560,490,951,494,493,619,562,625,523,416,442,572,578,580,448,805,473,484,732,491,887,751,401,426,582,643,513,774,438,626,800,733,631,644,579,762,777,938,589,492,888,537,955,922,881,794,539,507,953,917,928,481,532,784,925,628,941,776,883,799,467,714,710,592,934,449,648,753,896,639,570,903,569,439,724,418,756,806,765,859,409,759,593,514,576,920,803,635,583,587,471,786,443,885,518,791,553,528,498,486,913,411,919,766,444,524,798,479,422,622,640,424,882,636,723,731,477,909,489,621,895,534,787,487,792,929,573,529,441,603,617,430,769,526,907,924,602,893,536,496,586,904,601,718,547,841,785,884,468,933,908,447,499,423,797,525,501,936,512,469,940,584,727,891,638,542,911,623,475,450,768,530,781,546,568,594,775,413,897,533,581,544,419,522,952,557,767,519,770,906,616,595,712,894,838,407,550,531,772,788,890,412,802,901,927,937,632,517
2021-10-18 04:13:58+00:00
2021-10-18 13:30:39+08:00,768,568,893,486,889,640,631,783,547,913,838,534,535,429,775,465,647,907,712,573,406,771,632,415,513,917,805,902,784,936,729,560,753,643,445,639,538,787,540,519,472,794,467,767,468,791,601,571,825,908,541,892,484,531,490,426,410,622,483,477,407,592,629,494,759,888,929,937,579,912,785,648,804,801,412,587,883,439,914,427,418,530,774,884,616,786,473,414,529,533,420,940,901,925,580,635,544,895,762,887,570,839,928,567,536,793,730,428,802,562,764,621,938,489,576,756,552,446,792,479,765,628,782,566,441,516,577,409,890,934,714,769,896,939,444,442,422,788,638,582,897,550,603,641,569,715,466,525,723,512,910,507,493,803,926,770,524,915,758,923,911,625,772,545,894,413,718,921,776,903,919,588,515,449,517,526,443,498,941,727,841,496,584,423,492,481,555,514,920,546,800,471,731,781,904,501,419,779,799,733,763,732,918,881,448,773,933,891,842,543,922,766,499,644,583,532,594,518,447,859,581,906,416,623,752,528,502,586,777,509,487,710,806,885,924,425,757,417,523,935,537,728,411,882,578,724,572,510,539,761,602,522,556,778,751,474,491,542
2021-10-18 13:49:41+08:00,397
2021-10-18 15:58:12+08:00,447,446,444,902,443,448,449,442,439,445,441
2021-10-18 19:35:37+08:00,572,583,414,779,783
2021-10-19 03:52:47+00:00,569
2021-10-20 10:01:15+08:00,562
2021-10-20 02:10:48+00:00,562
2021-10-20 17:42:57+08:00,838
2021-10-21 10:50:57+08:00,838,839,562,579
2021-10-21 12:50:49+08:00,569,581,443
2021-10-21 12:52:58+08:00,573,892,803,806,805,799,467,771,884,890,768,592,885,639,802,562,524,525,616,507,727
2021-10-21 16:41:26+08:00,155
2021-10-21 18:41:13+08:00,727,956,885,592,481,507,838,957,561,958,569,773,496
2021-10-22 14:13:24+08:00,957,481,838,569,496
2021-10-22 18:17:10+08:00,481,838,569,773,496
2021-10-25 11:03:11+08:00
2021-10-25 11:35:58+08:00,727
2021-10-25 11:49:37+08:00,762
2021-10-25 13:06:53+08:00,773
2021-10-25 13:15:52+08:00,178,870,679,860
2021-10-25 13:26:49+08:00,866
2021-10-25 15:57:12+08:00,419,438,772,959,479,498,960,569
2021-10-25 17:01:36+08:00,772
2021-10-25 17:04:08+08:00,911,772
2021-10-25 19:43:14+08:00,773,911,838,772,481,957,569,496
2021-10-25 20:27:50+08:00,588,496,569,581,481,577
2021-10-26 19:28:10+08:00,680
2021-10-27 20:05:23+08:00,869,865
2021-10-27 20:44:31+08:00,870,857,328
2021-10-28 10:56:32+08:00,902,569,481,496
2021-10-28 13:11:57+08:00,839,523,767,764
2021-11-11 21:13:04+08:00,1
2021-11-13 12:48:04+08:00,905,73,1,7,149
2021-11-17 15:52:38+08:00,199
2021-11-17 15:58:11+08:00
2021-11-17 16:25:46+08:00,155
2021-12-29 13:22:59+08:00,178
2022-01-07 10:59:49+08:00,817
2022-02-11 21:57:45+08:00,390,961,970,964,965,963,966,967,962,972,968,971,390,969
2022-02-12 15:21:35+08:00,155,390,973,963
2022-02-12 15:32:08+08:00,155
2022-02-15 11:29:56+08:00,993,975,1001,961,978,979,974,983,996,971,999,997,998,972,994,988,991,966,981,969,985,986,987,995,976,990,977,982,992,1000,980,963,984,0,989
2022-02-18 15:05:05+08:00,982,1003,987,1014,1016,1005,975,1009,1004,1017,980,1011,1006,1010,155,991,1007,1019,977,1015,1012,1008,1018,1002,1013
2022-02-18 16:01:37+08:00,1018
2022-02-20 20:59:58+08:00,1017,1009,1018,1020,1021,976,1002,1011,1022
2022-02-20 21:02:58+08:00,1023,1025,0,1024
2022-02-21 11:34:46+08:00,1026,1028,969,1027
2022-02-21 13:15:56+08:00,1002,390,155,1021
2022-02-21 13:16:57+08:00,1028,1026
2022-03-10 11:27:40+08:00,507,562,1030,443,636,892,1029,897,895,893,890,896,1032,445,894,891,1031
2022-03-10 19:19:33+08:00,1033
2022-03-21 15:40:36+08:00,390,870
2022-03-21 19:38:14+08:00,865,869
2022-04-06 17:09:08+08:00,149,789,73,7,905,1
2022-05-20 17:01:16+08:00,913,1061,904,783,525,439,446,773,471,1042,538,1043,579,1047,960,763,728,573,1072,1062,774,1053,498,777,581,562,1071,1044,1069,448,432,438,541,513,771,1049,710,633,586,753,576,423,515,957,772,729,580,473,1040,901,569,1078,903,1037,914,1055,1031,1074,902,547,1065,512,768,769,539,474,584,398,787,403,1029,483,577,1066,449,1052,1063,1077,1076,1048,956,475,531,496,443,911,561,533,415,775,731,0,535,481,537,514,492,451,1039,1057,1059,560,450,1041,472,1036,776,1064,912,552,909,788,566,588,1060,429,545,567,758,536,907,752,910,1058,1050,544,542,1030,1056,447,1067,1054,1073,507,958,1079,928,959,583,1051,1038,1045,1075,524,518,522,725,778,404,523,1046,1068,1035,1070,1034
2022-05-24 09:19:08+08:00,1082,525,507,583,580,1081,783,771,1080,573,1083,524
2022-05-30 15:04:33+08:00,1081,1088,580,581,1048,1049,507,1087,569,1085,432,1086,1080,583,523,1077,518,576,1034,1076,1072,1062,1091,1092,1089,1082,1037,1084,725,1090
2022-05-30 15:07:32+08:00,677
2022-06-12 19:44:51+08:00,680
2022-06-13 11:22:46+08:00,38
2022-06-13 16:05:06+08:00,167
2022-06-15 08:34:20+08:00,167
2022-06-17 16:09:51+08:00,390
2022-06-17 16:15:43+08:00,390
2022-06-17 18:25:34+08:00,670,448,560,567,908,535,1071,796,910,886,553,903,951,752,592,906,712,758,449,446,904,825,426,1058,730,1053,1043,573,525,542,526,1068,1064,589,543,1037,958,451,921,503,490,436,475,652,909,1030,496,766,532,882,1044,431,450,1072,1089,950,1090,917,1078,584,588,486,1054,557,935,406,914,1091,530,501,771,499,959,715,1040,562,887,397,1038,933,925,923,547,1056,515,1073,0,769,465,468,474,1035,956,579,1051,580,1074,1063,790,915,432,473,1050,513,907,576,1049,1088,753,528,1077,763,960,725,928,751,926,1036,469,583,400,1059,544,678,1084,884,775,937,531,1045,423,1082,428,788,798,1083,781,396,890,1070,633,1060,522,729,731,777,510,533,953,765,1048,1029,447,920,537,1066,523,924,1076,754,1085,1067,885,415,484,916,411,653,918,1041,770,438,895,417,669,934,398,483,467,538,529,404,403,888,491,545,552,577,466,1080,416,774,1047,509,1087,471,883,797,1039,922,782,561,787,493,435,439,472,1075,555,477,1031,481,556,1069,902,657,489,672,955,1079,728,518,512,1061,586,1042,919,710,952,155,783,936,569,778,487,761,514,891,881,546,776,1046,901,1086,502,755,1052,1057,410,938,714,536,1062,399,433,1055,524,581,429,541,893,894,507,1065,539,418,1081,1092,498,492,892,443,768,957
2022-06-17 18:25:46+08:00,1002,1025,975,1016,1015,979,976,1023,1027,1017,1003,972,1094,1024,963,977,1026,1011,964,1004,1005,994,1028,996,992,966,970,1009,988,986,1013,1020,1018,974,978,995,973,1019,983,1093,961,997,968,990,965,980,971,989,969,985,1006,1021,991,1000,993,981,1022,1012,999,967,998,987,1007,982,1014,1010,984,1001,1008,962
2022-06-17 18:26:11+08:00
2022-06-17 18:26:29+08:00
2022-06-17 18:27:32+08:00,1095
2022-06-17 18:30:11+08:00,677
2022-06-17 18:31:49+08:00
2022-06-18 04:44:51+08:00,1096
2022-06-18 04:45:13+08:00
2022-06-18 04:47:00+08:00,1033
2022-06-18 04:47:40+08:00
2022-06-18 04:52:34+08:00,1033
2022-06-18 04:57:06+08:00,1033
2022-06-18 05:11:40+08:00,1098,1097
2022-06-18 05:22:03+08:00,1101,1119,1126,1136,1100,1104,1122,1135,1116,1117,1115,1103,1125,1098,1138,1137,1121,1130,1106,1134,1129,1118,1111,1131,1124,1112,1114,1123,1113,1110,1133,1132,1099,1120,1108,1105,1128,1107,1102,1127,1109
2022-06-18 05:28:48+08:00,332,930,287,263,351,348,34,811,333,271,196,346,47,866,843,259,73,293,388,682,944,1096,738,372,95,149,821,156,272,705,230,249,106,181,743,875,154,706,683,267,789,863,900,31,192,208,870,40,242,845,277,173,878,189,93,234,846,217,693,240,219,815,274,246,248,366,854,835,296,58,160,241,77,176,270,746,853,696,46,193,680,158,708,844,220,349,50,228,812,163,280,739,221,816,679,117,224,367,750,71,207,204,35,823,200,278,860,55,899,295,836,339,215,822,704,214,206,948,945,59,41,38,686,258,247,931,371,60,946,282,858,7,238,857,338,265,742,291,30,364,28,101,949,289,187,700,174,877,380,833,850,223,235,225,342,699,290,236,88,817,830,355,879,97,112,229,745,297,203,698,269,735,226,862,869,145,851,357,701,175,184,350,283,275,868,153,185,284,734,852,358,687,33,66,194,1,905,65,747,942,947,818,871,872,205,824,826,736,943,876,21,855,260,829,195,262,264,281,87,276,341,218,873,387,54,834,340,874,697,744,36,243,285,213,748,681,343,209,273,210,222,266,865,178,688,365,261,848,356,740,294,347,279,292,227,847,191,932,177,328,828,268,186,898,288,849,795,330,864,695,27,180,820,26,167,814,749,61,737
2022-06-18 05:29:30+08:00
2022-06-18 07:21:00+08:00,209,818,1113,1152,1176,1143,1150,1130,1116,1203,31,1193,59,1177,1149,1172,1206,200,1126,708,1175,1103,900,332,163,1160,1181,1185,1107,1205,705,1140,746,1119,1131,1133,815,1197,1190,1139,1171,1163,1188,1153,1195,1187,1137,811,1183,1192,330,1101,1202,1129,1170,1157,1161,683,1104,1184,175,1110,1145,1146,1178,1144,1147,1191,1141,1179,681,1099,1164,1208,207,208,154,1105,1156,1210,1097,1174,1124,1211,1182,835,1111,1158,1159,1134,873,186,1108,1142,203,1198,1132,1173,1168,213,1166,1209,1200,1121,1165,1155,1199,1151,899,829,1102,1167,153,1100,1154,1186,1112,1196,1128,1207,750,1201,1098,1138,1148,1194,1180,1204,1162,1169,1189
2022-06-18 07:43:32+08:00
2022-06-18 07:45:36+08:00,1212
2022-06-18 07:45:48+08:00
2022-06-18 08:03:05+08:00,1213
2022-06-18 11:03:25+08:00,1202,1098,677
2022-06-18 11:05:45+08:00
2022-06-18 11:34:06+08:00,1033
2022-06-18 11:36:00+08:00,677
2022-06-18 12:02:45+08:00,1216,1215,1213,1214
2022-06-18 12:37:16+08:00,1217
2022-06-18 18:33:55+08:00,1145,1119,681,186,1175,1141,1155,332,1174,1151,1166,1162,1153,1143,1148,1159,1100,330,1202,1194,835,811,175,213,1198,1138,1161,209,1181,1190,1199,1207,1147,1208,1176,1102,1170,818,1098,1139,1221,1195,1209,1144,1149,1178,1158,1121,1172,203,200,1201,1168,1189,1112,705,1113,1191,1185,1203,829,1186,873,1200,1218,1184,1204,1150,1103,746,154,207,1180,1107,1164,1160,1196,1152,1165,1211,1192,1173,1197,1154,1183,708,208,1146,1206,1142,1099,163,1182,1219,1205,1217,153,1177,1163,1187,1179,59,1157,683,1171,1220,1137,1167,1210,31,1193,1188,1169,750,1156
2022-06-19 09:36:55+08:00,1165
2022-06-19 13:58:03+08:00,1100,1143,1111,1099,1134,1130,1112,1113,1107,815,1174,1105,1110
2022-06-19 17:36:32+08:00,1138,1098
2022-06-19 17:43:01+08:00,1098,1138,1097,1218
2022-06-20 13:54:58+08:00,1111,1107,1131,1174,1213,1140,1130,1113,1116,1099,1112,1128,1101,1134,1129,1132,1126,1110,1139
2022-06-20 14:45:51+08:00,1217,1218,1095,1098
2022-06-21 00:25:42+08:00,1216,1214,1215
2022-06-21 00:28:46+08:00,928
2022-06-21 19:22:33+08:00,1037,1216,1214,1215,397
2022-06-22 19:50:22+08:00,1214
2022-06-22 20:16:33+08:00,1180
2022-06-22 23:25:06+08:00,1224,1225,1222,1223
2022-06-22 23:37:43+08:00,1224
2022-06-22 23:39:46+08:00,1225
2022-06-23 10:30:46+08:00,1224
2022-06-23 10:34:23+08:00,1214
2022-06-23 16:29:33+08:00,1165,1156,1160
2022-06-23 16:56:16+08:00,1224,1217
2022-06-23 17:04:47+08:00,1217
2022-06-23 17:12:46+08:00,1217
2022-06-23 17:16:56+08:00,1217
2022-06-23 17:27:53+08:00,1033
2022-06-23 17:30:17+08:00,1033
2022-06-24 15:06:03+08:00,1222,1224
2022-06-24 18:27:27+08:00,1213
2022-06-24 19:57:20+08:00,1213
2022-06-27 10:35:23+08:00,1174,1142,1151,1166,1154,1160,705,1197,1141,1153,1161,1157,1101,1194,1146,1145,1148,1144,1173
2022-06-27 11:00:34+08:00,1166,1151,1165
2022-06-27 16:18:16+08:00,1084
2022-06-27 16:24:26+08:00,1182,1181,1180
2022-06-27 16:24:26+08:00,1180,1226,1165
2022-06-27 16:38:45+08:00,1226
2022-06-28 15:56:02+08:00,1217
2022-06-28 17:35:05+08:00,1227,1218,811
2022-06-28 18:59:32+08:00,1178
2022-06-28 18:59:41+08:00,1180,208,1182,1181,1228
2022-06-28 19:40:55+08:00,1218,1098
2022-06-29 11:24:25+08:00,1239,1231,1237,1235,1233,1229,1236,390,1238,1232,1234,1230,1224
2022-06-29 11:32:57+08:00,1223
